{
  "n": 50.0,
  "latency_ms_mean": 5252.317034979999,
  "latency_ms_std": 1468.4917877511737,
  "latency_ms_min": 2566.4984160000017,
  "latency_ms_max": 9442.095374999979,
  "latency_ms_p50": 5149.330167000002,
  "latency_ms_p95": 7970.2092287999885,
  "latency_ms_cv": 0.2795893275236699,
  "throughput_req_per_s": 0.1903865174292186,
  "accuracy_mean": 0.44,
  "accuracy_count": "22/50",
  "total_input_tokens": 10358,
  "total_output_tokens": 10338,
  "total_tokens": 20696,
  "electricity_kwh": 0.0036475505399305554,
  "electricity_cost_usd": 0.0010942651619791665,
  "hardware_amortization_usd": 0.012158501799768517,
  "total_compute_cost_usd": 0.013252766961747684,
  "memory_mb_initial": 129.875,
  "memory_mb_peak": 129.890625,
  "memory_mb_avg": 36.75694444444444,
  "cpu_percent_avg": 1.0105363984674325
}