{
  "n": 50.0,
  "latency_ms_mean": 518.5651833564043,
  "latency_ms_std": 167.28918704195942,
  "latency_ms_min": 297.3702170420438,
  "latency_ms_max": 972.9802329093218,
  "latency_ms_p50": 457.4713610345498,
  "latency_ms_p95": 782.0741413393989,
  "latency_ms_cv": 0.3226001135656332,
  "throughput_req_per_s": 1.9278017596520927,
  "accuracy_mean": 0.52,
  "accuracy_count": "26/50",
  "memory_mb_initial": 146.0,
  "memory_mb_peak": 146.0,
  "memory_mb_avg": 146.0,
  "cpu_percent_avg": 2.1153846153846154
}