{
  "n": 50.0,
  "latency_ms_mean": 364.03430479578674,
  "latency_ms_std": 145.497046973065,
  "latency_ms_min": 151.16840205155313,
  "latency_ms_max": 655.4713370278478,
  "latency_ms_p50": 347.1172529971227,
  "latency_ms_p95": 637.1196267544291,
  "latency_ms_cv": 0.3996794946418164,
  "throughput_req_per_s": 2.7446458410276158,
  "accuracy_mean": 0.5,
  "accuracy_count": "25/50",
  "avg_rouge1_f": 0.21982158261735776,
  "avg_rouge1_p": 0.16366742942680357,
  "avg_rouge1_r": 0.3870561513334613,
  "avg_rouge2_f": 0.05656068176528814,
  "avg_rouge2_p": 0.041799815937229284,
  "avg_rouge2_r": 0.10120773098546643,
  "avg_rougeL_f": 0.1566062476121769,
  "avg_rougeL_p": 0.11694117759894457,
  "avg_rougeL_r": 0.27368980733011905,
  "total_input_tokens": 12242,
  "total_output_tokens": 3459,
  "total_tokens": 15701,
  "electricity_kwh": 0.0017711250896002941,
  "electricity_cost_usd": 0.0005313375268800882,
  "hardware_amortization_usd": 0.010120714797715967,
  "total_compute_cost_usd": 0.010652052324596055,
  "memory_mb_initial": 141.0,
  "memory_mb_peak": 160.0,
  "memory_mb_avg": 159.48648648648648,
  "cpu_percent_avg": 1.2972972972972974,
  "gpu_info": {
    "gpu_count": 3,
    "gpus": [
      {
        "index": 0,
        "name": "NVIDIA H100 PCIe",
        "memory_total_mb": 81559.0,
        "memory_used_mb": 483.125,
        "memory_free_mb": 81075.875,
        "gpu_utilization_pct": 99,
        "memory_utilization_pct": 22
      },
      {
        "index": 1,
        "name": "NVIDIA H100 PCIe",
        "memory_total_mb": 81559.0,
        "memory_used_mb": 74730.6875,
        "memory_free_mb": 6828.3125,
        "gpu_utilization_pct": 0,
        "memory_utilization_pct": 0
      },
      {
        "index": 2,
        "name": "NVIDIA H100 PCIe",
        "memory_total_mb": 81559.0,
        "memory_used_mb": 483.125,
        "memory_free_mb": 81075.875,
        "gpu_utilization_pct": 0,
        "memory_utilization_pct": 0
      }
    ]
  },
  "gpu_after": {
    "gpu_count": 3,
    "gpus": [
      {
        "index": 0,
        "name": "NVIDIA H100 PCIe",
        "memory_total_mb": 81559.0,
        "memory_used_mb": 483.125,
        "memory_free_mb": 81075.875,
        "gpu_utilization_pct": 99,
        "memory_utilization_pct": 22
      },
      {
        "index": 1,
        "name": "NVIDIA H100 PCIe",
        "memory_total_mb": 81559.0,
        "memory_used_mb": 74730.6875,
        "memory_free_mb": 6828.3125,
        "gpu_utilization_pct": 0,
        "memory_utilization_pct": 0
      },
      {
        "index": 2,
        "name": "NVIDIA H100 PCIe",
        "memory_total_mb": 81559.0,
        "memory_used_mb": 483.125,
        "memory_free_mb": 81075.875,
        "gpu_utilization_pct": 0,
        "memory_utilization_pct": 0
      }
    ]
  }
}