{
  "n": 50.0,
  "latency_ms_mean": 357.48520554974675,
  "latency_ms_std": 140.51130489352389,
  "latency_ms_min": 157.2732850909233,
  "latency_ms_max": 660.9284409787506,
  "latency_ms_p50": 334.4448370626196,
  "latency_ms_p95": 653.8579267216846,
  "latency_ms_cv": 0.3930548809074301,
  "throughput_req_per_s": 2.7960121385357626,
  "accuracy_mean": 0.62,
  "accuracy_count": "31/50",
  "avg_rouge1_f": 0.22561204293161857,
  "avg_rouge1_p": 0.16805959474728246,
  "avg_rouge1_r": 0.3960055630754561,
  "avg_rouge2_f": 0.05613126529650811,
  "avg_rouge2_p": 0.04189195900916775,
  "avg_rouge2_r": 0.09892790757978488,
  "avg_rougeL_f": 0.15730631952793084,
  "avg_rougeL_p": 0.11801396579642426,
  "avg_rougeL_r": 0.2724012687056738,
  "memory_mb_initial": 148.0,
  "memory_mb_peak": 148.0,
  "memory_mb_avg": 148.0,
  "cpu_percent_avg": 2.5555555555555554,
  "electricity_kwh": 0.0017377753047557133,
  "electricity_cost_usd": 0.0005213325914267139,
  "hardware_amortization_usd": 0.009930144598604076,
  "total_compute_cost_usd": 0.01045147719003079
}
