{
  "n": 50.0,
  "latency_ms_mean": 1642.4031101000003,
  "latency_ms_std": 240.2609084014509,
  "latency_ms_min": 1126.7637920000057,
  "latency_ms_max": 2164.7368330000063,
  "latency_ms_p50": 1636.183583500003,
  "latency_ms_p95": 2018.8275437500013,
  "latency_ms_cv": 0.1462861991212512,
  "throughput_req_per_s": 0.6088448656235012,
  "accuracy_mean": 0.74,
  "accuracy_count": "37/50",
  "total_input_tokens": 6891,
  "total_output_tokens": 3083,
  "total_tokens": 9974,
  "electricity_kwh": 0.0011405934149305555,
  "electricity_cost_usd": 0.00034217802447916663,
  "hardware_amortization_usd": 0.0038019780497685184,
  "total_compute_cost_usd": 0.004144156074247685,
  "memory_mb_initial": 116.171875,
  "memory_mb_peak": 116.359375,
  "memory_mb_avg": 77.75133384146342,
  "cpu_percent_avg": 0.8567073170731709
}