,is_missing,missing_type,ground_truth
0,0,observed,
1,0,observed,
2,0,observed,
3,0,observed,
4,0,observed,
5,0,observed,
6,0,observed,
7,0,observed,
8,0,observed,
9,0,observed,
10,0,observed,
11,0,observed,
12,0,observed,
13,0,observed,
14,0,observed,
15,0,observed,
16,0,observed,
17,0,observed,
18,0,observed,
19,0,observed,
20,0,observed,
21,0,observed,
22,0,observed,
23,0,observed,
24,0,observed,
25,0,observed,
26,0,observed,
27,0,observed,
28,0,observed,
29,1,random,26
30,0,observed,
31,1,random,47
32,0,observed,
33,1,random,26
34,0,observed,
35,1,random,27
36,0,observed,
37,0,observed,
38,0,observed,
39,1,random,25
40,0,observed,
41,0,observed,
42,0,observed,
43,0,observed,
44,1,mnar,33
45,0,observed,
46,0,observed,
47,0,observed,
48,0,observed,
49,0,observed,
50,0,observed,
51,0,observed,
52,0,observed,
53,0,observed,
54,1,mnar,47
55,0,observed,
56,0,observed,
57,0,observed,
58,0,observed,
59,0,observed,
60,1,mnar,77
61,0,observed,
62,0,observed,
63,0,observed,
64,0,observed,
65,0,observed,
66,0,observed,
67,0,observed,
68,0,observed,
69,0,observed,
70,0,observed,
71,0,observed,
72,1,mnar,41
73,0,observed,
74,0,observed,
75,0,observed,
76,0,observed,
77,0,observed,
78,0,observed,
79,0,observed,
80,1,random,42
81,0,observed,
82,0,observed,
83,0,observed,
84,0,observed,
85,0,observed,
86,0,observed,
87,0,observed,
88,0,observed,
89,0,observed,
90,0,observed,
91,0,observed,
92,0,observed,
93,0,observed,
94,0,observed,
95,0,observed,
96,1,random,31
97,0,observed,
98,0,observed,
99,0,observed,
100,1,mnar,52
101,0,observed,
102,0,observed,
103,0,observed,
104,0,observed,
105,0,observed,
106,1,random,21
107,1,random,27
108,0,observed,
109,0,observed,
110,0,observed,
111,0,observed,
112,0,observed,
113,0,observed,
114,0,observed,
115,0,observed,
116,0,observed,
117,0,observed,
118,0,observed,
119,1,random,21
120,0,observed,
121,1,mnar,46
122,0,observed,
123,0,observed,
124,0,observed,
125,0,observed,
126,0,observed,
127,0,observed,
128,1,mnar,43
129,0,observed,
130,0,observed,
131,0,observed,
132,0,observed,
133,0,observed,
134,0,observed,
135,1,mnar,33
136,0,observed,
137,0,observed,
138,0,observed,
139,0,observed,
140,0,observed,
141,0,observed,
142,0,observed,
143,0,observed,
144,0,observed,
145,0,observed,
146,0,observed,
147,0,observed,
148,0,observed,
149,0,observed,
150,0,observed,
151,1,mnar,37
152,1,mnar,40
153,1,mnar,41
154,0,observed,
155,0,observed,
156,0,observed,
157,0,observed,
158,0,observed,
159,0,observed,
160,0,observed,
161,0,observed,
162,0,observed,
163,0,observed,
164,0,observed,
165,1,mnar,34
166,0,observed,
167,0,observed,
168,0,observed,
169,0,observed,
170,0,observed,
171,0,observed,
172,0,observed,
173,0,observed,
174,0,observed,
175,0,observed,
176,0,observed,
177,0,observed,
178,0,observed,
179,0,observed,
180,0,observed,
181,0,observed,
182,0,observed,
183,0,observed,
184,0,observed,
185,0,observed,
186,0,observed,
187,0,observed,
188,1,mnar,42
189,0,observed,
190,0,observed,
191,0,observed,
192,0,observed,
193,0,observed,
194,0,observed,
195,0,observed,
196,0,observed,
197,0,observed,
198,0,observed,
199,0,observed,
200,0,observed,
201,0,observed,
202,0,observed,
203,0,observed,
204,0,observed,
205,0,observed,
206,1,mnar,39
207,0,observed,
208,0,observed,
209,1,mnar,38
210,0,observed,
211,0,observed,
212,0,observed,
213,0,observed,
214,1,mnar,32
215,0,observed,
216,0,observed,
217,0,observed,
218,0,observed,
219,0,observed,
220,0,observed,
221,0,observed,
222,0,observed,
223,0,observed,
224,0,observed,
225,0,observed,
226,0,observed,
227,0,observed,
228,0,observed,
229,0,observed,
230,0,observed,
231,1,mnar,53
232,0,observed,
233,0,observed,
234,0,observed,
235,0,observed,
236,0,observed,
237,1,mnar,42
238,0,observed,
239,0,observed,
240,0,observed,
241,0,observed,
242,0,observed,
243,0,observed,
244,0,observed,
245,0,observed,
246,0,observed,
247,0,observed,
248,0,observed,
249,1,mnar,43
250,0,observed,
251,1,random,43
252,0,observed,
253,0,observed,
254,0,observed,
255,0,observed,
256,0,observed,
257,0,observed,
258,0,observed,
259,1,random,34
260,0,observed,
261,0,observed,
262,0,observed,
263,1,mnar,52
264,0,observed,
265,0,observed,
266,0,observed,
267,0,observed,
268,0,observed,
269,0,observed,
270,0,observed,
271,0,observed,
272,0,observed,
273,0,observed,
274,0,observed,
275,0,observed,
276,0,observed,
277,1,mnar,41
278,0,observed,
279,0,observed,
280,0,observed,
281,0,observed,
282,0,observed,
283,0,observed,
284,0,observed,
285,0,observed,
286,0,observed,
287,1,mnar,42
288,0,observed,
289,0,observed,
290,0,observed,
291,0,observed,
292,0,observed,
293,0,observed,
294,0,observed,
295,0,observed,
296,1,mnar,32
297,0,observed,
298,0,observed,
299,0,observed,
300,0,observed,
301,0,observed,
302,0,observed,
303,0,observed,
304,1,random,23
305,0,observed,
306,0,observed,
307,0,observed,
308,0,observed,
309,0,observed,
310,0,observed,
311,1,random,27
312,0,observed,
313,0,observed,
314,0,observed,
315,0,observed,
316,0,observed,
317,0,observed,
318,0,observed,
319,0,observed,
320,0,observed,
321,1,random,22
322,0,observed,
323,0,observed,
324,0,observed,
325,0,observed,
326,0,observed,
327,0,observed,
328,0,observed,
329,0,observed,
330,0,observed,
331,0,observed,
332,0,observed,
333,0,observed,
334,0,observed,
335,0,observed,
336,0,observed,
337,0,observed,
338,0,observed,
339,0,observed,
340,0,observed,
341,0,observed,
342,0,observed,
343,0,observed,
344,0,observed,
345,0,observed,
346,0,observed,
347,0,observed,
348,1,mnar,38
349,0,observed,
350,0,observed,
351,0,observed,
352,0,observed,
353,0,observed,
354,0,observed,
355,0,observed,
356,0,observed,
357,0,observed,
358,0,observed,
359,0,observed,
360,1,random,28
361,0,observed,
362,0,observed,
363,0,observed,
364,0,observed,
365,0,observed,
366,0,observed,
367,0,observed,
368,0,observed,
369,1,mnar,30
370,0,observed,
371,0,observed,
372,0,observed,
373,0,observed,
374,0,observed,
375,0,observed,
376,0,observed,
377,0,observed,
378,0,observed,
379,0,observed,
380,0,observed,
381,0,observed,
382,1,mnar,30
383,0,observed,
384,0,observed,
385,0,observed,
386,0,observed,
387,0,observed,
388,1,mnar,38
389,0,observed,
390,0,observed,
391,1,mnar,31
392,0,observed,
393,0,observed,
394,0,observed,
395,0,observed,
396,0,observed,
397,0,observed,
398,1,mnar,37
399,0,observed,
400,0,observed,
401,0,observed,
402,0,observed,
403,0,observed,
404,0,observed,
405,0,observed,
406,0,observed,
407,0,observed,
408,0,observed,
409,0,observed,
410,1,mnar,38
411,0,observed,
412,0,observed,
413,0,observed,
414,0,observed,
415,0,observed,
416,1,random,20
417,0,observed,
418,0,observed,
419,1,mnar,36
420,0,observed,
421,0,observed,
422,0,observed,
423,0,observed,
424,0,observed,
425,1,mnar,41
426,0,observed,
427,0,observed,
428,0,observed,
429,0,observed,
430,0,observed,
431,0,observed,
432,0,observed,
433,0,observed,
434,0,observed,
435,0,observed,
436,0,observed,
437,0,observed,
438,0,observed,
439,1,random,37
440,0,observed,
441,0,observed,
442,0,observed,
443,0,observed,
444,1,mnar,41
445,0,observed,
446,0,observed,
447,0,observed,
448,0,observed,
449,0,observed,
450,0,observed,
451,0,observed,
452,0,observed,
453,0,observed,
454,0,observed,
455,0,observed,
456,0,observed,
457,0,observed,
458,0,observed,
459,0,observed,
460,0,observed,
461,0,observed,
462,0,observed,
463,0,observed,
464,0,observed,
465,0,observed,
466,0,observed,
467,0,observed,
468,1,mnar,47
469,0,observed,
470,0,observed,
471,0,observed,
472,1,mnar,30
473,0,observed,
474,0,observed,
475,0,observed,
476,0,observed,
477,0,observed,
478,0,observed,
479,0,observed,
480,0,observed,
481,0,observed,
482,0,observed,
483,0,observed,
484,0,observed,
485,0,observed,
486,0,observed,
487,1,random,30
488,0,observed,
489,1,mnar,33
490,0,observed,
491,1,mnar,42
492,0,observed,
493,0,observed,
494,0,observed,
495,0,observed,
496,0,observed,
497,0,observed,
498,0,observed,
499,0,observed,
500,0,observed,
501,0,observed,
502,0,observed,
503,0,observed,
504,0,observed,
505,0,observed,
506,0,observed,
507,0,observed,
508,0,observed,
509,0,observed,
510,1,random,28
511,0,observed,
512,0,observed,
513,0,observed,
514,0,observed,
515,0,observed,
516,0,observed,
517,0,observed,
518,1,random,21
519,0,observed,
520,0,observed,
521,0,observed,
522,0,observed,
523,0,observed,
524,0,observed,
525,0,observed,
526,0,observed,
527,0,observed,
528,0,observed,
529,0,observed,
530,0,observed,
531,0,observed,
532,0,observed,
533,0,observed,
534,0,observed,
535,0,observed,
536,0,observed,
537,0,observed,
538,0,observed,
539,0,observed,
540,0,observed,
541,0,observed,
542,0,observed,
543,0,observed,
544,0,observed,
545,0,observed,
546,0,observed,
547,0,observed,
548,0,observed,
549,0,observed,
550,0,observed,
551,0,observed,
552,0,observed,
553,0,observed,
554,0,observed,
555,0,observed,
556,0,observed,
557,0,observed,
558,0,observed,
559,1,mnar,31
560,0,observed,
561,1,mnar,38
562,0,observed,
563,0,observed,
564,0,observed,
565,0,observed,
566,0,observed,
567,0,observed,
568,0,observed,
569,0,observed,
570,0,observed,
571,0,observed,
572,0,observed,
573,0,observed,
574,0,observed,
575,0,observed,
576,1,random,27
577,0,observed,
578,0,observed,
579,0,observed,
580,0,observed,
581,0,observed,
582,1,random,23
583,0,observed,
584,0,observed,
585,0,observed,
586,0,observed,
587,0,observed,
588,0,observed,
589,0,observed,
590,0,observed,
591,0,observed,
592,0,observed,
593,0,observed,
594,0,observed,
595,0,observed,
596,0,observed,
597,0,observed,
598,0,observed,
599,0,observed,
600,1,mnar,30
601,0,observed,
602,0,observed,
603,0,observed,
604,0,observed,
605,0,observed,
606,0,observed,
607,1,mnar,33
608,0,observed,
609,0,observed,
610,0,observed,
611,0,observed,
612,0,observed,
613,0,observed,
614,0,observed,
615,0,observed,
616,0,observed,
617,1,mnar,33
618,1,mnar,39
619,1,mnar,37
620,0,observed,
621,1,random,34
622,0,observed,
623,0,observed,
624,0,observed,
625,0,observed,
626,0,observed,
627,0,observed,
628,0,observed,
629,0,observed,
630,0,observed,
631,0,observed,
632,0,observed,
633,0,observed,
634,0,observed,
635,0,observed,
636,0,observed,
637,0,observed,
638,0,observed,
639,0,observed,
640,0,observed,
641,0,observed,
642,0,observed,
643,0,observed,
644,1,mnar,41
645,0,observed,
646,0,observed,
647,0,observed,
648,0,observed,
649,0,observed,
650,0,observed,
651,0,observed,
652,0,observed,
653,0,observed,
654,0,observed,
655,0,observed,
656,0,observed,
657,0,observed,
658,0,observed,
659,0,observed,
660,0,observed,
661,0,observed,
662,0,observed,
663,0,observed,
664,0,observed,
665,0,observed,
666,0,observed,
667,0,observed,
668,0,observed,
669,0,observed,
670,0,observed,
671,1,mnar,30
672,0,observed,
673,0,observed,
674,0,observed,
675,0,observed,
676,0,observed,
677,1,mnar,36
678,0,observed,
679,0,observed,
680,0,observed,
681,0,observed,
682,0,observed,
683,0,observed,
684,0,observed,
685,0,observed,
686,0,observed,
687,0,observed,
688,0,observed,
689,0,observed,
690,1,mnar,44
691,0,observed,
692,0,observed,
693,1,mnar,37
694,0,observed,
695,0,observed,
696,0,observed,
697,0,observed,
698,0,observed,
699,0,observed,
700,0,observed,
701,0,observed,
702,1,mnar,44
703,1,mnar,45
704,0,observed,
705,0,observed,
706,0,observed,
707,0,observed,
708,0,observed,
709,0,observed,
710,0,observed,
711,1,mnar,55
712,0,observed,
713,1,random,29
714,0,observed,
715,0,observed,
716,0,observed,
717,1,mnar,30
718,0,observed,
719,0,observed,
720,0,observed,
721,0,observed,
722,0,observed,
723,1,mnar,73
724,0,observed,
725,0,observed,
726,0,observed,
727,0,observed,
728,0,observed,
729,0,observed,
730,1,mnar,32
731,0,observed,
732,0,observed,
733,0,observed,
734,0,observed,
735,1,random,27
736,0,observed,
737,0,observed,
738,0,observed,
739,0,observed,
740,0,observed,
741,0,observed,
742,0,observed,
743,0,observed,
744,0,observed,
745,0,observed,
746,0,observed,
747,0,observed,
748,0,observed,
749,1,mnar,34
750,0,observed,
751,1,mnar,35
752,0,observed,
753,0,observed,
754,0,observed,
755,0,observed,
756,0,observed,
757,0,observed,
758,0,observed,
759,0,observed,
760,0,observed,
761,0,observed,
762,1,mnar,39
763,0,observed,
764,1,random,38
765,1,random,26
766,0,observed,
767,1,mnar,35
768,0,observed,
769,0,observed,
770,0,observed,
771,0,observed,
772,0,observed,
773,0,observed,
774,0,observed,
775,0,observed,
776,0,observed,
777,0,observed,
778,0,observed,
779,0,observed,
780,0,observed,
781,0,observed,
782,0,observed,
783,0,observed,
784,0,observed,
785,0,observed,
786,0,observed,
787,0,observed,
788,0,observed,
789,0,observed,
790,0,observed,
791,0,observed,
792,0,observed,
793,1,mnar,35
794,1,mnar,77
795,0,observed,
796,1,mnar,36
797,0,observed,
798,0,observed,
799,1,random,25
800,0,observed,
801,0,observed,
802,0,observed,
803,0,observed,
804,0,observed,
805,0,observed,
806,0,observed,
807,0,observed,
808,0,observed,
809,0,observed,
810,0,observed,
811,1,mnar,41
812,0,observed,
813,0,observed,
814,0,observed,
815,0,observed,
816,0,observed,
817,0,observed,
818,0,observed,
819,0,observed,
820,1,mnar,58
821,0,observed,
822,0,observed,
823,0,observed,
824,0,observed,
825,0,observed,
826,0,observed,
827,0,observed,
828,0,observed,
829,0,observed,
830,0,observed,
831,1,mnar,42
832,1,mnar,44
833,1,mnar,60
834,0,observed,
835,1,mnar,43
836,0,observed,
837,0,observed,
838,0,observed,
839,0,observed,
840,0,observed,
841,0,observed,
842,0,observed,
843,0,observed,
844,0,observed,
845,0,observed,
846,0,observed,
847,1,mnar,43
848,0,observed,
849,0,observed,
850,0,observed,
851,0,observed,
852,0,observed,
853,0,observed,
854,0,observed,
855,0,observed,
856,1,mnar,49
857,0,observed,
858,0,observed,
859,0,observed,
860,0,observed,
861,0,observed,
862,0,observed,
863,0,observed,
864,0,observed,
865,1,mnar,40
866,0,observed,
867,0,observed,
868,1,mnar,43
869,0,observed,
870,0,observed,
871,0,observed,
872,0,observed,
873,0,observed,
874,0,observed,
875,0,observed,
876,0,observed,
877,0,observed,
878,0,observed,
879,1,mnar,47
880,0,observed,
881,0,observed,
882,0,observed,
883,0,observed,
884,1,mnar,41
885,0,observed,
886,0,observed,
887,0,observed,
888,0,observed,
889,0,observed,
890,0,observed,
891,0,observed,
892,0,observed,
893,1,mnar,36
894,0,observed,
895,0,observed,
896,0,observed,
897,0,observed,
898,0,observed,
899,0,observed,
900,0,observed,
901,0,observed,
902,0,observed,
903,0,observed,
904,0,observed,
905,0,observed,
906,0,observed,
907,0,observed,
908,0,observed,
909,0,observed,
910,0,observed,
911,0,observed,
912,0,observed,
913,0,observed,
914,0,observed,
915,0,observed,
916,0,observed,
917,0,observed,
918,0,observed,
919,0,observed,
920,0,observed,
921,0,observed,
922,0,observed,
923,0,observed,
924,0,observed,
925,0,observed,
926,0,observed,
927,0,observed,
928,0,observed,
929,0,observed,
930,0,observed,
931,0,observed,
932,0,observed,
933,0,observed,
934,0,observed,
935,1,mnar,43
936,0,observed,
937,0,observed,
938,0,observed,
939,0,observed,
940,1,mnar,37
941,0,observed,
942,0,observed,
943,0,observed,
944,0,observed,
945,0,observed,
946,0,observed,
947,0,observed,
948,0,observed,
949,1,mnar,30
950,0,observed,
951,0,observed,
952,1,random,28
953,0,observed,
954,0,observed,
955,0,observed,
956,0,observed,
957,0,observed,
958,1,random,24
959,0,observed,
960,0,observed,
961,0,observed,
962,0,observed,
963,0,observed,
964,0,observed,
965,0,observed,
966,0,observed,
967,0,observed,
968,0,observed,
969,1,mnar,40
970,1,random,23
971,1,random,28
972,0,observed,
973,0,observed,
974,0,observed,
975,0,observed,
976,0,observed,
977,0,observed,
978,0,observed,
979,0,observed,
980,0,observed,
981,1,mnar,39
982,1,mnar,36
983,0,observed,
984,1,mnar,30
985,0,observed,
986,0,observed,
987,0,observed,
988,0,observed,
989,0,observed,
990,1,mnar,50
991,0,observed,
992,0,observed,
993,1,random,39
994,0,observed,
995,0,observed,
996,0,observed,
997,0,observed,
998,1,mnar,40
999,0,observed,
1000,0,observed,
1001,0,observed,
1002,0,observed,
1003,0,observed,
1004,0,observed,
1005,0,observed,
1006,0,observed,
1007,0,observed,
1008,0,observed,
1009,0,observed,
1010,0,observed,
1011,0,observed,
1012,0,observed,
1013,0,observed,
1014,0,observed,
1015,0,observed,
1016,0,observed,
1017,0,observed,
1018,0,observed,
1019,0,observed,
1020,0,observed,
1021,0,observed,
1022,0,observed,
1023,0,observed,
1024,0,observed,
1025,0,observed,
1026,0,observed,
1027,0,observed,
1028,0,observed,
1029,0,observed,
1030,0,observed,
1031,0,observed,
1032,0,observed,
1033,1,mnar,36
1034,0,observed,
1035,0,observed,
1036,0,observed,
1037,0,observed,
1038,0,observed,
1039,0,observed,
1040,0,observed,
1041,0,observed,
1042,0,observed,
1043,0,observed,
1044,0,observed,
1045,0,observed,
1046,0,observed,
1047,0,observed,
1048,1,mnar,47
1049,0,observed,
1050,0,observed,
1051,0,observed,
1052,0,observed,
1053,0,observed,
1054,0,observed,
1055,0,observed,
1056,1,random,30
1057,0,observed,
1058,0,observed,
1059,0,observed,
1060,0,observed,
1061,0,observed,
1062,0,observed,
1063,0,observed,
1064,1,mnar,33
1065,0,observed,
1066,0,observed,
1067,0,observed,
1068,1,random,23
1069,0,observed,
1070,0,observed,
1071,0,observed,
1072,0,observed,
1073,0,observed,
1074,0,observed,
1075,0,observed,
1076,0,observed,
1077,0,observed,
1078,0,observed,
1079,1,mnar,30
1080,0,observed,
1081,0,observed,
1082,1,mnar,46
1083,0,observed,
1084,0,observed,
1085,1,mnar,46
1086,0,observed,
1087,0,observed,
1088,0,observed,
1089,0,observed,
1090,0,observed,
1091,0,observed,
1092,0,observed,
1093,0,observed,
1094,0,observed,
1095,0,observed,
1096,0,observed,
1097,1,mnar,42
1098,0,observed,
1099,0,observed,
1100,0,observed,
1101,1,mnar,31
1102,0,observed,
1103,1,mnar,33
1104,0,observed,
1105,0,observed,
1106,0,observed,
1107,0,observed,
1108,0,observed,
1109,0,observed,
1110,0,observed,
1111,0,observed,
1112,1,random,47
1113,0,observed,
1114,0,observed,
1115,0,observed,
1116,1,mnar,40
1117,0,observed,
1118,1,mnar,46
1119,0,observed,
1120,0,observed,
1121,0,observed,
1122,0,observed,
1123,1,random,25
1124,1,mnar,31
1125,0,observed,
1126,0,observed,
1127,0,observed,
1128,0,observed,
1129,0,observed,
1130,0,observed,
1131,0,observed,
1132,0,observed,
1133,0,observed,
1134,1,mnar,37
1135,0,observed,
1136,0,observed,
1137,0,observed,
1138,1,mnar,43
1139,0,observed,
1140,0,observed,
1141,0,observed,
1142,0,observed,
1143,0,observed,
1144,0,observed,
1145,0,observed,
1146,1,mnar,30
1147,0,observed,
1148,0,observed,
1149,0,observed,
1150,0,observed,
1151,0,observed,
1152,0,observed,
1153,0,observed,
1154,0,observed,
1155,0,observed,
1156,0,observed,
1157,0,observed,
1158,0,observed,
1159,0,observed,
1160,1,mnar,31
1161,0,observed,
1162,0,observed,
1163,0,observed,
1164,0,observed,
1165,0,observed,
1166,0,observed,
1167,0,observed,
1168,0,observed,
1169,0,observed,
1170,0,observed,
1171,0,observed,
1172,0,observed,
1173,0,observed,
1174,0,observed,
1175,0,observed,
1176,0,observed,
1177,0,observed,
1178,0,observed,
1179,0,observed,
1180,0,observed,
1181,0,observed,
1182,0,observed,
1183,0,observed,
1184,0,observed,
1185,0,observed,
1186,0,observed,
1187,0,observed,
1188,1,random,17
1189,0,observed,
1190,0,observed,
1191,0,observed,
1192,0,observed,
1193,0,observed,
1194,0,observed,
1195,0,observed,
1196,0,observed,
1197,0,observed,
1198,0,observed,
1199,0,observed,
1200,0,observed,
1201,0,observed,
1202,0,observed,
1203,0,observed,
1204,0,observed,
1205,1,mnar,49
1206,0,observed,
1207,0,observed,
1208,0,observed,
1209,0,observed,
1210,0,observed,
1211,0,observed,
1212,0,observed,
1213,0,observed,
1214,0,observed,
1215,0,observed,
1216,0,observed,
1217,0,observed,
1218,0,observed,
1219,0,observed,
1220,0,observed,
1221,0,observed,
1222,0,observed,
1223,0,observed,
1224,1,random,43
1225,0,observed,
1226,0,observed,
1227,0,observed,
1228,0,observed,
1229,0,observed,
1230,0,observed,
1231,0,observed,
1232,0,observed,
1233,0,observed,
1234,0,observed,
1235,0,observed,
1236,0,observed,
1237,0,observed,
1238,0,observed,
1239,0,observed,
1240,0,observed,
1241,0,observed,
1242,0,observed,
1243,0,observed,
1244,0,observed,
1245,0,observed,
1246,0,observed,
1247,1,random,36
1248,1,mnar,36
1249,0,observed,
1250,0,observed,
1251,1,mnar,32
1252,0,observed,
1253,0,observed,
1254,1,mnar,33
1255,1,mnar,39
1256,0,observed,
1257,0,observed,
1258,0,observed,
1259,0,observed,
1260,0,observed,
1261,1,random,22
1262,0,observed,
1263,0,observed,
1264,0,observed,
1265,0,observed,
1266,0,observed,
1267,1,mnar,57
1268,0,observed,
1269,0,observed,
1270,0,observed,
1271,0,observed,
1272,0,observed,
1273,0,observed,
1274,0,observed,
1275,0,observed,
1276,0,observed,
1277,0,observed,
1278,0,observed,
1279,0,observed,
1280,0,observed,
1281,1,mnar,37
1282,0,observed,
1283,0,observed,
1284,0,observed,
1285,0,observed,
1286,0,observed,
1287,0,observed,
1288,0,observed,
1289,0,observed,
1290,0,observed,
1291,0,observed,
1292,0,observed,
1293,0,observed,
1294,0,observed,
1295,0,observed,
1296,0,observed,
1297,0,observed,
1298,0,observed,
1299,0,observed,
1300,0,observed,
1301,0,observed,
1302,0,observed,
1303,0,observed,
1304,0,observed,
1305,0,observed,
1306,0,observed,
1307,1,mnar,36
1308,0,observed,
1309,0,observed,
1310,0,observed,
1311,0,observed,
1312,0,observed,
1313,0,observed,
1314,0,observed,
1315,1,random,27
1316,0,observed,
1317,0,observed,
1318,0,observed,
1319,1,mnar,30
1320,0,observed,
1321,0,observed,
1322,0,observed,
1323,0,observed,
1324,0,observed,
1325,0,observed,
1326,0,observed,
1327,0,observed,
1328,0,observed,
1329,0,observed,
1330,1,mnar,30
1331,0,observed,
1332,0,observed,
1333,0,observed,
1334,0,observed,
1335,0,observed,
1336,0,observed,
1337,0,observed,
1338,0,observed,
1339,0,observed,
1340,0,observed,
1341,0,observed,
1342,0,observed,
1343,0,observed,
1344,0,observed,
1345,0,observed,
1346,0,observed,
1347,1,random,24
1348,0,observed,
1349,0,observed,
1350,0,observed,
1351,0,observed,
1352,0,observed,
1353,0,observed,
1354,0,observed,
1355,0,observed,
1356,0,observed,
1357,0,observed,
1358,0,observed,
1359,0,observed,
1360,1,mnar,38
1361,0,observed,
1362,0,observed,
1363,0,observed,
1364,0,observed,
1365,0,observed,
1366,0,observed,
1367,1,mnar,34
1368,0,observed,
1369,0,observed,
1370,0,observed,
1371,0,observed,
1372,0,observed,
1373,1,random,30
1374,0,observed,
1375,0,observed,
1376,0,observed,
1377,0,observed,
1378,0,observed,
1379,0,observed,
1380,0,observed,
1381,0,observed,
1382,0,observed,
1383,0,observed,
1384,1,mnar,34
1385,0,observed,
1386,0,observed,
1387,0,observed,
1388,0,observed,
1389,0,observed,
1390,0,observed,
1391,0,observed,
1392,1,mnar,46
1393,0,observed,
1394,1,mnar,33
1395,0,observed,
1396,0,observed,
1397,1,mnar,30
1398,0,observed,
1399,0,observed,
1400,0,observed,
1401,0,observed,
1402,0,observed,
1403,0,observed,
1404,0,observed,
1405,0,observed,
1406,0,observed,
1407,0,observed,
1408,0,observed,
1409,0,observed,
1410,0,observed,
1411,0,observed,
1412,0,observed,
1413,1,mnar,38
1414,0,observed,
1415,0,observed,
1416,0,observed,
1417,0,observed,
1418,0,observed,
1419,0,observed,
1420,0,observed,
1421,0,observed,
1422,0,observed,
1423,0,observed,
1424,0,observed,
1425,0,observed,
1426,0,observed,
1427,0,observed,
1428,0,observed,
1429,0,observed,
1430,0,observed,
1431,0,observed,
1432,0,observed,
1433,0,observed,
1434,0,observed,
1435,0,observed,
1436,0,observed,
1437,0,observed,
1438,0,observed,
1439,0,observed,
1440,0,observed,
1441,0,observed,
1442,0,observed,
1443,0,observed,
1444,0,observed,
1445,0,observed,
1446,0,observed,
1447,0,observed,
1448,0,observed,
1449,0,observed,
1450,0,observed,
1451,1,mnar,44
1452,0,observed,
1453,0,observed,
1454,0,observed,
1455,0,observed,
1456,0,observed,
1457,0,observed,
1458,0,observed,
1459,1,mnar,33
1460,0,observed,
1461,0,observed,
1462,0,observed,
1463,0,observed,
1464,0,observed,
1465,0,observed,
1466,0,observed,
1467,0,observed,
1468,0,observed,
1469,0,observed,
1470,0,observed,
1471,0,observed,
1472,0,observed,
1473,0,observed,
1474,0,observed,
1475,0,observed,
1476,0,observed,
1477,0,observed,
1478,0,observed,
1479,0,observed,
1480,0,observed,
1481,0,observed,
1482,0,observed,
1483,0,observed,
1484,0,observed,
1485,0,observed,
1486,1,mnar,38
1487,0,observed,
1488,0,observed,
1489,0,observed,
1490,0,observed,
1491,0,observed,
1492,0,observed,
1493,0,observed,
1494,0,observed,
1495,0,observed,
1496,0,observed,
1497,0,observed,
1498,0,observed,
1499,0,observed,
1500,1,mnar,40
1501,0,observed,
1502,0,observed,
1503,0,observed,
1504,0,observed,
1505,0,observed,
1506,0,observed,
1507,0,observed,
1508,0,observed,
1509,1,random,27
1510,0,observed,
1511,0,observed,
1512,1,random,20
1513,1,random,24
1514,0,observed,
1515,0,observed,
1516,0,observed,
1517,0,observed,
1518,0,observed,
1519,0,observed,
1520,0,observed,
1521,0,observed,
1522,1,mnar,33
1523,0,observed,
1524,0,observed,
1525,0,observed,
1526,0,observed,
1527,0,observed,
1528,0,observed,
1529,0,observed,
1530,0,observed,
1531,0,observed,
1532,0,observed,
1533,0,observed,
1534,0,observed,
1535,0,observed,
1536,0,observed,
1537,0,observed,
1538,0,observed,
1539,0,observed,
1540,0,observed,
1541,0,observed,
1542,1,mnar,33
1543,0,observed,
1544,0,observed,
1545,0,observed,
1546,0,observed,
1547,0,observed,
1548,0,observed,
1549,0,observed,
1550,0,observed,
1551,1,mnar,40
1552,0,observed,
1553,0,observed,
1554,0,observed,
1555,0,observed,
1556,0,observed,
1557,0,observed,
1558,0,observed,
1559,1,mnar,38
1560,0,observed,
1561,0,observed,
1562,0,observed,
1563,0,observed,
1564,0,observed,
1565,0,observed,
1566,0,observed,
1567,0,observed,
1568,0,observed,
1569,0,observed,
1570,0,observed,
1571,0,observed,
1572,1,mnar,30
1573,0,observed,
1574,0,observed,
1575,0,observed,
1576,0,observed,
1577,0,observed,
1578,0,observed,
1579,0,observed,
1580,0,observed,
1581,0,observed,
1582,0,observed,
1583,0,observed,
1584,1,mnar,55
1585,1,mnar,33
1586,0,observed,
1587,0,observed,
1588,0,observed,
1589,0,observed,
1590,0,observed,
1591,0,observed,
1592,0,observed,
1593,0,observed,
1594,0,observed,
1595,1,mnar,33
1596,0,observed,
1597,0,observed,
1598,0,observed,
1599,0,observed,
1600,0,observed,
1601,0,observed,
1602,0,observed,
1603,0,observed,
1604,0,observed,
1605,0,observed,
1606,0,observed,
1607,0,observed,
1608,0,observed,
1609,0,observed,
1610,0,observed,
1611,0,observed,
1612,0,observed,
1613,0,observed,
1614,0,observed,
1615,0,observed,
1616,0,observed,
1617,0,observed,
1618,0,observed,
1619,0,observed,
1620,0,observed,
1621,0,observed,
1622,0,observed,
1623,0,observed,
1624,0,observed,
1625,0,observed,
1626,0,observed,
1627,0,observed,
1628,0,observed,
1629,0,observed,
1630,1,mnar,53
1631,1,mnar,47
1632,0,observed,
1633,0,observed,
1634,0,observed,
1635,0,observed,
1636,0,observed,
1637,0,observed,
1638,0,observed,
1639,0,observed,
1640,1,mnar,33
1641,0,observed,
1642,1,mnar,30
1643,0,observed,
1644,0,observed,
1645,0,observed,
1646,0,observed,
1647,0,observed,
1648,0,observed,
1649,0,observed,
1650,0,observed,
1651,1,mnar,30
1652,0,observed,
1653,0,observed,
1654,0,observed,
1655,0,observed,
1656,1,mnar,35
1657,0,observed,
1658,0,observed,
1659,0,observed,
1660,0,observed,
1661,0,observed,
1662,1,mnar,34
1663,0,observed,
1664,0,observed,
1665,0,observed,
1666,0,observed,
1667,0,observed,
1668,0,observed,
1669,1,mnar,44
1670,0,observed,
1671,1,mnar,61
1672,0,observed,
1673,0,observed,
1674,0,observed,
1675,0,observed,
1676,0,observed,
1677,0,observed,
1678,0,observed,
1679,1,mnar,39
1680,0,observed,
1681,0,observed,
1682,0,observed,
1683,0,observed,
1684,0,observed,
1685,0,observed,
1686,1,mnar,35
1687,0,observed,
1688,0,observed,
1689,1,mnar,47
1690,0,observed,
1691,0,observed,
1692,0,observed,
1693,0,observed,
1694,0,observed,
1695,1,mnar,34
1696,0,observed,
1697,1,mnar,43
1698,0,observed,
1699,0,observed,
1700,0,observed,
1701,0,observed,
1702,1,mnar,59
1703,0,observed,
1704,0,observed,
1705,0,observed,
1706,0,observed,
1707,0,observed,
1708,0,observed,
1709,1,mnar,48
1710,0,observed,
1711,0,observed,
1712,1,mnar,41
1713,0,observed,
1714,0,observed,
1715,0,observed,
1716,1,mnar,40
1717,0,observed,
1718,0,observed,
1719,0,observed,
1720,0,observed,
1721,0,observed,
1722,0,observed,
1723,0,observed,
1724,0,observed,
1725,0,observed,
1726,0,observed,
1727,0,observed,
1728,0,observed,
1729,0,observed,
1730,0,observed,
1731,1,random,32
1732,0,observed,
1733,0,observed,
1734,0,observed,
1735,0,observed,
1736,0,observed,
1737,0,observed,
1738,0,observed,
1739,0,observed,
1740,0,observed,
1741,0,observed,
1742,0,observed,
1743,0,observed,
1744,0,observed,
1745,0,observed,
1746,0,observed,
1747,0,observed,
1748,0,observed,
1749,0,observed,
1750,0,observed,
1751,0,observed,
1752,0,observed,
1753,0,observed,
1754,0,observed,
1755,0,observed,
1756,0,observed,
1757,0,observed,
1758,0,observed,
1759,0,observed,
1760,1,random,27
1761,0,observed,
1762,0,observed,
1763,0,observed,
1764,0,observed,
1765,1,mnar,42
1766,0,observed,
1767,0,observed,
1768,0,observed,
1769,0,observed,
1770,0,observed,
1771,0,observed,
1772,0,observed,
1773,0,observed,
1774,0,observed,
1775,0,observed,
1776,0,observed,
1777,0,observed,
1778,0,observed,
1779,0,observed,
1780,0,observed,
1781,0,observed,
1782,0,observed,
1783,0,observed,
1784,0,observed,
1785,0,observed,
1786,0,observed,
1787,0,observed,
1788,0,observed,
1789,0,observed,
1790,0,observed,
1791,0,observed,
1792,0,observed,
1793,0,observed,
1794,0,observed,
1795,0,observed,
1796,0,observed,
1797,0,observed,
1798,0,observed,
1799,0,observed,
1800,0,observed,
1801,1,mnar,37
1802,0,observed,
1803,0,observed,
1804,0,observed,
1805,0,observed,
1806,0,observed,
1807,0,observed,
1808,0,observed,
1809,0,observed,
1810,0,observed,
1811,1,mnar,37
1812,0,observed,
1813,0,observed,
1814,0,observed,
1815,0,observed,
1816,0,observed,
1817,0,observed,
1818,0,observed,
1819,0,observed,
1820,0,observed,
1821,0,observed,
1822,0,observed,
1823,0,observed,
1824,0,observed,
1825,0,observed,
1826,0,observed,
1827,0,observed,
1828,0,observed,
1829,0,observed,
1830,0,observed,
1831,0,observed,
1832,1,mnar,31
1833,0,observed,
1834,0,observed,
1835,1,mnar,61
1836,0,observed,
1837,0,observed,
1838,0,observed,
1839,0,observed,
1840,0,observed,
1841,0,observed,
1842,0,observed,
1843,1,mnar,58
1844,1,mnar,40
1845,1,mnar,47
1846,0,observed,
1847,0,observed,
1848,0,observed,
1849,0,observed,
1850,0,observed,
1851,0,observed,
1852,0,observed,
1853,0,observed,
1854,0,observed,
1855,0,observed,
1856,0,observed,
1857,0,observed,
1858,0,observed,
1859,0,observed,
1860,0,observed,
1861,0,observed,
1862,1,random,25
1863,0,observed,
1864,0,observed,
1865,0,observed,
1866,0,observed,
1867,0,observed,
1868,0,observed,
1869,0,observed,
1870,0,observed,
1871,0,observed,
1872,0,observed,
1873,0,observed,
1874,0,observed,
1875,0,observed,
1876,0,observed,
1877,0,observed,
1878,0,observed,
1879,0,observed,
1880,0,observed,
1881,0,observed,
1882,0,observed,
1883,0,observed,
1884,0,observed,
1885,0,observed,
1886,0,observed,
1887,0,observed,
1888,0,observed,
1889,0,observed,
1890,0,observed,
1891,0,observed,
1892,0,observed,
1893,0,observed,
1894,0,observed,
1895,0,observed,
1896,0,observed,
1897,0,observed,
1898,0,observed,
1899,0,observed,
1900,0,observed,
1901,0,observed,
1902,0,observed,
1903,0,observed,
1904,0,observed,
1905,0,observed,
1906,0,observed,
1907,0,observed,
1908,0,observed,
1909,0,observed,
1910,0,observed,
1911,0,observed,
1912,0,observed,
1913,0,observed,
1914,1,mnar,37
1915,0,observed,
1916,0,observed,
1917,0,observed,
1918,0,observed,
1919,0,observed,
1920,0,observed,
1921,0,observed,
1922,0,observed,
1923,0,observed,
1924,0,observed,
1925,0,observed,
1926,0,observed,
1927,0,observed,
1928,0,observed,
1929,0,observed,
1930,0,observed,
1931,1,mnar,42
1932,0,observed,
1933,0,observed,
1934,0,observed,
1935,0,observed,
1936,0,observed,
1937,0,observed,
1938,0,observed,
1939,0,observed,
1940,0,observed,
1941,0,observed,
1942,0,observed,
1943,0,observed,
1944,0,observed,
1945,0,observed,
1946,0,observed,
1947,1,mnar,40
1948,0,observed,
1949,1,mnar,35
1950,0,observed,
1951,1,mnar,35
1952,0,observed,
1953,0,observed,
1954,0,observed,
1955,0,observed,
1956,0,observed,
1957,0,observed,
1958,0,observed,
1959,0,observed,
1960,0,observed,
1961,0,observed,
1962,0,observed,
1963,1,random,30
1964,0,observed,
1965,0,observed,
1966,0,observed,
1967,0,observed,
1968,0,observed,
1969,0,observed,
1970,0,observed,
1971,0,observed,
1972,0,observed,
1973,0,observed,
1974,0,observed,
1975,0,observed,
1976,0,observed,
1977,0,observed,
1978,0,observed,
1979,0,observed,
1980,0,observed,
1981,0,observed,
1982,0,observed,
1983,0,observed,
1984,0,observed,
1985,1,mnar,30
1986,0,observed,
1987,0,observed,
1988,0,observed,
1989,0,observed,
1990,0,observed,
1991,0,observed,
1992,0,observed,
1993,0,observed,
1994,1,mnar,40
1995,0,observed,
1996,1,mnar,44
1997,0,observed,
1998,0,observed,
1999,0,observed,
2000,0,observed,
2001,0,observed,
2002,0,observed,
2003,0,observed,
2004,0,observed,
2005,0,observed,
2006,0,observed,
2007,0,observed,
2008,0,observed,
2009,0,observed,
2010,0,observed,
2011,0,observed,
2012,0,observed,
2013,0,observed,
2014,0,observed,
2015,0,observed,
2016,0,observed,
2017,0,observed,
2018,0,observed,
2019,1,mnar,37
2020,1,random,23
2021,0,observed,
2022,0,observed,
2023,0,observed,
2024,0,observed,
2025,0,observed,
2026,0,observed,
2027,0,observed,
2028,0,observed,
2029,0,observed,
2030,0,observed,
2031,0,observed,
2032,0,observed,
2033,0,observed,
2034,0,observed,
2035,0,observed,
2036,0,observed,
2037,0,observed,
2038,0,observed,
2039,0,observed,
2040,0,observed,
2041,0,observed,
2042,0,observed,
2043,0,observed,
2044,0,observed,
2045,0,observed,
2046,0,observed,
2047,0,observed,
2048,0,observed,
2049,0,observed,
2050,0,observed,
2051,0,observed,
2052,0,observed,
2053,0,observed,
2054,0,observed,
2055,0,observed,
2056,0,observed,
2057,0,observed,
2058,0,observed,
2059,0,observed,
2060,0,observed,
2061,0,observed,
2062,0,observed,
2063,0,observed,
2064,0,observed,
2065,0,observed,
2066,0,observed,
2067,1,random,31
2068,0,observed,
2069,0,observed,
2070,0,observed,
2071,0,observed,
2072,0,observed,
2073,0,observed,
2074,0,observed,
2075,0,observed,
2076,0,observed,
2077,0,observed,
2078,0,observed,
2079,1,mnar,38
2080,0,observed,
2081,0,observed,
2082,0,observed,
2083,1,mnar,42
2084,0,observed,
2085,0,observed,
2086,0,observed,
2087,0,observed,
2088,0,observed,
2089,0,observed,
2090,0,observed,
2091,0,observed,
2092,0,observed,
2093,0,observed,
2094,0,observed,
2095,0,observed,
2096,0,observed,
2097,0,observed,
2098,1,mnar,59
2099,0,observed,
2100,0,observed,
2101,0,observed,
2102,0,observed,
2103,0,observed,
2104,0,observed,
2105,0,observed,
2106,0,observed,
2107,0,observed,
2108,0,observed,
2109,0,observed,
2110,0,observed,
2111,0,observed,
2112,0,observed,
2113,0,observed,
2114,0,observed,
2115,0,observed,
2116,0,observed,
2117,0,observed,
2118,0,observed,
2119,1,mnar,30
2120,0,observed,
2121,1,mnar,41
2122,1,mnar,40
2123,0,observed,
2124,0,observed,
2125,0,observed,
2126,0,observed,
2127,0,observed,
2128,0,observed,
2129,0,observed,
2130,0,observed,
2131,0,observed,
2132,0,observed,
2133,0,observed,
2134,0,observed,
2135,0,observed,
2136,0,observed,
2137,0,observed,
2138,0,observed,
2139,0,observed,
2140,0,observed,
2141,0,observed,
2142,0,observed,
2143,0,observed,
2144,0,observed,
2145,0,observed,
2146,0,observed,
2147,0,observed,
2148,0,observed,
2149,0,observed,
2150,0,observed,
2151,1,mnar,31
2152,0,observed,
2153,0,observed,
2154,0,observed,
2155,0,observed,
2156,0,observed,
2157,0,observed,
2158,0,observed,
2159,0,observed,
2160,0,observed,
2161,0,observed,
2162,0,observed,
2163,0,observed,
2164,0,observed,
2165,1,random,28
2166,0,observed,
2167,0,observed,
2168,0,observed,
2169,0,observed,
2170,0,observed,
2171,0,observed,
2172,0,observed,
2173,0,observed,
2174,0,observed,
2175,0,observed,
2176,0,observed,
2177,0,observed,
2178,0,observed,
2179,0,observed,
2180,0,observed,
2181,1,mnar,30
2182,0,observed,
2183,0,observed,
2184,0,observed,
2185,0,observed,
2186,0,observed,
2187,0,observed,
2188,0,observed,
2189,0,observed,
2190,0,observed,
2191,0,observed,
2192,0,observed,
2193,0,observed,
2194,0,observed,
2195,0,observed,
2196,0,observed,
2197,0,observed,
2198,0,observed,
2199,0,observed,
2200,1,mnar,37
2201,0,observed,
2202,0,observed,
2203,0,observed,
2204,0,observed,
2205,0,observed,
2206,0,observed,
2207,0,observed,
2208,0,observed,
2209,1,mnar,48
2210,0,observed,
2211,1,mnar,42
2212,0,observed,
2213,0,observed,
2214,0,observed,
2215,0,observed,
2216,0,observed,
2217,0,observed,
2218,0,observed,
2219,0,observed,
2220,0,observed,
2221,0,observed,
2222,0,observed,
2223,0,observed,
2224,0,observed,
2225,0,observed,
2226,0,observed,
2227,0,observed,
2228,0,observed,
2229,0,observed,
2230,0,observed,
2231,0,observed,
2232,1,random,29
2233,0,observed,
2234,0,observed,
2235,0,observed,
2236,1,mnar,31
2237,0,observed,
2238,0,observed,
2239,0,observed,
2240,0,observed,
2241,0,observed,
2242,1,mnar,39
2243,0,observed,
2244,1,mnar,38
2245,0,observed,
2246,0,observed,
2247,0,observed,
2248,0,observed,
2249,1,random,30
2250,0,observed,
2251,0,observed,
2252,0,observed,
2253,1,mnar,32
2254,0,observed,
2255,0,observed,
2256,0,observed,
2257,0,observed,
2258,1,mnar,31
2259,0,observed,
2260,0,observed,
2261,0,observed,
2262,0,observed,
2263,0,observed,
2264,0,observed,
2265,0,observed,
2266,0,observed,
2267,0,observed,
2268,0,observed,
2269,0,observed,
2270,0,observed,
2271,0,observed,
2272,0,observed,
2273,0,observed,
2274,0,observed,
2275,0,observed,
2276,0,observed,
2277,0,observed,
2278,0,observed,
2279,0,observed,
2280,0,observed,
2281,0,observed,
2282,0,observed,
2283,0,observed,
2284,0,observed,
2285,0,observed,
2286,0,observed,
2287,0,observed,
2288,0,observed,
2289,0,observed,
2290,1,mnar,30
2291,0,observed,
2292,0,observed,
2293,0,observed,
2294,0,observed,
2295,0,observed,
2296,0,observed,
2297,0,observed,
2298,0,observed,
2299,0,observed,
2300,0,observed,
2301,0,observed,
2302,0,observed,
2303,0,observed,
2304,1,random,28
2305,0,observed,
2306,0,observed,
2307,0,observed,
2308,0,observed,
2309,0,observed,
2310,0,observed,
2311,0,observed,
2312,0,observed,
2313,0,observed,
2314,0,observed,
2315,0,observed,
2316,0,observed,
2317,0,observed,
2318,0,observed,
2319,0,observed,
2320,0,observed,
2321,0,observed,
2322,0,observed,
2323,0,observed,
2324,0,observed,
2325,0,observed,
2326,0,observed,
2327,0,observed,
2328,0,observed,
2329,0,observed,
2330,0,observed,
2331,0,observed,
2332,0,observed,
2333,0,observed,
2334,0,observed,
2335,0,observed,
2336,0,observed,
2337,0,observed,
2338,0,observed,
2339,0,observed,
2340,1,random,42
2341,0,observed,
2342,0,observed,
2343,0,observed,
2344,1,random,40
2345,0,observed,
2346,0,observed,
2347,0,observed,
2348,0,observed,
2349,0,observed,
2350,0,observed,
2351,0,observed,
2352,0,observed,
2353,0,observed,
2354,0,observed,
2355,1,mnar,35
2356,1,mnar,32
2357,0,observed,
2358,0,observed,
2359,0,observed,
2360,0,observed,
2361,0,observed,
2362,0,observed,
2363,1,mnar,35
2364,0,observed,
2365,0,observed,
2366,0,observed,
2367,0,observed,
2368,0,observed,
2369,0,observed,
2370,0,observed,
2371,0,observed,
2372,0,observed,
2373,0,observed,
2374,0,observed,
2375,0,observed,
2376,0,observed,
2377,0,observed,
2378,0,observed,
2379,0,observed,
2380,0,observed,
2381,0,observed,
2382,0,observed,
2383,0,observed,
2384,1,mnar,42
2385,0,observed,
2386,0,observed,
2387,0,observed,
2388,0,observed,
2389,0,observed,
2390,0,observed,
2391,0,observed,
2392,0,observed,
2393,0,observed,
2394,0,observed,
2395,0,observed,
2396,0,observed,
2397,0,observed,
2398,0,observed,
2399,1,mnar,31
2400,0,observed,
2401,0,observed,
2402,0,observed,
2403,0,observed,
2404,0,observed,
2405,1,mnar,43
2406,0,observed,
2407,0,observed,
2408,1,mnar,30
2409,0,observed,
2410,0,observed,
2411,0,observed,
2412,0,observed,
2413,0,observed,
2414,1,mnar,30
2415,0,observed,
2416,0,observed,
2417,0,observed,
2418,1,mnar,35
2419,0,observed,
2420,0,observed,
2421,0,observed,
2422,0,observed,
2423,0,observed,
2424,0,observed,
2425,0,observed,
2426,0,observed,
2427,0,observed,
2428,0,observed,
2429,0,observed,
2430,0,observed,
2431,0,observed,
2432,0,observed,
2433,0,observed,
2434,1,mnar,39
2435,0,observed,
2436,0,observed,
2437,0,observed,
2438,0,observed,
2439,0,observed,
2440,0,observed,
2441,0,observed,
2442,0,observed,
2443,0,observed,
2444,0,observed,
2445,0,observed,
2446,0,observed,
2447,0,observed,
2448,0,observed,
2449,0,observed,
2450,0,observed,
2451,0,observed,
2452,0,observed,
2453,0,observed,
2454,0,observed,
2455,1,mnar,40
2456,0,observed,
2457,0,observed,
2458,0,observed,
2459,0,observed,
2460,0,observed,
2461,0,observed,
2462,0,observed,
2463,0,observed,
2464,0,observed,
2465,0,observed,
2466,0,observed,
2467,0,observed,
2468,0,observed,
2469,0,observed,
2470,0,observed,
2471,0,observed,
2472,0,observed,
2473,0,observed,
2474,0,observed,
2475,0,observed,
2476,0,observed,
2477,0,observed,
2478,0,observed,
2479,0,observed,
2480,1,mnar,35
2481,0,observed,
2482,0,observed,
2483,0,observed,
2484,1,mnar,32
2485,0,observed,
2486,0,observed,
2487,0,observed,
2488,0,observed,
2489,0,observed,
2490,0,observed,
2491,1,mnar,42
2492,0,observed,
2493,0,observed,
2494,0,observed,
2495,0,observed,
2496,0,observed,
2497,0,observed,
2498,1,random,27
2499,0,observed,
2500,0,observed,
2501,0,observed,
2502,0,observed,
2503,0,observed,
2504,1,mnar,36
2505,0,observed,
2506,0,observed,
2507,0,observed,
2508,0,observed,
2509,0,observed,
2510,0,observed,
2511,0,observed,
2512,0,observed,
2513,0,observed,
2514,0,observed,
2515,0,observed,
2516,0,observed,
2517,0,observed,
2518,0,observed,
2519,0,observed,
2520,0,observed,
2521,1,mnar,31
2522,0,observed,
2523,0,observed,
2524,0,observed,
2525,0,observed,
2526,0,observed,
2527,1,mnar,38
2528,0,observed,
2529,0,observed,
2530,0,observed,
2531,0,observed,
2532,0,observed,
2533,0,observed,
2534,0,observed,
2535,0,observed,
2536,0,observed,
2537,0,observed,
2538,0,observed,
2539,0,observed,
2540,0,observed,
2541,0,observed,
2542,0,observed,
2543,0,observed,
2544,0,observed,
2545,1,random,32
2546,0,observed,
2547,0,observed,
2548,0,observed,
2549,0,observed,
2550,0,observed,
2551,0,observed,
2552,0,observed,
2553,1,mnar,38
2554,0,observed,
2555,0,observed,
2556,0,observed,
2557,0,observed,
2558,0,observed,
2559,0,observed,
2560,0,observed,
2561,0,observed,
2562,0,observed,
2563,0,observed,
2564,0,observed,
2565,0,observed,
2566,0,observed,
2567,0,observed,
2568,0,observed,
2569,0,observed,
2570,0,observed,
2571,0,observed,
2572,0,observed,
2573,0,observed,
2574,0,observed,
2575,0,observed,
2576,0,observed,
2577,0,observed,
2578,0,observed,
2579,0,observed,
2580,0,observed,
2581,0,observed,
2582,0,observed,
2583,0,observed,
2584,0,observed,
2585,0,observed,
2586,0,observed,
2587,0,observed,
2588,0,observed,
2589,0,observed,
2590,0,observed,
2591,0,observed,
2592,1,random,27
2593,0,observed,
2594,0,observed,
2595,0,observed,
2596,0,observed,
2597,0,observed,
2598,0,observed,
2599,0,observed,
2600,0,observed,
2601,0,observed,
2602,0,observed,
2603,0,observed,
2604,0,observed,
2605,0,observed,
2606,0,observed,
2607,0,observed,
2608,0,observed,
2609,1,mnar,36
2610,0,observed,
2611,0,observed,
2612,0,observed,
2613,1,mnar,30
2614,0,observed,
2615,0,observed,
2616,1,mnar,33
2617,0,observed,
2618,0,observed,
2619,0,observed,
2620,1,mnar,31
2621,0,observed,
2622,0,observed,
2623,0,observed,
2624,0,observed,
2625,0,observed,
2626,0,observed,
2627,1,random,26
2628,0,observed,
2629,0,observed,
2630,0,observed,
2631,0,observed,
2632,0,observed,
2633,0,observed,
2634,0,observed,
2635,0,observed,
2636,0,observed,
2637,0,observed,
2638,0,observed,
2639,0,observed,
2640,0,observed,
2641,0,observed,
2642,1,mnar,43
2643,0,observed,
2644,0,observed,
2645,0,observed,
2646,0,observed,
2647,0,observed,
2648,0,observed,
2649,0,observed,
2650,0,observed,
2651,0,observed,
2652,0,observed,
2653,0,observed,
2654,0,observed,
2655,0,observed,
2656,0,observed,
2657,0,observed,
2658,0,observed,
2659,0,observed,
2660,0,observed,
2661,0,observed,
2662,0,observed,
2663,0,observed,
2664,0,observed,
2665,0,observed,
2666,0,observed,
2667,1,mnar,33
2668,0,observed,
2669,0,observed,
2670,0,observed,
2671,0,observed,
2672,0,observed,
2673,0,observed,
2674,0,observed,
2675,0,observed,
2676,0,observed,
2677,0,observed,
2678,1,random,48
2679,0,observed,
2680,0,observed,
2681,0,observed,
2682,1,mnar,42
2683,0,observed,
2684,0,observed,
2685,0,observed,
2686,0,observed,
2687,0,observed,
2688,1,random,25
2689,0,observed,
2690,0,observed,
2691,0,observed,
2692,0,observed,
2693,0,observed,
2694,0,observed,
2695,0,observed,
2696,0,observed,
2697,0,observed,
2698,0,observed,
2699,0,observed,
2700,0,observed,
2701,0,observed,
2702,0,observed,
2703,0,observed,
2704,0,observed,
2705,0,observed,
2706,0,observed,
2707,0,observed,
2708,1,mnar,40
2709,0,observed,
2710,0,observed,
2711,0,observed,
2712,0,observed,
2713,0,observed,
2714,0,observed,
2715,0,observed,
2716,0,observed,
2717,1,mnar,38
2718,0,observed,
2719,0,observed,
2720,0,observed,
2721,0,observed,
2722,0,observed,
2723,0,observed,
2724,0,observed,
2725,1,mnar,31
2726,0,observed,
2727,0,observed,
2728,0,observed,
2729,0,observed,
2730,0,observed,
2731,0,observed,
2732,0,observed,
2733,0,observed,
2734,0,observed,
2735,0,observed,
2736,1,mnar,38
2737,1,random,19
2738,0,observed,
2739,0,observed,
2740,0,observed,
2741,0,observed,
2742,0,observed,
2743,0,observed,
2744,0,observed,
2745,0,observed,
2746,0,observed,
2747,0,observed,
2748,0,observed,
2749,0,observed,
2750,1,random,48
2751,0,observed,
2752,0,observed,
2753,1,random,38
2754,0,observed,
2755,0,observed,
2756,0,observed,
2757,0,observed,
2758,0,observed,
2759,0,observed,
2760,0,observed,
2761,0,observed,
2762,0,observed,
2763,1,mnar,43
2764,0,observed,
2765,0,observed,
2766,1,mnar,31
2767,0,observed,
2768,0,observed,
2769,0,observed,
2770,0,observed,
2771,0,observed,
2772,0,observed,
2773,0,observed,
2774,0,observed,
2775,0,observed,
2776,0,observed,
2777,1,mnar,35
2778,0,observed,
2779,0,observed,
2780,0,observed,
2781,0,observed,
2782,0,observed,
2783,0,observed,
2784,0,observed,
2785,0,observed,
2786,0,observed,
2787,0,observed,
2788,1,mnar,36
2789,0,observed,
2790,0,observed,
2791,0,observed,
2792,0,observed,
2793,0,observed,
2794,0,observed,
2795,0,observed,
2796,0,observed,
2797,0,observed,
2798,0,observed,
2799,0,observed,
2800,1,mnar,32
2801,0,observed,
2802,1,mnar,30
2803,0,observed,
2804,0,observed,
2805,0,observed,
2806,1,mnar,37
2807,0,observed,
2808,0,observed,
2809,0,observed,
2810,0,observed,
2811,0,observed,
2812,0,observed,
2813,0,observed,
2814,1,mnar,44
2815,0,observed,
2816,0,observed,
2817,0,observed,
2818,0,observed,
2819,0,observed,
2820,0,observed,
2821,0,observed,
2822,0,observed,
2823,0,observed,
2824,0,observed,
2825,1,mnar,45
2826,0,observed,
2827,0,observed,
2828,0,observed,
2829,1,mnar,31
2830,0,observed,
2831,0,observed,
2832,0,observed,
2833,0,observed,
2834,0,observed,
2835,0,observed,
2836,0,observed,
2837,0,observed,
2838,0,observed,
2839,0,observed,
2840,1,mnar,31
2841,0,observed,
2842,0,observed,
2843,0,observed,
2844,0,observed,
2845,0,observed,
2846,0,observed,
2847,0,observed,
2848,0,observed,
2849,0,observed,
2850,0,observed,
2851,0,observed,
2852,0,observed,
2853,0,observed,
2854,0,observed,
2855,1,random,21
2856,0,observed,
2857,0,observed,
2858,0,observed,
2859,0,observed,
2860,0,observed,
2861,0,observed,
2862,0,observed,
2863,0,observed,
2864,1,mnar,31
2865,0,observed,
2866,0,observed,
2867,0,observed,
2868,1,mnar,33
2869,0,observed,
2870,0,observed,
2871,0,observed,
2872,0,observed,
2873,0,observed,
2874,0,observed,
2875,0,observed,
2876,1,random,24
2877,0,observed,
2878,0,observed,
2879,0,observed,
2880,0,observed,
2881,0,observed,
2882,0,observed,
2883,1,mnar,39
2884,0,observed,
2885,0,observed,
2886,0,observed,
2887,0,observed,
2888,0,observed,
2889,0,observed,
2890,0,observed,
2891,0,observed,
2892,0,observed,
2893,0,observed,
2894,1,random,22
2895,0,observed,
2896,0,observed,
2897,0,observed,
2898,0,observed,
2899,0,observed,
2900,0,observed,
2901,1,mnar,35
2902,0,observed,
2903,0,observed,
2904,0,observed,
2905,0,observed,
2906,0,observed,
2907,0,observed,
2908,1,random,32
2909,0,observed,
2910,0,observed,
2911,0,observed,
2912,0,observed,
2913,0,observed,
2914,0,observed,
2915,0,observed,
2916,1,mnar,41
2917,1,mnar,46
2918,0,observed,
2919,0,observed,
2920,0,observed,
2921,0,observed,
2922,0,observed,
2923,0,observed,
2924,0,observed,
2925,0,observed,
2926,0,observed,
2927,1,random,28
2928,0,observed,
2929,0,observed,
2930,1,mnar,30
2931,0,observed,
2932,0,observed,
2933,0,observed,
2934,0,observed,
2935,0,observed,
2936,0,observed,
2937,0,observed,
2938,0,observed,
2939,0,observed,
2940,0,observed,
2941,0,observed,
2942,0,observed,
2943,0,observed,
2944,0,observed,
2945,0,observed,
2946,0,observed,
2947,0,observed,
2948,0,observed,
2949,0,observed,
2950,0,observed,
2951,0,observed,
2952,0,observed,
2953,0,observed,
2954,0,observed,
2955,0,observed,
2956,0,observed,
2957,0,observed,
2958,0,observed,
2959,0,observed,
2960,0,observed,
2961,0,observed,
2962,0,observed,
2963,0,observed,
2964,0,observed,
2965,0,observed,
2966,0,observed,
2967,0,observed,
2968,0,observed,
2969,0,observed,
2970,0,observed,
2971,0,observed,
2972,0,observed,
2973,0,observed,
2974,0,observed,
2975,0,observed,
2976,0,observed,
2977,0,observed,
2978,0,observed,
2979,0,observed,
2980,0,observed,
2981,0,observed,
2982,0,observed,
2983,0,observed,
2984,0,observed,
2985,0,observed,
2986,0,observed,
2987,1,mnar,37
2988,0,observed,
2989,0,observed,
2990,0,observed,
2991,0,observed,
2992,0,observed,
2993,0,observed,
2994,0,observed,
2995,0,observed,
2996,0,observed,
2997,0,observed,
2998,0,observed,
2999,0,observed,
3000,1,mnar,34
3001,0,observed,
3002,0,observed,
3003,0,observed,
3004,0,observed,
3005,0,observed,
3006,1,random,25
3007,0,observed,
3008,0,observed,
3009,0,observed,
3010,0,observed,
3011,0,observed,
3012,0,observed,
3013,0,observed,
3014,0,observed,
3015,1,random,22
3016,0,observed,
3017,0,observed,
3018,0,observed,
3019,0,observed,
3020,0,observed,
3021,0,observed,
3022,0,observed,
3023,0,observed,
3024,0,observed,
3025,0,observed,
3026,0,observed,
3027,1,mnar,92
3028,0,observed,
3029,0,observed,
3030,1,mnar,38
3031,0,observed,
3032,1,random,41
3033,0,observed,
3034,0,observed,
3035,0,observed,
3036,0,observed,
3037,0,observed,
3038,0,observed,
3039,1,random,28
3040,0,observed,
3041,0,observed,
3042,0,observed,
3043,0,observed,
3044,0,observed,
3045,0,observed,
3046,0,observed,
3047,0,observed,
3048,0,observed,
3049,0,observed,
3050,0,observed,
3051,0,observed,
3052,0,observed,
3053,0,observed,
3054,0,observed,
3055,0,observed,
3056,0,observed,
3057,0,observed,
3058,0,observed,
3059,0,observed,
3060,0,observed,
3061,0,observed,
3062,1,mnar,35
3063,0,observed,
3064,0,observed,
3065,0,observed,
3066,0,observed,
3067,0,observed,
3068,0,observed,
3069,1,mnar,33
3070,1,random,35
3071,0,observed,
3072,0,observed,
3073,0,observed,
3074,0,observed,
3075,1,mnar,40
3076,0,observed,
3077,0,observed,
3078,0,observed,
3079,0,observed,
3080,0,observed,
3081,0,observed,
3082,0,observed,
3083,0,observed,
3084,0,observed,
3085,0,observed,
3086,1,mnar,30
3087,0,observed,
3088,0,observed,
3089,0,observed,
3090,0,observed,
3091,0,observed,
3092,0,observed,
3093,0,observed,
3094,0,observed,
3095,0,observed,
3096,0,observed,
3097,0,observed,
3098,0,observed,
3099,0,observed,
3100,1,random,33
3101,0,observed,
3102,0,observed,
3103,0,observed,
3104,0,observed,
3105,0,observed,
3106,0,observed,
3107,0,observed,
3108,0,observed,
3109,0,observed,
3110,0,observed,
3111,0,observed,
3112,0,observed,
3113,0,observed,
3114,0,observed,
3115,0,observed,
3116,0,observed,
3117,0,observed,
3118,0,observed,
3119,0,observed,
3120,0,observed,
3121,0,observed,
3122,1,random,16
3123,1,mnar,34
3124,0,observed,
3125,0,observed,
3126,0,observed,
3127,0,observed,
3128,0,observed,
3129,0,observed,
3130,1,mnar,32
3131,0,observed,
3132,0,observed,
3133,0,observed,
3134,0,observed,
3135,0,observed,
3136,0,observed,
3137,0,observed,
3138,0,observed,
3139,1,mnar,30
3140,0,observed,
3141,0,observed,
3142,0,observed,
3143,0,observed,
3144,0,observed,
3145,1,random,26
3146,0,observed,
3147,0,observed,
3148,0,observed,
3149,0,observed,
3150,0,observed,
3151,0,observed,
3152,0,observed,
3153,0,observed,
3154,1,random,23
3155,0,observed,
3156,0,observed,
3157,0,observed,
3158,0,observed,
3159,0,observed,
3160,1,random,20
3161,1,mnar,31
3162,0,observed,
3163,1,mnar,36
3164,0,observed,
3165,0,observed,
3166,0,observed,
3167,0,observed,
3168,0,observed,
3169,0,observed,
3170,1,mnar,35
3171,0,observed,
3172,0,observed,
3173,0,observed,
3174,0,observed,
3175,0,observed,
3176,1,mnar,31
3177,0,observed,
3178,0,observed,
3179,0,observed,
3180,0,observed,
3181,0,observed,
3182,0,observed,
3183,0,observed,
3184,0,observed,
3185,0,observed,
3186,0,observed,
3187,0,observed,
3188,0,observed,
3189,0,observed,
3190,0,observed,
3191,1,mnar,31
3192,0,observed,
3193,0,observed,
3194,0,observed,
3195,0,observed,
3196,0,observed,
3197,0,observed,
3198,0,observed,
3199,0,observed,
3200,1,mnar,31
3201,0,observed,
3202,1,mnar,43
3203,0,observed,
3204,1,mnar,34
3205,0,observed,
3206,0,observed,
3207,0,observed,
3208,0,observed,
3209,0,observed,
3210,0,observed,
3211,0,observed,
3212,0,observed,
3213,0,observed,
3214,0,observed,
3215,0,observed,
3216,0,observed,
3217,0,observed,
3218,0,observed,
3219,0,observed,
3220,0,observed,
3221,0,observed,
3222,0,observed,
3223,0,observed,
3224,1,mnar,33
3225,1,mnar,37
3226,0,observed,
3227,0,observed,
3228,0,observed,
3229,0,observed,
3230,0,observed,
3231,1,random,28
3232,0,observed,
3233,0,observed,
3234,0,observed,
3235,0,observed,
3236,0,observed,
3237,0,observed,
3238,0,observed,
3239,0,observed,
3240,0,observed,
3241,0,observed,
3242,0,observed,
3243,0,observed,
3244,0,observed,
3245,0,observed,
3246,0,observed,
3247,0,observed,
3248,0,observed,
3249,0,observed,
3250,0,observed,
3251,0,observed,
3252,0,observed,
3253,0,observed,
3254,0,observed,
3255,0,observed,
3256,0,observed,
3257,0,observed,
3258,0,observed,
3259,0,observed,
3260,0,observed,
3261,0,observed,
3262,0,observed,
3263,1,mnar,33
3264,0,observed,
3265,0,observed,
3266,0,observed,
3267,0,observed,
3268,0,observed,
3269,0,observed,
3270,0,observed,
3271,0,observed,
3272,0,observed,
3273,0,observed,
3274,0,observed,
3275,0,observed,
3276,0,observed,
3277,0,observed,
3278,0,observed,
3279,0,observed,
3280,0,observed,
3281,0,observed,
3282,0,observed,
3283,0,observed,
3284,0,observed,
3285,0,observed,
3286,1,mnar,36
3287,0,observed,
3288,0,observed,
3289,0,observed,
3290,0,observed,
3291,0,observed,
3292,0,observed,
3293,0,observed,
3294,0,observed,
3295,0,observed,
3296,0,observed,
3297,0,observed,
3298,0,observed,
3299,0,observed,
3300,0,observed,
3301,0,observed,
3302,0,observed,
3303,0,observed,
3304,0,observed,
3305,1,random,28
3306,0,observed,
3307,0,observed,
3308,0,observed,
3309,0,observed,
3310,1,mnar,36
3311,0,observed,
3312,0,observed,
3313,0,observed,
3314,0,observed,
3315,0,observed,
3316,0,observed,
3317,0,observed,
3318,0,observed,
3319,0,observed,
3320,0,observed,
3321,0,observed,
3322,0,observed,
3323,0,observed,
3324,0,observed,
3325,0,observed,
3326,0,observed,
3327,0,observed,
3328,0,observed,
3329,0,observed,
3330,0,observed,
3331,0,observed,
3332,0,observed,
3333,0,observed,
3334,0,observed,
3335,0,observed,
3336,0,observed,
3337,1,random,25
3338,0,observed,
3339,0,observed,
3340,0,observed,
3341,0,observed,
3342,0,observed,
3343,0,observed,
3344,0,observed,
3345,0,observed,
3346,0,observed,
3347,0,observed,
3348,0,observed,
3349,0,observed,
3350,1,random,26
3351,0,observed,
3352,0,observed,
3353,0,observed,
3354,0,observed,
3355,0,observed,
3356,0,observed,
3357,0,observed,
3358,0,observed,
3359,0,observed,
3360,0,observed,
3361,0,observed,
3362,0,observed,
3363,0,observed,
3364,0,observed,
3365,0,observed,
3366,0,observed,
3367,0,observed,
3368,0,observed,
3369,0,observed,
3370,0,observed,
3371,0,observed,
3372,0,observed,
3373,0,observed,
3374,0,observed,
3375,1,mnar,48
3376,0,observed,
3377,0,observed,
3378,0,observed,
3379,0,observed,
3380,0,observed,
3381,1,mnar,37
3382,0,observed,
3383,0,observed,
3384,0,observed,
3385,0,observed,
3386,0,observed,
3387,1,mnar,33
3388,0,observed,
3389,0,observed,
3390,1,mnar,44
3391,0,observed,
3392,0,observed,
3393,0,observed,
3394,0,observed,
3395,0,observed,
3396,0,observed,
3397,0,observed,
3398,1,mnar,31
3399,1,random,22
3400,0,observed,
3401,0,observed,
3402,0,observed,
3403,0,observed,
3404,0,observed,
3405,0,observed,
3406,0,observed,
3407,0,observed,
3408,0,observed,
3409,0,observed,
3410,1,random,38
3411,0,observed,
3412,0,observed,
3413,1,mnar,31
3414,0,observed,
3415,0,observed,
3416,1,mnar,30
3417,0,observed,
3418,0,observed,
3419,0,observed,
3420,0,observed,
3421,0,observed,
3422,0,observed,
3423,0,observed,
3424,0,observed,
3425,0,observed,
3426,0,observed,
3427,0,observed,
3428,0,observed,
3429,0,observed,
3430,0,observed,
3431,1,mnar,40
3432,0,observed,
3433,0,observed,
3434,1,random,28
3435,1,mnar,31
3436,0,observed,
3437,0,observed,
3438,0,observed,
3439,0,observed,
3440,0,observed,
3441,0,observed,
3442,0,observed,
3443,0,observed,
3444,0,observed,
3445,0,observed,
3446,0,observed,
3447,0,observed,
3448,0,observed,
3449,0,observed,
3450,0,observed,
3451,0,observed,
3452,0,observed,
3453,0,observed,
3454,0,observed,
3455,0,observed,
3456,0,observed,
3457,0,observed,
3458,0,observed,
3459,0,observed,
3460,0,observed,
3461,0,observed,
3462,0,observed,
3463,0,observed,
3464,0,observed,
3465,1,random,28
3466,0,observed,
3467,0,observed,
3468,0,observed,
3469,0,observed,
3470,0,observed,
3471,0,observed,
3472,0,observed,
3473,0,observed,
3474,0,observed,
3475,0,observed,
3476,0,observed,
3477,0,observed,
3478,0,observed,
3479,0,observed,
3480,0,observed,
3481,0,observed,
3482,0,observed,
3483,0,observed,
3484,0,observed,
3485,1,mnar,46
3486,1,mnar,35
3487,0,observed,
3488,0,observed,
3489,0,observed,
3490,0,observed,
3491,0,observed,
3492,0,observed,
3493,0,observed,
3494,0,observed,
3495,0,observed,
3496,0,observed,
3497,0,observed,
3498,0,observed,
3499,0,observed,
3500,0,observed,
3501,0,observed,
3502,0,observed,
3503,0,observed,
3504,0,observed,
3505,0,observed,
3506,0,observed,
3507,0,observed,
3508,0,observed,
3509,0,observed,
3510,1,mnar,30
3511,0,observed,
3512,1,mnar,34
3513,1,mnar,35
3514,0,observed,
3515,0,observed,
3516,0,observed,
3517,0,observed,
3518,0,observed,
3519,0,observed,
3520,0,observed,
3521,0,observed,
3522,0,observed,
3523,0,observed,
3524,0,observed,
3525,1,mnar,46
3526,0,observed,
3527,0,observed,
3528,0,observed,
3529,0,observed,
3530,1,mnar,30
3531,1,mnar,43
3532,0,observed,
3533,0,observed,
3534,1,mnar,35
3535,0,observed,
3536,0,observed,
3537,0,observed,
3538,0,observed,
3539,0,observed,
3540,0,observed,
3541,0,observed,
3542,0,observed,
3543,0,observed,
3544,0,observed,
3545,0,observed,
3546,0,observed,
3547,0,observed,
3548,0,observed,
3549,0,observed,
3550,0,observed,
3551,0,observed,
3552,0,observed,
3553,0,observed,
3554,0,observed,
3555,0,observed,
3556,1,mnar,42
3557,0,observed,
3558,0,observed,
3559,0,observed,
3560,0,observed,
3561,0,observed,
3562,0,observed,
3563,0,observed,
3564,0,observed,
3565,0,observed,
3566,0,observed,
3567,0,observed,
3568,0,observed,
3569,0,observed,
3570,1,random,25
3571,1,mnar,34
3572,0,observed,
3573,0,observed,
3574,1,mnar,30
3575,0,observed,
3576,0,observed,
3577,0,observed,
3578,0,observed,
3579,0,observed,
3580,1,mnar,36
3581,0,observed,
3582,0,observed,
3583,0,observed,
3584,0,observed,
3585,0,observed,
3586,0,observed,
3587,0,observed,
3588,0,observed,
3589,0,observed,
3590,0,observed,
3591,0,observed,
3592,0,observed,
3593,0,observed,
3594,0,observed,
3595,0,observed,
3596,0,observed,
3597,0,observed,
3598,0,observed,
3599,0,observed,
3600,0,observed,
3601,0,observed,
3602,0,observed,
3603,0,observed,
3604,0,observed,
3605,0,observed,
3606,0,observed,
3607,0,observed,
3608,0,observed,
3609,0,observed,
3610,0,observed,
3611,0,observed,
3612,1,mnar,36
3613,0,observed,
3614,1,mnar,35
3615,1,mnar,46
3616,0,observed,
3617,0,observed,
3618,0,observed,
3619,0,observed,
3620,0,observed,
3621,0,observed,
3622,0,observed,
3623,0,observed,
3624,1,mnar,30
3625,0,observed,
3626,0,observed,
3627,0,observed,
3628,0,observed,
3629,0,observed,
3630,0,observed,
3631,0,observed,
3632,0,observed,
3633,0,observed,
3634,0,observed,
3635,0,observed,
3636,0,observed,
3637,0,observed,
3638,0,observed,
3639,0,observed,
3640,0,observed,
3641,0,observed,
3642,1,mnar,37
3643,0,observed,
3644,0,observed,
3645,0,observed,
3646,0,observed,
3647,0,observed,
3648,0,observed,
3649,0,observed,
3650,0,observed,
3651,0,observed,
3652,0,observed,
3653,0,observed,
3654,0,observed,
3655,0,observed,
3656,0,observed,
3657,0,observed,
3658,0,observed,
3659,0,observed,
3660,0,observed,
3661,0,observed,
3662,0,observed,
3663,0,observed,
3664,0,observed,
3665,0,observed,
3666,0,observed,
3667,0,observed,
3668,0,observed,
3669,0,observed,
3670,0,observed,
3671,0,observed,
3672,0,observed,
3673,0,observed,
3674,0,observed,
3675,0,observed,
3676,1,mnar,37
3677,0,observed,
3678,0,observed,
3679,0,observed,
3680,0,observed,
3681,0,observed,
3682,0,observed,
3683,0,observed,
3684,1,mnar,37
3685,0,observed,
3686,0,observed,
3687,0,observed,
3688,1,mnar,48
3689,0,observed,
3690,0,observed,
3691,0,observed,
3692,0,observed,
3693,0,observed,
3694,0,observed,
3695,0,observed,
3696,0,observed,
3697,0,observed,
3698,0,observed,
3699,0,observed,
3700,0,observed,
3701,0,observed,
3702,0,observed,
3703,0,observed,
3704,0,observed,
3705,0,observed,
3706,0,observed,
3707,1,mnar,31
3708,0,observed,
3709,0,observed,
3710,0,observed,
3711,0,observed,
3712,0,observed,
3713,0,observed,
3714,0,observed,
3715,0,observed,
3716,0,observed,
3717,1,mnar,40
3718,0,observed,
3719,0,observed,
3720,0,observed,
3721,0,observed,
3722,0,observed,
3723,1,random,30
3724,0,observed,
3725,0,observed,
3726,0,observed,
3727,1,mnar,35
3728,0,observed,
3729,0,observed,
3730,0,observed,
3731,0,observed,
3732,0,observed,
3733,1,mnar,30
3734,0,observed,
3735,0,observed,
3736,0,observed,
3737,1,mnar,42
3738,0,observed,
3739,0,observed,
3740,1,mnar,36
3741,0,observed,
3742,0,observed,
3743,0,observed,
3744,0,observed,
3745,1,mnar,41
3746,0,observed,
3747,0,observed,
3748,0,observed,
3749,0,observed,
3750,0,observed,
3751,0,observed,
3752,0,observed,
3753,0,observed,
3754,0,observed,
3755,0,observed,
3756,0,observed,
3757,0,observed,
3758,0,observed,
3759,1,mnar,30
3760,0,observed,
3761,1,mnar,36
3762,0,observed,
3763,0,observed,
3764,0,observed,
3765,0,observed,
3766,0,observed,
3767,0,observed,
3768,0,observed,
3769,0,observed,
3770,0,observed,
3771,1,mnar,57
3772,0,observed,
3773,1,mnar,45
3774,0,observed,
3775,0,observed,
3776,1,mnar,41
3777,0,observed,
3778,0,observed,
3779,0,observed,
3780,0,observed,
3781,0,observed,
3782,0,observed,
3783,0,observed,
3784,0,observed,
3785,0,observed,
3786,0,observed,
3787,1,random,25
3788,0,observed,
3789,0,observed,
3790,1,random,42
3791,0,observed,
3792,0,observed,
3793,0,observed,
3794,0,observed,
3795,0,observed,
3796,0,observed,
3797,0,observed,
3798,0,observed,
3799,1,mnar,33
3800,0,observed,
3801,0,observed,
3802,0,observed,
3803,0,observed,
3804,0,observed,
3805,0,observed,
3806,0,observed,
3807,0,observed,
3808,0,observed,
3809,0,observed,
3810,0,observed,
3811,0,observed,
3812,0,observed,
3813,0,observed,
3814,0,observed,
3815,0,observed,
3816,0,observed,
3817,1,random,29
3818,0,observed,
3819,0,observed,
3820,0,observed,
3821,1,mnar,42
3822,0,observed,
3823,0,observed,
3824,0,observed,
3825,0,observed,
3826,0,observed,
3827,0,observed,
3828,0,observed,
3829,0,observed,
3830,0,observed,
3831,0,observed,
3832,1,mnar,32
3833,0,observed,
3834,0,observed,
3835,0,observed,
3836,0,observed,
3837,0,observed,
3838,0,observed,
3839,0,observed,
3840,0,observed,
3841,0,observed,
3842,0,observed,
3843,0,observed,
3844,0,observed,
3845,0,observed,
3846,1,mnar,40
3847,1,mnar,36
3848,0,observed,
3849,0,observed,
3850,0,observed,
3851,0,observed,
3852,0,observed,
3853,0,observed,
3854,0,observed,
3855,0,observed,
3856,0,observed,
3857,1,random,23
3858,0,observed,
3859,0,observed,
3860,0,observed,
3861,0,observed,
3862,1,mnar,40
3863,0,observed,
3864,0,observed,
3865,0,observed,
3866,0,observed,
3867,0,observed,
3868,0,observed,
3869,1,mnar,35
3870,0,observed,
3871,0,observed,
3872,0,observed,
3873,1,mnar,38
3874,0,observed,
3875,0,observed,
3876,0,observed,
3877,0,observed,
3878,0,observed,
3879,0,observed,
3880,0,observed,
3881,0,observed,
3882,0,observed,
3883,0,observed,
3884,0,observed,
3885,0,observed,
3886,0,observed,
3887,0,observed,
3888,0,observed,
3889,0,observed,
3890,0,observed,
3891,0,observed,
3892,0,observed,
3893,0,observed,
3894,0,observed,
3895,0,observed,
3896,0,observed,
3897,0,observed,
3898,1,random,27
3899,0,observed,
3900,0,observed,
3901,0,observed,
3902,0,observed,
3903,0,observed,
3904,0,observed,
3905,0,observed,
3906,0,observed,
3907,0,observed,
3908,0,observed,
3909,0,observed,
3910,0,observed,
3911,0,observed,
3912,1,random,24
3913,0,observed,
3914,0,observed,
3915,0,observed,
3916,0,observed,
3917,0,observed,
3918,1,mnar,38
3919,0,observed,
3920,0,observed,
3921,0,observed,
3922,0,observed,
3923,0,observed,
3924,0,observed,
3925,0,observed,
3926,1,mnar,31
3927,0,observed,
3928,0,observed,
3929,0,observed,
3930,0,observed,
3931,1,mnar,43
3932,0,observed,
3933,0,observed,
3934,0,observed,
3935,0,observed,
3936,0,observed,
3937,0,observed,
3938,0,observed,
3939,0,observed,
3940,0,observed,
3941,0,observed,
3942,0,observed,
3943,0,observed,
3944,0,observed,
3945,0,observed,
3946,0,observed,
3947,0,observed,
3948,0,observed,
3949,0,observed,
3950,0,observed,
3951,0,observed,
3952,0,observed,
3953,0,observed,
3954,0,observed,
3955,0,observed,
3956,0,observed,
3957,0,observed,
3958,0,observed,
3959,0,observed,
3960,0,observed,
3961,0,observed,
3962,0,observed,
3963,0,observed,
3964,0,observed,
3965,1,mnar,33
3966,0,observed,
3967,0,observed,
3968,0,observed,
3969,0,observed,
3970,0,observed,
3971,0,observed,
3972,0,observed,
3973,1,random,27
3974,0,observed,
3975,0,observed,
3976,0,observed,
3977,0,observed,
3978,0,observed,
3979,0,observed,
3980,0,observed,
3981,0,observed,
3982,0,observed,
3983,0,observed,
3984,0,observed,
3985,0,observed,
3986,0,observed,
3987,0,observed,
3988,0,observed,
3989,0,observed,
3990,0,observed,
3991,0,observed,
3992,0,observed,
3993,1,mnar,39
3994,0,observed,
3995,0,observed,
3996,1,mnar,39
3997,0,observed,
3998,0,observed,
3999,1,random,22
4000,0,observed,
4001,0,observed,
4002,0,observed,
4003,1,random,24
4004,0,observed,
4005,0,observed,
4006,0,observed,
4007,0,observed,
4008,0,observed,
4009,0,observed,
4010,0,observed,
4011,0,observed,
4012,0,observed,
4013,0,observed,
4014,0,observed,
4015,0,observed,
4016,0,observed,
4017,0,observed,
4018,0,observed,
4019,0,observed,
4020,0,observed,
4021,0,observed,
4022,0,observed,
4023,0,observed,
4024,0,observed,
4025,0,observed,
4026,0,observed,
4027,0,observed,
4028,0,observed,
4029,0,observed,
4030,0,observed,
4031,0,observed,
4032,0,observed,
4033,0,observed,
4034,0,observed,
4035,0,observed,
4036,0,observed,
4037,0,observed,
4038,0,observed,
4039,0,observed,
4040,0,observed,
4041,0,observed,
4042,0,observed,
4043,0,observed,
4044,0,observed,
4045,0,observed,
4046,0,observed,
4047,0,observed,
4048,0,observed,
4049,1,random,26
4050,0,observed,
4051,0,observed,
4052,0,observed,
4053,0,observed,
4054,0,observed,
4055,0,observed,
4056,0,observed,
4057,0,observed,
4058,0,observed,
4059,0,observed,
4060,0,observed,
4061,0,observed,
4062,0,observed,
4063,0,observed,
4064,0,observed,
4065,0,observed,
4066,0,observed,
4067,0,observed,
4068,0,observed,
4069,1,mnar,36
4070,0,observed,
4071,1,random,27
4072,0,observed,
4073,0,observed,
4074,0,observed,
4075,0,observed,
4076,0,observed,
4077,1,mnar,50
4078,0,observed,
4079,0,observed,
4080,0,observed,
4081,1,random,32
4082,0,observed,
4083,0,observed,
4084,0,observed,
4085,0,observed,
4086,1,mnar,41
4087,0,observed,
4088,0,observed,
4089,0,observed,
4090,0,observed,
4091,0,observed,
4092,0,observed,
4093,0,observed,
4094,0,observed,
4095,0,observed,
4096,0,observed,
4097,0,observed,
4098,0,observed,
4099,0,observed,
4100,0,observed,
4101,0,observed,
4102,0,observed,
4103,1,mnar,43
4104,0,observed,
4105,0,observed,
4106,0,observed,
4107,0,observed,
4108,0,observed,
4109,0,observed,
4110,0,observed,
4111,1,mnar,41
4112,0,observed,
4113,0,observed,
4114,0,observed,
4115,0,observed,
4116,0,observed,
4117,0,observed,
4118,0,observed,
4119,0,observed,
4120,0,observed,
4121,0,observed,
4122,0,observed,
4123,0,observed,
4124,0,observed,
4125,1,mnar,31
4126,0,observed,
4127,0,observed,
4128,0,observed,
4129,0,observed,
4130,0,observed,
4131,0,observed,
4132,0,observed,
4133,0,observed,
4134,1,mnar,37
4135,0,observed,
4136,0,observed,
4137,0,observed,
4138,1,mnar,59
4139,0,observed,
4140,0,observed,
4141,0,observed,
4142,0,observed,
4143,0,observed,
4144,0,observed,
4145,0,observed,
4146,0,observed,
4147,0,observed,
4148,0,observed,
4149,0,observed,
4150,0,observed,
4151,0,observed,
4152,1,mnar,42
4153,0,observed,
4154,0,observed,
4155,0,observed,
4156,0,observed,
4157,0,observed,
4158,0,observed,
4159,0,observed,
4160,0,observed,
4161,0,observed,
4162,0,observed,
4163,0,observed,
4164,0,observed,
4165,0,observed,
4166,1,mnar,44
4167,0,observed,
4168,0,observed,
4169,0,observed,
4170,1,mnar,41
4171,0,observed,
4172,0,observed,
4173,0,observed,
4174,0,observed,
4175,0,observed,
4176,0,observed,
4177,0,observed,
4178,0,observed,
4179,0,observed,
4180,0,observed,
4181,0,observed,
4182,0,observed,
4183,0,observed,
4184,0,observed,
4185,0,observed,
4186,0,observed,
4187,0,observed,
4188,0,observed,
4189,0,observed,
4190,1,mnar,37
4191,0,observed,
4192,0,observed,
4193,0,observed,
4194,1,random,35
4195,0,observed,
4196,0,observed,
4197,0,observed,
4198,0,observed,
4199,0,observed,
4200,0,observed,
4201,0,observed,
4202,1,random,38
4203,0,observed,
4204,0,observed,
4205,0,observed,
4206,1,mnar,31
4207,0,observed,
4208,0,observed,
4209,0,observed,
4210,0,observed,
4211,0,observed,
4212,0,observed,
4213,0,observed,
4214,0,observed,
4215,0,observed,
4216,1,random,21
4217,0,observed,
4218,0,observed,
4219,0,observed,
4220,0,observed,
4221,0,observed,
4222,0,observed,
4223,0,observed,
4224,0,observed,
4225,0,observed,
4226,0,observed,
4227,0,observed,
4228,0,observed,
4229,0,observed,
4230,0,observed,
4231,0,observed,
4232,0,observed,
4233,0,observed,
4234,0,observed,
4235,0,observed,
4236,0,observed,
4237,0,observed,
4238,0,observed,
4239,0,observed,
4240,1,mnar,36
4241,0,observed,
4242,0,observed,
4243,0,observed,
4244,0,observed,
4245,0,observed,
4246,1,mnar,30
4247,0,observed,
4248,0,observed,
4249,0,observed,
4250,0,observed,
4251,0,observed,
4252,0,observed,
4253,0,observed,
4254,0,observed,
4255,0,observed,
4256,0,observed,
4257,0,observed,
4258,1,mnar,30
4259,0,observed,
4260,0,observed,
4261,0,observed,
4262,0,observed,
4263,0,observed,
4264,0,observed,
4265,0,observed,
4266,0,observed,
4267,0,observed,
4268,0,observed,
4269,1,random,27
4270,0,observed,
4271,0,observed,
4272,0,observed,
4273,0,observed,
4274,0,observed,
4275,0,observed,
4276,0,observed,
4277,0,observed,
4278,0,observed,
4279,0,observed,
4280,1,mnar,47
4281,0,observed,
4282,0,observed,
4283,0,observed,
4284,0,observed,
4285,1,mnar,38
4286,0,observed,
4287,0,observed,
4288,0,observed,
4289,0,observed,
4290,0,observed,
4291,0,observed,
4292,0,observed,
4293,0,observed,
4294,0,observed,
4295,0,observed,
4296,0,observed,
4297,0,observed,
4298,0,observed,
4299,1,mnar,31
4300,0,observed,
4301,0,observed,
4302,0,observed,
4303,0,observed,
4304,0,observed,
4305,0,observed,
4306,0,observed,
4307,0,observed,
4308,0,observed,
4309,0,observed,
4310,0,observed,
4311,0,observed,
4312,1,mnar,48
4313,0,observed,
4314,0,observed,
4315,0,observed,
4316,0,observed,
4317,0,observed,
4318,0,observed,
4319,0,observed,
4320,0,observed,
4321,0,observed,
4322,0,observed,
4323,0,observed,
4324,0,observed,
4325,0,observed,
4326,1,mnar,42
4327,0,observed,
4328,0,observed,
4329,0,observed,
4330,0,observed,
4331,0,observed,
4332,0,observed,
4333,0,observed,
4334,0,observed,
4335,0,observed,
4336,0,observed,
4337,0,observed,
4338,0,observed,
4339,0,observed,
4340,0,observed,
4341,0,observed,
4342,0,observed,
4343,0,observed,
4344,0,observed,
4345,1,mnar,30
4346,0,observed,
4347,0,observed,
4348,0,observed,
4349,0,observed,
4350,0,observed,
4351,0,observed,
4352,0,observed,
4353,0,observed,
4354,0,observed,
4355,0,observed,
4356,0,observed,
4357,0,observed,
4358,0,observed,
4359,0,observed,
4360,0,observed,
4361,0,observed,
4362,0,observed,
4363,0,observed,
4364,0,observed,
4365,0,observed,
4366,0,observed,
4367,0,observed,
4368,0,observed,
4369,0,observed,
4370,0,observed,
4371,0,observed,
4372,0,observed,
4373,0,observed,
4374,0,observed,
4375,0,observed,
4376,0,observed,
4377,0,observed,
4378,1,mnar,35
4379,0,observed,
4380,0,observed,
4381,1,random,24
4382,0,observed,
4383,0,observed,
4384,0,observed,
4385,0,observed,
4386,1,random,20
4387,0,observed,
4388,0,observed,
4389,0,observed,
4390,0,observed,
4391,0,observed,
4392,0,observed,
4393,0,observed,
4394,0,observed,
4395,1,mnar,35
4396,0,observed,
4397,0,observed,
4398,0,observed,
4399,0,observed,
4400,0,observed,
4401,0,observed,
4402,0,observed,
4403,0,observed,
4404,0,observed,
4405,0,observed,
4406,0,observed,
4407,0,observed,
4408,0,observed,
4409,0,observed,
4410,0,observed,
4411,0,observed,
4412,0,observed,
4413,0,observed,
4414,0,observed,
4415,0,observed,
4416,0,observed,
4417,0,observed,
4418,0,observed,
4419,0,observed,
4420,0,observed,
4421,0,observed,
4422,0,observed,
4423,0,observed,
4424,0,observed,
4425,0,observed,
4426,1,mnar,43
4427,0,observed,
4428,0,observed,
4429,0,observed,
4430,0,observed,
4431,0,observed,
4432,0,observed,
4433,0,observed,
4434,0,observed,
4435,0,observed,
4436,0,observed,
4437,0,observed,
4438,0,observed,
4439,1,mnar,30
4440,0,observed,
4441,0,observed,
4442,0,observed,
4443,0,observed,
4444,0,observed,
4445,0,observed,
4446,0,observed,
4447,0,observed,
4448,0,observed,
4449,0,observed,
4450,0,observed,
4451,0,observed,
4452,1,mnar,33
4453,0,observed,
4454,0,observed,
4455,0,observed,
4456,0,observed,
4457,0,observed,
4458,0,observed,
4459,0,observed,
4460,0,observed,
4461,0,observed,
4462,0,observed,
4463,0,observed,
4464,0,observed,
4465,0,observed,
4466,0,observed,
4467,0,observed,
4468,0,observed,
4469,0,observed,
4470,0,observed,
4471,0,observed,
4472,0,observed,
4473,0,observed,
4474,0,observed,
4475,0,observed,
4476,0,observed,
4477,0,observed,
4478,0,observed,
4479,0,observed,
4480,0,observed,
4481,0,observed,
4482,0,observed,
4483,0,observed,
4484,0,observed,
4485,0,observed,
4486,0,observed,
4487,0,observed,
4488,0,observed,
4489,0,observed,
4490,0,observed,
4491,0,observed,
4492,0,observed,
4493,0,observed,
4494,0,observed,
4495,0,observed,
4496,0,observed,
4497,0,observed,
4498,0,observed,
4499,0,observed,
4500,0,observed,
4501,0,observed,
4502,0,observed,
4503,0,observed,
4504,0,observed,
4505,0,observed,
4506,0,observed,
4507,1,mnar,82
4508,0,observed,
4509,1,mnar,35
4510,0,observed,
4511,0,observed,
4512,0,observed,
4513,1,random,27
4514,0,observed,
4515,0,observed,
4516,1,random,27
4517,0,observed,
4518,0,observed,
4519,0,observed,
4520,0,observed,
4521,1,random,26
4522,0,observed,
4523,0,observed,
4524,0,observed,
4525,0,observed,
4526,0,observed,
4527,0,observed,
4528,0,observed,
4529,0,observed,
4530,0,observed,
4531,0,observed,
4532,1,mnar,40
4533,0,observed,
4534,0,observed,
4535,1,mnar,37
4536,0,observed,
4537,0,observed,
4538,0,observed,
4539,0,observed,
4540,0,observed,
4541,0,observed,
4542,0,observed,
4543,0,observed,
4544,0,observed,
4545,0,observed,
4546,1,mnar,35
4547,0,observed,
4548,0,observed,
4549,0,observed,
4550,0,observed,
4551,0,observed,
4552,0,observed,
4553,0,observed,
4554,0,observed,
4555,0,observed,
4556,0,observed,
4557,0,observed,
4558,0,observed,
4559,1,mnar,35
4560,0,observed,
4561,0,observed,
4562,0,observed,
4563,1,mnar,34
4564,0,observed,
4565,0,observed,
4566,0,observed,
4567,0,observed,
4568,0,observed,
4569,1,mnar,32
4570,0,observed,
4571,0,observed,
4572,0,observed,
4573,0,observed,
4574,0,observed,
4575,0,observed,
4576,0,observed,
4577,1,mnar,38
4578,0,observed,
4579,0,observed,
4580,1,mnar,32
4581,0,observed,
4582,0,observed,
4583,0,observed,
4584,0,observed,
4585,0,observed,
4586,0,observed,
4587,0,observed,
4588,0,observed,
4589,0,observed,
4590,0,observed,
4591,0,observed,
4592,0,observed,
4593,0,observed,
4594,0,observed,
4595,0,observed,
4596,0,observed,
4597,0,observed,
4598,0,observed,
4599,0,observed,
4600,0,observed,
4601,1,mnar,40
4602,0,observed,
4603,0,observed,
4604,0,observed,
4605,0,observed,
4606,0,observed,
4607,1,mnar,47
4608,0,observed,
4609,0,observed,
4610,0,observed,
4611,0,observed,
4612,0,observed,
4613,1,random,51
4614,0,observed,
4615,0,observed,
4616,0,observed,
4617,0,observed,
4618,0,observed,
4619,0,observed,
4620,0,observed,
4621,1,mnar,42
4622,0,observed,
4623,0,observed,
4624,0,observed,
4625,1,random,35
4626,0,observed,
4627,0,observed,
4628,0,observed,
4629,0,observed,
4630,0,observed,
4631,0,observed,
4632,0,observed,
4633,0,observed,
4634,1,mnar,45
4635,0,observed,
4636,0,observed,
4637,0,observed,
4638,0,observed,
4639,0,observed,
4640,1,random,32
4641,0,observed,
4642,0,observed,
4643,0,observed,
4644,0,observed,
4645,0,observed,
4646,0,observed,
4647,0,observed,
4648,0,observed,
4649,0,observed,
4650,0,observed,
4651,0,observed,
4652,1,mnar,37
4653,0,observed,
4654,0,observed,
4655,0,observed,
4656,0,observed,
4657,0,observed,
4658,0,observed,
4659,0,observed,
4660,0,observed,
4661,0,observed,
4662,0,observed,
4663,0,observed,
4664,0,observed,
4665,0,observed,
4666,0,observed,
4667,0,observed,
4668,0,observed,
4669,0,observed,
4670,0,observed,
4671,0,observed,
4672,0,observed,
4673,0,observed,
4674,0,observed,
4675,0,observed,
4676,0,observed,
4677,0,observed,
4678,0,observed,
4679,0,observed,
4680,0,observed,
4681,0,observed,
4682,0,observed,
4683,0,observed,
4684,1,random,21
4685,0,observed,
4686,0,observed,
4687,0,observed,
4688,1,mnar,32
4689,0,observed,
4690,0,observed,
4691,0,observed,
4692,0,observed,
4693,0,observed,
4694,0,observed,
4695,1,random,27
4696,1,mnar,87
4697,0,observed,
4698,0,observed,
4699,0,observed,
4700,0,observed,
4701,0,observed,
4702,0,observed,
4703,0,observed,
4704,0,observed,
4705,0,observed,
4706,0,observed,
4707,0,observed,
4708,0,observed,
4709,0,observed,
4710,0,observed,
4711,0,observed,
4712,0,observed,
4713,0,observed,
4714,1,mnar,40
4715,0,observed,
4716,0,observed,
4717,0,observed,
4718,0,observed,
4719,0,observed,
4720,0,observed,
4721,0,observed,
4722,0,observed,
4723,0,observed,
4724,0,observed,
4725,0,observed,
4726,0,observed,
4727,0,observed,
4728,0,observed,
4729,1,mnar,84
4730,0,observed,
4731,0,observed,
4732,0,observed,
4733,0,observed,
4734,0,observed,
4735,0,observed,
4736,0,observed,
4737,0,observed,
4738,0,observed,
4739,0,observed,
4740,0,observed,
4741,0,observed,
4742,1,random,24
4743,0,observed,
4744,0,observed,
4745,1,mnar,39
4746,0,observed,
4747,1,random,22
4748,1,mnar,30
4749,1,mnar,38
4750,0,observed,
4751,0,observed,
4752,0,observed,
4753,0,observed,
4754,0,observed,
4755,0,observed,
4756,0,observed,
4757,0,observed,
4758,0,observed,
4759,0,observed,
4760,1,mnar,41
4761,0,observed,
4762,0,observed,
4763,0,observed,
4764,0,observed,
4765,0,observed,
4766,0,observed,
4767,0,observed,
4768,0,observed,
4769,0,observed,
4770,0,observed,
4771,0,observed,
4772,0,observed,
4773,0,observed,
4774,0,observed,
4775,0,observed,
4776,0,observed,
4777,0,observed,
4778,0,observed,
4779,0,observed,
4780,0,observed,
4781,0,observed,
4782,0,observed,
4783,0,observed,
4784,0,observed,
4785,0,observed,
4786,0,observed,
4787,0,observed,
4788,0,observed,
4789,0,observed,
4790,0,observed,
4791,0,observed,
4792,0,observed,
4793,0,observed,
4794,0,observed,
4795,0,observed,
4796,0,observed,
4797,0,observed,
4798,0,observed,
4799,0,observed,
4800,0,observed,
4801,0,observed,
4802,0,observed,
4803,0,observed,
4804,0,observed,
4805,0,observed,
4806,0,observed,
4807,0,observed,
4808,0,observed,
4809,0,observed,
4810,0,observed,
4811,0,observed,
4812,1,mnar,35
4813,0,observed,
4814,0,observed,
4815,0,observed,
4816,0,observed,
4817,0,observed,
4818,0,observed,
4819,1,random,28
4820,0,observed,
4821,0,observed,
4822,1,random,31
4823,0,observed,
4824,0,observed,
4825,0,observed,
4826,0,observed,
4827,0,observed,
4828,0,observed,
4829,0,observed,
4830,0,observed,
4831,0,observed,
4832,0,observed,
4833,0,observed,
4834,0,observed,
4835,0,observed,
4836,0,observed,
4837,0,observed,
4838,0,observed,
4839,0,observed,
4840,0,observed,
4841,0,observed,
4842,0,observed,
4843,0,observed,
4844,0,observed,
4845,0,observed,
4846,0,observed,
4847,0,observed,
4848,0,observed,
4849,0,observed,
4850,0,observed,
4851,0,observed,
4852,0,observed,
4853,1,mnar,55
4854,0,observed,
4855,0,observed,
4856,0,observed,
4857,0,observed,
4858,0,observed,
4859,0,observed,
4860,0,observed,
4861,0,observed,
4862,0,observed,
4863,0,observed,
4864,0,observed,
4865,0,observed,
4866,0,observed,
4867,0,observed,
4868,0,observed,
4869,0,observed,
4870,0,observed,
4871,0,observed,
4872,0,observed,
4873,0,observed,
4874,0,observed,
4875,0,observed,
4876,0,observed,
4877,0,observed,
4878,0,observed,
4879,0,observed,
4880,0,observed,
4881,0,observed,
4882,0,observed,
4883,0,observed,
4884,0,observed,
4885,0,observed,
4886,0,observed,
4887,0,observed,
4888,0,observed,
4889,0,observed,
4890,0,observed,
4891,0,observed,
4892,0,observed,
4893,0,observed,
4894,0,observed,
4895,0,observed,
4896,0,observed,
4897,0,observed,
4898,0,observed,
4899,0,observed,
4900,0,observed,
4901,0,observed,
4902,0,observed,
4903,1,random,29
4904,0,observed,
4905,0,observed,
4906,0,observed,
4907,0,observed,
4908,0,observed,
4909,0,observed,
4910,0,observed,
4911,0,observed,
4912,0,observed,
4913,0,observed,
4914,0,observed,
4915,0,observed,
4916,0,observed,
4917,0,observed,
4918,0,observed,
4919,0,observed,
4920,0,observed,
4921,0,observed,
4922,0,observed,
4923,0,observed,
4924,0,observed,
4925,0,observed,
4926,1,mnar,32
4927,0,observed,
4928,0,observed,
4929,0,observed,
4930,0,observed,
4931,0,observed,
4932,0,observed,
4933,0,observed,
4934,0,observed,
4935,0,observed,
4936,0,observed,
4937,0,observed,
4938,0,observed,
4939,0,observed,
4940,1,mnar,40
4941,0,observed,
4942,0,observed,
4943,0,observed,
4944,0,observed,
4945,0,observed,
4946,0,observed,
4947,1,random,37
4948,0,observed,
4949,1,random,33
4950,1,mnar,34
4951,0,observed,
4952,0,observed,
4953,0,observed,
4954,0,observed,
4955,0,observed,
4956,0,observed,
4957,0,observed,
4958,1,mnar,30
4959,0,observed,
4960,0,observed,
4961,1,mnar,30
4962,0,observed,
4963,0,observed,
4964,0,observed,
4965,0,observed,
4966,0,observed,
4967,0,observed,
4968,0,observed,
4969,0,observed,
4970,1,mnar,34
4971,0,observed,
4972,0,observed,
4973,0,observed,
4974,1,mnar,43
4975,0,observed,
4976,0,observed,
4977,0,observed,
4978,0,observed,
4979,0,observed,
4980,0,observed,
4981,1,mnar,36
4982,0,observed,
4983,0,observed,
4984,0,observed,
4985,0,observed,
4986,0,observed,
4987,0,observed,
4988,0,observed,
4989,0,observed,
4990,0,observed,
4991,0,observed,
4992,0,observed,
4993,1,random,21
4994,0,observed,
4995,0,observed,
4996,0,observed,
4997,1,mnar,32
4998,0,observed,
4999,0,observed,
5000,0,observed,
5001,0,observed,
5002,0,observed,
5003,0,observed,
5004,0,observed,
5005,0,observed,
5006,0,observed,
5007,0,observed,
5008,0,observed,
5009,1,mnar,39
5010,1,mnar,30
5011,0,observed,
5012,0,observed,
5013,0,observed,
5014,0,observed,
5015,0,observed,
5016,0,observed,
5017,0,observed,
5018,0,observed,
5019,1,random,27
5020,0,observed,
5021,0,observed,
5022,0,observed,
5023,0,observed,
5024,0,observed,
5025,0,observed,
5026,0,observed,
5027,0,observed,
5028,0,observed,
5029,0,observed,
5030,0,observed,
5031,0,observed,
5032,0,observed,
5033,0,observed,
5034,0,observed,
5035,0,observed,
5036,0,observed,
5037,0,observed,
5038,1,mnar,33
5039,0,observed,
5040,0,observed,
5041,0,observed,
5042,0,observed,
5043,0,observed,
5044,0,observed,
5045,0,observed,
5046,1,mnar,30
5047,0,observed,
5048,0,observed,
5049,0,observed,
5050,0,observed,
5051,1,mnar,44
5052,0,observed,
5053,0,observed,
5054,0,observed,
5055,0,observed,
5056,0,observed,
5057,1,mnar,37
5058,1,mnar,44
5059,0,observed,
5060,0,observed,
5061,0,observed,
5062,0,observed,
5063,0,observed,
5064,0,observed,
5065,0,observed,
5066,0,observed,
5067,0,observed,
5068,0,observed,
5069,0,observed,
5070,0,observed,
5071,0,observed,
5072,0,observed,
5073,0,observed,
5074,0,observed,
5075,1,mnar,42
5076,0,observed,
5077,0,observed,
5078,0,observed,
5079,1,mnar,47
5080,0,observed,
5081,0,observed,
5082,1,mnar,43
5083,0,observed,
5084,0,observed,
5085,0,observed,
5086,0,observed,
5087,0,observed,
5088,0,observed,
5089,1,mnar,32
5090,0,observed,
5091,0,observed,
5092,0,observed,
5093,0,observed,
5094,0,observed,
5095,0,observed,
5096,0,observed,
5097,0,observed,
5098,0,observed,
5099,0,observed,
5100,1,mnar,30
5101,0,observed,
5102,0,observed,
5103,0,observed,
5104,0,observed,
5105,0,observed,
5106,0,observed,
5107,1,mnar,51
5108,0,observed,
5109,0,observed,
5110,0,observed,
5111,1,mnar,36
5112,0,observed,
5113,0,observed,
5114,0,observed,
5115,0,observed,
5116,0,observed,
5117,0,observed,
5118,0,observed,
5119,0,observed,
5120,0,observed,
5121,0,observed,
5122,0,observed,
5123,0,observed,
5124,0,observed,
5125,0,observed,
5126,0,observed,
5127,0,observed,
5128,0,observed,
5129,0,observed,
5130,0,observed,
5131,0,observed,
5132,0,observed,
5133,0,observed,
5134,0,observed,
5135,0,observed,
5136,1,mnar,30
5137,1,mnar,38
5138,0,observed,
5139,0,observed,
5140,0,observed,
5141,0,observed,
5142,0,observed,
5143,0,observed,
5144,0,observed,
5145,0,observed,
5146,0,observed,
5147,0,observed,
5148,0,observed,
5149,0,observed,
5150,0,observed,
5151,0,observed,
5152,0,observed,
5153,0,observed,
5154,0,observed,
5155,0,observed,
5156,0,observed,
5157,0,observed,
5158,0,observed,
5159,0,observed,
5160,0,observed,
5161,0,observed,
5162,0,observed,
5163,0,observed,
5164,0,observed,
5165,0,observed,
5166,0,observed,
5167,0,observed,
5168,0,observed,
5169,0,observed,
5170,0,observed,
5171,0,observed,
5172,0,observed,
5173,1,mnar,33
5174,0,observed,
5175,0,observed,
5176,0,observed,
5177,0,observed,
5178,0,observed,
5179,0,observed,
5180,0,observed,
5181,0,observed,
5182,0,observed,
5183,1,random,23
5184,0,observed,
5185,0,observed,
5186,0,observed,
5187,0,observed,
5188,0,observed,
5189,0,observed,
5190,0,observed,
5191,0,observed,
5192,0,observed,
5193,0,observed,
5194,0,observed,
5195,0,observed,
5196,1,random,31
5197,0,observed,
5198,1,random,28
5199,0,observed,
5200,0,observed,
5201,0,observed,
5202,1,random,24
5203,0,observed,
5204,0,observed,
5205,1,mnar,31
5206,0,observed,
5207,0,observed,
5208,0,observed,
5209,1,mnar,36
5210,0,observed,
5211,0,observed,
5212,1,mnar,34
5213,0,observed,
5214,0,observed,
5215,1,mnar,41
5216,0,observed,
5217,0,observed,
5218,0,observed,
5219,1,mnar,31
5220,1,mnar,36
5221,0,observed,
5222,0,observed,
5223,0,observed,
5224,0,observed,
5225,0,observed,
5226,0,observed,
5227,0,observed,
5228,0,observed,
5229,0,observed,
5230,0,observed,
5231,0,observed,
5232,0,observed,
5233,0,observed,
5234,0,observed,
5235,0,observed,
5236,0,observed,
5237,0,observed,
5238,0,observed,
5239,0,observed,
5240,0,observed,
5241,1,mnar,30
5242,0,observed,
5243,0,observed,
5244,0,observed,
5245,0,observed,
5246,0,observed,
5247,0,observed,
5248,0,observed,
5249,0,observed,
5250,0,observed,
5251,0,observed,
5252,0,observed,
5253,0,observed,
5254,0,observed,
5255,0,observed,
5256,0,observed,
5257,0,observed,
5258,1,mnar,32
5259,0,observed,
5260,0,observed,
5261,0,observed,
5262,1,mnar,37
5263,0,observed,
5264,0,observed,
5265,0,observed,
5266,0,observed,
5267,1,mnar,30
5268,0,observed,
5269,1,random,36
5270,0,observed,
5271,1,mnar,40
5272,1,random,35
5273,0,observed,
5274,0,observed,
5275,0,observed,
5276,0,observed,
5277,0,observed,
5278,0,observed,
5279,0,observed,
5280,0,observed,
5281,0,observed,
5282,0,observed,
5283,0,observed,
5284,0,observed,
5285,0,observed,
5286,0,observed,
5287,0,observed,
5288,0,observed,
5289,0,observed,
5290,0,observed,
5291,0,observed,
5292,0,observed,
5293,0,observed,
5294,0,observed,
5295,0,observed,
5296,0,observed,
5297,0,observed,
5298,1,mnar,31
5299,0,observed,
5300,0,observed,
5301,0,observed,
5302,0,observed,
5303,0,observed,
5304,0,observed,
5305,0,observed,
5306,0,observed,
5307,0,observed,
5308,0,observed,
5309,1,random,27
5310,0,observed,
5311,0,observed,
5312,0,observed,
5313,1,mnar,41
5314,0,observed,
5315,0,observed,
5316,0,observed,
5317,0,observed,
5318,0,observed,
5319,0,observed,
5320,0,observed,
5321,0,observed,
5322,0,observed,
5323,1,random,24
5324,1,mnar,42
5325,0,observed,
5326,1,mnar,38
5327,0,observed,
5328,0,observed,
5329,0,observed,
5330,0,observed,
5331,0,observed,
5332,1,mnar,32
5333,0,observed,
5334,0,observed,
5335,0,observed,
5336,0,observed,
5337,0,observed,
5338,0,observed,
5339,0,observed,
5340,0,observed,
5341,0,observed,
5342,0,observed,
5343,0,observed,
5344,0,observed,
5345,0,observed,
5346,0,observed,
5347,0,observed,
5348,0,observed,
5349,0,observed,
5350,0,observed,
5351,0,observed,
5352,0,observed,
5353,0,observed,
5354,0,observed,
5355,0,observed,
5356,1,mnar,37
5357,0,observed,
5358,0,observed,
5359,1,random,27
5360,0,observed,
5361,0,observed,
5362,0,observed,
5363,0,observed,
5364,0,observed,
5365,0,observed,
5366,0,observed,
5367,0,observed,
5368,0,observed,
5369,0,observed,
5370,0,observed,
5371,0,observed,
5372,0,observed,
5373,0,observed,
5374,0,observed,
5375,0,observed,
5376,0,observed,
5377,0,observed,
5378,0,observed,
5379,0,observed,
5380,0,observed,
5381,1,random,21
5382,0,observed,
5383,1,mnar,34
5384,0,observed,
5385,0,observed,
5386,0,observed,
5387,0,observed,
5388,0,observed,
5389,1,mnar,53
5390,0,observed,
5391,0,observed,
5392,0,observed,
5393,1,mnar,38
5394,0,observed,
5395,0,observed,
5396,0,observed,
5397,0,observed,
5398,0,observed,
5399,0,observed,
5400,0,observed,
5401,0,observed,
5402,0,observed,
5403,0,observed,
5404,0,observed,
5405,0,observed,
5406,0,observed,
5407,0,observed,
5408,0,observed,
5409,0,observed,
5410,0,observed,
5411,0,observed,
5412,0,observed,
5413,0,observed,
5414,0,observed,
5415,0,observed,
5416,1,mnar,35
5417,0,observed,
5418,0,observed,
5419,0,observed,
5420,0,observed,
5421,1,random,24
5422,1,mnar,31
5423,0,observed,
5424,0,observed,
5425,0,observed,
5426,0,observed,
5427,0,observed,
5428,0,observed,
5429,0,observed,
5430,0,observed,
5431,0,observed,
5432,0,observed,
5433,1,mnar,36
5434,0,observed,
5435,0,observed,
5436,0,observed,
5437,0,observed,
5438,0,observed,
5439,0,observed,
5440,1,random,29
5441,0,observed,
5442,0,observed,
5443,0,observed,
5444,0,observed,
5445,0,observed,
5446,0,observed,
5447,0,observed,
5448,0,observed,
5449,0,observed,
5450,0,observed,
5451,0,observed,
5452,0,observed,
5453,0,observed,
5454,0,observed,
5455,0,observed,
5456,0,observed,
5457,0,observed,
5458,0,observed,
5459,1,mnar,39
5460,0,observed,
5461,0,observed,
5462,1,mnar,37
5463,0,observed,
5464,0,observed,
5465,1,mnar,41
5466,0,observed,
5467,0,observed,
5468,0,observed,
5469,0,observed,
5470,0,observed,
5471,0,observed,
5472,0,observed,
5473,0,observed,
5474,0,observed,
5475,0,observed,
5476,0,observed,
5477,0,observed,
5478,0,observed,
5479,0,observed,
5480,0,observed,
5481,0,observed,
5482,0,observed,
5483,0,observed,
5484,0,observed,
5485,0,observed,
5486,0,observed,
5487,0,observed,
5488,0,observed,
5489,0,observed,
5490,1,mnar,30
5491,0,observed,
5492,0,observed,
5493,0,observed,
5494,0,observed,
5495,0,observed,
5496,0,observed,
5497,0,observed,
5498,0,observed,
5499,0,observed,
5500,0,observed,
5501,0,observed,
5502,0,observed,
5503,0,observed,
5504,0,observed,
5505,0,observed,
5506,0,observed,
5507,0,observed,
5508,0,observed,
5509,0,observed,
5510,1,mnar,36
5511,0,observed,
5512,0,observed,
5513,0,observed,
5514,0,observed,
5515,0,observed,
5516,0,observed,
5517,0,observed,
5518,0,observed,
5519,0,observed,
5520,1,mnar,37
5521,0,observed,
5522,0,observed,
5523,0,observed,
5524,0,observed,
5525,0,observed,
5526,0,observed,
5527,1,random,37
5528,0,observed,
5529,0,observed,
5530,1,mnar,34
5531,1,mnar,37
5532,0,observed,
5533,0,observed,
5534,0,observed,
5535,0,observed,
5536,0,observed,
5537,0,observed,
5538,0,observed,
5539,0,observed,
5540,0,observed,
5541,0,observed,
5542,0,observed,
5543,0,observed,
5544,0,observed,
5545,0,observed,
5546,0,observed,
5547,1,random,29
5548,0,observed,
5549,0,observed,
5550,0,observed,
5551,0,observed,
5552,0,observed,
5553,0,observed,
5554,0,observed,
5555,1,mnar,36
5556,0,observed,
5557,0,observed,
5558,0,observed,
5559,0,observed,
5560,0,observed,
5561,0,observed,
5562,0,observed,
5563,0,observed,
5564,0,observed,
5565,0,observed,
5566,0,observed,
5567,0,observed,
5568,1,mnar,33
5569,0,observed,
5570,1,mnar,42
5571,0,observed,
5572,0,observed,
5573,1,mnar,30
5574,0,observed,
5575,0,observed,
5576,0,observed,
5577,0,observed,
5578,1,mnar,38
5579,0,observed,
5580,0,observed,
5581,0,observed,
5582,0,observed,
5583,0,observed,
5584,0,observed,
5585,0,observed,
5586,1,mnar,52
5587,0,observed,
5588,0,observed,
5589,1,random,16
5590,0,observed,
5591,0,observed,
5592,0,observed,
5593,0,observed,
5594,0,observed,
5595,0,observed,
5596,1,mnar,33
5597,0,observed,
5598,0,observed,
5599,0,observed,
5600,0,observed,
5601,0,observed,
5602,0,observed,
5603,0,observed,
5604,0,observed,
5605,0,observed,
5606,0,observed,
5607,0,observed,
5608,0,observed,
5609,0,observed,
5610,0,observed,
5611,0,observed,
5612,0,observed,
5613,0,observed,
5614,0,observed,
5615,0,observed,
5616,0,observed,
5617,0,observed,
5618,0,observed,
5619,0,observed,
5620,0,observed,
5621,0,observed,
5622,0,observed,
5623,0,observed,
5624,0,observed,
5625,1,mnar,37
5626,0,observed,
5627,0,observed,
5628,0,observed,
5629,1,mnar,33
5630,0,observed,
5631,0,observed,
5632,0,observed,
5633,0,observed,
5634,0,observed,
5635,0,observed,
5636,0,observed,
5637,0,observed,
5638,0,observed,
5639,0,observed,
5640,0,observed,
5641,0,observed,
5642,0,observed,
5643,0,observed,
5644,0,observed,
5645,0,observed,
5646,0,observed,
5647,0,observed,
5648,0,observed,
5649,1,mnar,43
5650,0,observed,
5651,0,observed,
5652,0,observed,
5653,1,random,19
5654,0,observed,
5655,0,observed,
5656,0,observed,
5657,0,observed,
5658,0,observed,
5659,0,observed,
5660,0,observed,
5661,0,observed,
5662,0,observed,
5663,0,observed,
5664,0,observed,
5665,0,observed,
5666,1,mnar,36
5667,1,mnar,30
5668,0,observed,
5669,0,observed,
5670,0,observed,
5671,0,observed,
5672,0,observed,
5673,0,observed,
5674,1,random,27
5675,0,observed,
5676,0,observed,
5677,0,observed,
5678,0,observed,
5679,0,observed,
5680,0,observed,
5681,0,observed,
5682,0,observed,
5683,0,observed,
5684,0,observed,
5685,0,observed,
5686,0,observed,
5687,1,mnar,47
5688,0,observed,
5689,0,observed,
5690,0,observed,
5691,0,observed,
5692,0,observed,
5693,1,mnar,37
5694,0,observed,
5695,1,mnar,41
5696,0,observed,
5697,0,observed,
5698,0,observed,
5699,0,observed,
5700,1,mnar,39
5701,0,observed,
5702,0,observed,
5703,1,random,46
5704,0,observed,
5705,0,observed,
5706,0,observed,
5707,0,observed,
5708,0,observed,
5709,0,observed,
5710,0,observed,
5711,0,observed,
5712,0,observed,
5713,0,observed,
5714,0,observed,
5715,0,observed,
5716,0,observed,
5717,1,mnar,30
5718,0,observed,
5719,0,observed,
5720,0,observed,
5721,0,observed,
5722,0,observed,
5723,0,observed,
5724,1,mnar,41
5725,1,mnar,48
5726,0,observed,
5727,0,observed,
5728,0,observed,
5729,0,observed,
5730,0,observed,
5731,0,observed,
5732,0,observed,
5733,0,observed,
5734,0,observed,
5735,0,observed,
5736,1,mnar,51
5737,0,observed,
5738,0,observed,
5739,0,observed,
5740,0,observed,
5741,1,random,44
5742,0,observed,
5743,0,observed,
5744,0,observed,
5745,0,observed,
5746,0,observed,
5747,1,mnar,47
5748,0,observed,
5749,0,observed,
5750,0,observed,
5751,0,observed,
5752,0,observed,
5753,0,observed,
5754,0,observed,
5755,0,observed,
5756,0,observed,
5757,0,observed,
5758,0,observed,
5759,0,observed,
5760,0,observed,
5761,0,observed,
5762,1,mnar,82
5763,0,observed,
5764,0,observed,
5765,0,observed,
5766,0,observed,
5767,0,observed,
5768,0,observed,
5769,1,mnar,30
5770,0,observed,
5771,0,observed,
5772,0,observed,
5773,0,observed,
5774,0,observed,
5775,0,observed,
5776,0,observed,
5777,0,observed,
5778,0,observed,
5779,0,observed,
5780,0,observed,
5781,0,observed,
5782,0,observed,
5783,0,observed,
5784,0,observed,
5785,0,observed,
5786,0,observed,
5787,0,observed,
5788,1,mnar,35
5789,0,observed,
5790,0,observed,
5791,0,observed,
5792,0,observed,
5793,0,observed,
5794,1,random,24
5795,1,mnar,37
5796,0,observed,
5797,0,observed,
5798,0,observed,
5799,0,observed,
5800,0,observed,
5801,0,observed,
5802,0,observed,
5803,0,observed,
5804,0,observed,
5805,0,observed,
5806,0,observed,
5807,0,observed,
5808,1,mnar,33
5809,0,observed,
5810,0,observed,
5811,0,observed,
5812,0,observed,
5813,0,observed,
5814,0,observed,
5815,0,observed,
5816,0,observed,
5817,0,observed,
5818,0,observed,
5819,0,observed,
5820,0,observed,
5821,0,observed,
5822,0,observed,
5823,0,observed,
5824,0,observed,
5825,0,observed,
5826,0,observed,
5827,0,observed,
5828,0,observed,
5829,0,observed,
5830,1,mnar,32
5831,0,observed,
5832,0,observed,
5833,0,observed,
5834,0,observed,
5835,0,observed,
5836,0,observed,
5837,0,observed,
5838,0,observed,
5839,0,observed,
5840,0,observed,
5841,0,observed,
5842,0,observed,
5843,0,observed,
5844,0,observed,
5845,1,mnar,34
5846,0,observed,
5847,0,observed,
5848,1,mnar,41
5849,0,observed,
5850,0,observed,
5851,0,observed,
5852,0,observed,
5853,0,observed,
5854,0,observed,
5855,1,mnar,35
5856,0,observed,
5857,0,observed,
5858,0,observed,
5859,0,observed,
5860,0,observed,
5861,1,random,30
5862,0,observed,
5863,0,observed,
5864,0,observed,
5865,0,observed,
5866,0,observed,
5867,0,observed,
5868,0,observed,
5869,0,observed,
5870,0,observed,
5871,0,observed,
5872,0,observed,
5873,0,observed,
5874,0,observed,
5875,0,observed,
5876,0,observed,
5877,0,observed,
5878,0,observed,
5879,0,observed,
5880,0,observed,
5881,0,observed,
5882,0,observed,
5883,0,observed,
5884,0,observed,
5885,0,observed,
5886,0,observed,
5887,0,observed,
5888,0,observed,
5889,0,observed,
5890,0,observed,
5891,0,observed,
5892,0,observed,
5893,0,observed,
5894,0,observed,
5895,0,observed,
5896,0,observed,
5897,0,observed,
5898,0,observed,
5899,0,observed,
5900,1,mnar,35
5901,1,mnar,38
5902,0,observed,
5903,0,observed,
5904,0,observed,
5905,0,observed,
5906,0,observed,
5907,0,observed,
5908,0,observed,
5909,0,observed,
5910,1,random,23
5911,0,observed,
5912,0,observed,
5913,1,mnar,30
5914,0,observed,
5915,0,observed,
5916,0,observed,
5917,0,observed,
5918,0,observed,
5919,1,mnar,46
5920,0,observed,
5921,0,observed,
5922,0,observed,
5923,0,observed,
5924,0,observed,
5925,1,mnar,45
5926,0,observed,
5927,0,observed,
5928,0,observed,
5929,0,observed,
5930,0,observed,
5931,0,observed,
5932,0,observed,
5933,0,observed,
5934,0,observed,
5935,0,observed,
5936,0,observed,
5937,0,observed,
5938,1,mnar,35
5939,0,observed,
5940,0,observed,
5941,0,observed,
5942,0,observed,
5943,0,observed,
5944,0,observed,
5945,0,observed,
5946,0,observed,
5947,0,observed,
5948,0,observed,
5949,0,observed,
5950,0,observed,
5951,0,observed,
5952,1,mnar,41
5953,0,observed,
5954,0,observed,
5955,1,mnar,44
5956,0,observed,
5957,0,observed,
5958,0,observed,
5959,0,observed,
5960,0,observed,
5961,0,observed,
5962,0,observed,
5963,0,observed,
5964,0,observed,
5965,0,observed,
5966,0,observed,
5967,0,observed,
5968,0,observed,
5969,0,observed,
5970,1,random,28
5971,0,observed,
5972,0,observed,
5973,0,observed,
5974,0,observed,
5975,0,observed,
5976,0,observed,
5977,0,observed,
5978,0,observed,
5979,0,observed,
5980,0,observed,
5981,0,observed,
5982,0,observed,
5983,0,observed,
5984,0,observed,
5985,0,observed,
5986,0,observed,
5987,0,observed,
5988,0,observed,
5989,0,observed,
5990,0,observed,
5991,1,mnar,48
5992,0,observed,
5993,0,observed,
5994,0,observed,
5995,0,observed,
5996,1,mnar,39
5997,0,observed,
5998,0,observed,
5999,1,mnar,43
6000,0,observed,
6001,0,observed,
6002,0,observed,
6003,0,observed,
6004,0,observed,
6005,1,random,23
6006,0,observed,
6007,0,observed,
6008,0,observed,
6009,0,observed,
6010,0,observed,
6011,0,observed,
6012,0,observed,
6013,0,observed,
6014,0,observed,
6015,0,observed,
6016,0,observed,
6017,0,observed,
6018,0,observed,
6019,0,observed,
6020,1,mnar,41
6021,0,observed,
6022,0,observed,
6023,0,observed,
6024,0,observed,
6025,0,observed,
6026,0,observed,
6027,0,observed,
6028,0,observed,
6029,0,observed,
6030,0,observed,
6031,0,observed,
6032,0,observed,
6033,1,random,22
6034,0,observed,
6035,0,observed,
6036,0,observed,
6037,0,observed,
6038,0,observed,
6039,1,random,33
6040,0,observed,
6041,0,observed,
6042,0,observed,
6043,0,observed,
6044,0,observed,
6045,0,observed,
6046,0,observed,
6047,0,observed,
6048,0,observed,
6049,0,observed,
6050,0,observed,
6051,0,observed,
6052,0,observed,
6053,0,observed,
6054,0,observed,
6055,0,observed,
6056,0,observed,
6057,0,observed,
6058,0,observed,
6059,0,observed,
6060,0,observed,
6061,0,observed,
6062,0,observed,
6063,0,observed,
6064,0,observed,
6065,1,mnar,32
6066,1,mnar,38
6067,0,observed,
6068,1,mnar,55
6069,0,observed,
6070,0,observed,
6071,0,observed,
6072,0,observed,
6073,0,observed,
6074,0,observed,
6075,0,observed,
6076,0,observed,
6077,1,random,27
6078,0,observed,
6079,0,observed,
6080,1,mnar,56
6081,0,observed,
6082,0,observed,
6083,0,observed,
6084,0,observed,
6085,0,observed,
6086,0,observed,
6087,0,observed,
6088,0,observed,
6089,0,observed,
6090,0,observed,
6091,0,observed,
6092,0,observed,
6093,0,observed,
6094,0,observed,
6095,0,observed,
6096,0,observed,
6097,0,observed,
6098,0,observed,
6099,0,observed,
6100,0,observed,
6101,0,observed,
6102,1,mnar,51
6103,1,mnar,37
6104,0,observed,
6105,0,observed,
6106,1,mnar,44
6107,0,observed,
6108,0,observed,
6109,0,observed,
6110,0,observed,
6111,0,observed,
6112,0,observed,
6113,0,observed,
6114,0,observed,
6115,0,observed,
6116,0,observed,
6117,0,observed,
6118,0,observed,
6119,0,observed,
6120,0,observed,
6121,1,mnar,45
6122,0,observed,
6123,0,observed,
6124,0,observed,
6125,0,observed,
6126,0,observed,
6127,0,observed,
6128,0,observed,
6129,0,observed,
6130,0,observed,
6131,0,observed,
6132,0,observed,
6133,0,observed,
6134,0,observed,
6135,0,observed,
6136,0,observed,
6137,0,observed,
6138,0,observed,
6139,0,observed,
6140,0,observed,
6141,0,observed,
6142,0,observed,
6143,0,observed,
6144,0,observed,
6145,0,observed,
6146,0,observed,
6147,0,observed,
6148,0,observed,
6149,0,observed,
6150,0,observed,
6151,0,observed,
6152,1,mnar,36
6153,0,observed,
6154,0,observed,
6155,0,observed,
6156,0,observed,
6157,0,observed,
6158,0,observed,
6159,0,observed,
6160,0,observed,
6161,0,observed,
6162,0,observed,
6163,0,observed,
6164,0,observed,
6165,1,mnar,36
6166,0,observed,
6167,0,observed,
6168,0,observed,
6169,0,observed,
6170,0,observed,
6171,0,observed,
6172,0,observed,
6173,1,mnar,30
6174,0,observed,
6175,0,observed,
6176,0,observed,
6177,0,observed,
6178,0,observed,
6179,0,observed,
6180,0,observed,
6181,0,observed,
6182,0,observed,
6183,0,observed,
6184,0,observed,
6185,0,observed,
6186,1,mnar,31
6187,0,observed,
6188,0,observed,
6189,0,observed,
6190,0,observed,
6191,0,observed,
6192,0,observed,
6193,0,observed,
6194,0,observed,
6195,0,observed,
6196,0,observed,
6197,1,mnar,50
6198,0,observed,
6199,0,observed,
6200,0,observed,
6201,0,observed,
6202,0,observed,
6203,0,observed,
6204,0,observed,
6205,0,observed,
6206,0,observed,
6207,0,observed,
6208,0,observed,
6209,0,observed,
6210,0,observed,
6211,0,observed,
6212,0,observed,
6213,1,mnar,34
6214,0,observed,
6215,0,observed,
6216,1,mnar,33
6217,0,observed,
6218,0,observed,
6219,0,observed,
6220,0,observed,
6221,0,observed,
6222,0,observed,
6223,0,observed,
6224,0,observed,
6225,0,observed,
6226,0,observed,
6227,0,observed,
6228,0,observed,
6229,0,observed,
6230,0,observed,
6231,1,random,25
6232,1,mnar,32
6233,0,observed,
6234,0,observed,
6235,0,observed,
6236,0,observed,
6237,1,mnar,33
6238,0,observed,
6239,0,observed,
6240,0,observed,
6241,1,mnar,41
6242,0,observed,
6243,0,observed,
6244,0,observed,
6245,0,observed,
6246,0,observed,
6247,0,observed,
6248,0,observed,
6249,0,observed,
6250,0,observed,
6251,1,mnar,36
6252,1,random,27
6253,0,observed,
6254,0,observed,
6255,0,observed,
6256,0,observed,
6257,0,observed,
6258,0,observed,
6259,0,observed,
6260,0,observed,
6261,1,random,29
6262,0,observed,
6263,0,observed,
6264,0,observed,
6265,0,observed,
6266,0,observed,
6267,0,observed,
6268,0,observed,
6269,0,observed,
6270,0,observed,
6271,0,observed,
6272,0,observed,
6273,0,observed,
6274,0,observed,
6275,1,mnar,33
6276,0,observed,
6277,0,observed,
6278,0,observed,
6279,0,observed,
6280,0,observed,
6281,0,observed,
6282,0,observed,
6283,0,observed,
6284,0,observed,
6285,0,observed,
6286,0,observed,
6287,0,observed,
6288,0,observed,
6289,0,observed,
6290,0,observed,
6291,0,observed,
6292,1,random,24
6293,0,observed,
6294,0,observed,
6295,0,observed,
6296,0,observed,
6297,0,observed,
6298,0,observed,
6299,0,observed,
6300,0,observed,
6301,1,mnar,33
6302,0,observed,
6303,0,observed,
6304,0,observed,
6305,0,observed,
6306,0,observed,
6307,0,observed,
6308,0,observed,
6309,1,mnar,33
6310,0,observed,
6311,0,observed,
6312,0,observed,
6313,0,observed,
6314,0,observed,
6315,0,observed,
6316,0,observed,
6317,0,observed,
6318,0,observed,
6319,0,observed,
6320,0,observed,
6321,0,observed,
6322,0,observed,
6323,0,observed,
6324,0,observed,
6325,0,observed,
6326,1,mnar,41
6327,1,mnar,40
6328,0,observed,
6329,0,observed,
6330,0,observed,
6331,0,observed,
6332,0,observed,
6333,0,observed,
6334,0,observed,
6335,0,observed,
6336,0,observed,
6337,1,mnar,36
6338,0,observed,
6339,0,observed,
6340,1,random,36
6341,0,observed,
6342,0,observed,
6343,1,mnar,41
6344,0,observed,
6345,0,observed,
6346,0,observed,
6347,0,observed,
6348,0,observed,
6349,0,observed,
6350,0,observed,
6351,0,observed,
6352,0,observed,
6353,0,observed,
6354,0,observed,
6355,1,mnar,30
6356,0,observed,
6357,1,mnar,40
6358,0,observed,
6359,0,observed,
6360,0,observed,
6361,0,observed,
6362,0,observed,
6363,1,random,34
6364,0,observed,
6365,0,observed,
6366,0,observed,
6367,0,observed,
6368,0,observed,
6369,0,observed,
6370,0,observed,
6371,0,observed,
6372,0,observed,
6373,1,mnar,35
6374,0,observed,
6375,0,observed,
6376,0,observed,
6377,0,observed,
6378,0,observed,
6379,0,observed,
6380,0,observed,
6381,0,observed,
6382,1,mnar,40
6383,1,mnar,32
6384,0,observed,
6385,0,observed,
6386,0,observed,
6387,0,observed,
6388,0,observed,
6389,1,mnar,40
6390,0,observed,
6391,0,observed,
6392,0,observed,
6393,0,observed,
6394,0,observed,
6395,0,observed,
6396,0,observed,
6397,0,observed,
6398,0,observed,
6399,0,observed,
6400,0,observed,
6401,0,observed,
6402,0,observed,
6403,0,observed,
6404,0,observed,
6405,0,observed,
6406,0,observed,
6407,0,observed,
6408,0,observed,
6409,0,observed,
6410,0,observed,
6411,0,observed,
6412,0,observed,
6413,0,observed,
6414,0,observed,
6415,0,observed,
6416,0,observed,
6417,0,observed,
6418,0,observed,
6419,0,observed,
6420,0,observed,
6421,0,observed,
6422,0,observed,
6423,0,observed,
6424,1,mnar,35
6425,0,observed,
6426,0,observed,
6427,0,observed,
6428,0,observed,
6429,0,observed,
6430,1,mnar,42
6431,0,observed,
6432,1,mnar,48
6433,0,observed,
6434,0,observed,
6435,0,observed,
6436,0,observed,
6437,0,observed,
6438,0,observed,
6439,0,observed,
6440,0,observed,
6441,0,observed,
6442,1,random,36
6443,0,observed,
6444,0,observed,
6445,0,observed,
6446,0,observed,
6447,0,observed,
6448,0,observed,
6449,1,mnar,41
6450,0,observed,
6451,0,observed,
6452,0,observed,
6453,0,observed,
6454,0,observed,
6455,0,observed,
6456,0,observed,
6457,0,observed,
6458,0,observed,
6459,0,observed,
6460,0,observed,
6461,0,observed,
6462,0,observed,
6463,0,observed,
6464,0,observed,
6465,0,observed,
6466,0,observed,
6467,0,observed,
6468,0,observed,
6469,0,observed,
6470,0,observed,
6471,0,observed,
6472,1,random,20
6473,0,observed,
6474,0,observed,
6475,0,observed,
6476,0,observed,
6477,0,observed,
6478,0,observed,
6479,0,observed,
6480,0,observed,
6481,0,observed,
6482,1,mnar,30
6483,1,mnar,40
6484,0,observed,
6485,0,observed,
6486,0,observed,
6487,0,observed,
6488,0,observed,
6489,0,observed,
6490,0,observed,
6491,0,observed,
6492,0,observed,
6493,1,mnar,42
6494,0,observed,
6495,0,observed,
6496,0,observed,
6497,0,observed,
6498,0,observed,
6499,0,observed,
6500,0,observed,
6501,1,random,44
6502,0,observed,
6503,0,observed,
6504,0,observed,
6505,0,observed,
6506,0,observed,
6507,0,observed,
6508,0,observed,
6509,0,observed,
6510,0,observed,
6511,0,observed,
6512,0,observed,
6513,0,observed,
6514,0,observed,
6515,0,observed,
6516,0,observed,
6517,1,random,37
6518,0,observed,
6519,0,observed,
6520,0,observed,
6521,0,observed,
6522,0,observed,
6523,0,observed,
6524,0,observed,
6525,0,observed,
6526,0,observed,
6527,0,observed,
6528,0,observed,
6529,0,observed,
6530,0,observed,
6531,0,observed,
6532,0,observed,
6533,0,observed,
6534,0,observed,
6535,0,observed,
6536,1,mnar,40
6537,0,observed,
6538,0,observed,
6539,1,mnar,43
6540,0,observed,
6541,0,observed,
6542,0,observed,
6543,0,observed,
6544,0,observed,
6545,0,observed,
6546,0,observed,
6547,0,observed,
6548,0,observed,
6549,0,observed,
6550,1,mnar,36
6551,0,observed,
6552,0,observed,
6553,0,observed,
6554,0,observed,
6555,0,observed,
6556,0,observed,
6557,0,observed,
6558,0,observed,
6559,0,observed,
6560,0,observed,
6561,0,observed,
6562,0,observed,
6563,0,observed,
6564,0,observed,
6565,0,observed,
6566,0,observed,
6567,0,observed,
6568,0,observed,
6569,0,observed,
6570,0,observed,
6571,0,observed,
6572,0,observed,
6573,0,observed,
6574,0,observed,
6575,0,observed,
6576,0,observed,
6577,0,observed,
6578,0,observed,
6579,0,observed,
6580,0,observed,
6581,0,observed,
6582,0,observed,
6583,0,observed,
6584,0,observed,
6585,0,observed,
6586,0,observed,
6587,0,observed,
6588,0,observed,
6589,0,observed,
6590,1,random,38
6591,0,observed,
6592,0,observed,
6593,0,observed,
6594,0,observed,
6595,0,observed,
6596,0,observed,
6597,0,observed,
6598,0,observed,
6599,0,observed,
6600,0,observed,
6601,0,observed,
6602,0,observed,
6603,0,observed,
6604,0,observed,
6605,0,observed,
6606,0,observed,
6607,0,observed,
6608,0,observed,
6609,0,observed,
6610,0,observed,
6611,0,observed,
6612,0,observed,
6613,0,observed,
6614,0,observed,
6615,0,observed,
6616,0,observed,
6617,0,observed,
6618,0,observed,
6619,0,observed,
6620,0,observed,
6621,0,observed,
6622,0,observed,
6623,0,observed,
6624,1,mnar,35
6625,0,observed,
6626,0,observed,
6627,0,observed,
6628,1,mnar,71
6629,0,observed,
6630,1,random,28
6631,0,observed,
6632,0,observed,
6633,0,observed,
6634,0,observed,
6635,1,mnar,43
6636,1,mnar,30
6637,0,observed,
6638,0,observed,
6639,0,observed,
6640,0,observed,
6641,0,observed,
6642,0,observed,
6643,0,observed,
6644,0,observed,
6645,0,observed,
6646,0,observed,
6647,0,observed,
6648,0,observed,
6649,0,observed,
6650,0,observed,
6651,0,observed,
6652,0,observed,
6653,0,observed,
6654,0,observed,
6655,0,observed,
6656,0,observed,
6657,0,observed,
6658,0,observed,
6659,0,observed,
6660,0,observed,
6661,0,observed,
6662,0,observed,
6663,0,observed,
6664,0,observed,
6665,0,observed,
6666,0,observed,
6667,0,observed,
6668,0,observed,
6669,0,observed,
6670,1,mnar,31
6671,0,observed,
6672,0,observed,
6673,0,observed,
6674,1,mnar,47
6675,0,observed,
6676,0,observed,
6677,0,observed,
6678,0,observed,
6679,0,observed,
6680,0,observed,
6681,1,random,30
6682,0,observed,
6683,0,observed,
6684,0,observed,
6685,0,observed,
6686,0,observed,
6687,1,random,31
6688,0,observed,
6689,0,observed,
6690,0,observed,
6691,0,observed,
6692,1,mnar,30
6693,0,observed,
6694,0,observed,
6695,0,observed,
6696,0,observed,
6697,0,observed,
6698,0,observed,
6699,0,observed,
6700,0,observed,
6701,0,observed,
6702,0,observed,
6703,0,observed,
6704,0,observed,
6705,0,observed,
6706,0,observed,
6707,0,observed,
6708,0,observed,
6709,0,observed,
6710,0,observed,
6711,0,observed,
6712,0,observed,
6713,0,observed,
6714,0,observed,
6715,0,observed,
6716,0,observed,
6717,0,observed,
6718,0,observed,
6719,0,observed,
6720,0,observed,
6721,0,observed,
6722,0,observed,
6723,0,observed,
6724,0,observed,
6725,0,observed,
6726,0,observed,
6727,1,random,36
6728,0,observed,
6729,0,observed,
6730,0,observed,
6731,0,observed,
6732,0,observed,
6733,0,observed,
6734,0,observed,
6735,0,observed,
6736,1,mnar,37
6737,0,observed,
6738,0,observed,
6739,0,observed,
6740,1,mnar,38
6741,0,observed,
6742,0,observed,
6743,1,random,33
6744,0,observed,
6745,0,observed,
6746,0,observed,
6747,0,observed,
6748,0,observed,
6749,0,observed,
6750,1,mnar,36
6751,0,observed,
6752,0,observed,
6753,0,observed,
6754,0,observed,
6755,0,observed,
6756,0,observed,
6757,0,observed,
6758,0,observed,
6759,0,observed,
6760,0,observed,
6761,0,observed,
6762,0,observed,
6763,0,observed,
6764,0,observed,
6765,0,observed,
6766,0,observed,
6767,0,observed,
6768,0,observed,
6769,0,observed,
6770,0,observed,
6771,0,observed,
6772,0,observed,
6773,0,observed,
6774,0,observed,
6775,0,observed,
6776,0,observed,
6777,1,mnar,32
6778,0,observed,
6779,0,observed,
6780,0,observed,
6781,0,observed,
6782,1,mnar,49
6783,0,observed,
6784,1,mnar,36
6785,0,observed,
6786,0,observed,
6787,0,observed,
6788,0,observed,
6789,1,random,29
6790,1,random,36
6791,0,observed,
6792,0,observed,
6793,0,observed,
6794,0,observed,
6795,0,observed,
6796,0,observed,
6797,0,observed,
6798,0,observed,
6799,0,observed,
6800,0,observed,
6801,0,observed,
6802,0,observed,
6803,0,observed,
6804,0,observed,
6805,0,observed,
6806,0,observed,
6807,0,observed,
6808,0,observed,
6809,0,observed,
6810,0,observed,
6811,0,observed,
6812,0,observed,
6813,0,observed,
6814,0,observed,
6815,0,observed,
6816,0,observed,
6817,0,observed,
6818,0,observed,
6819,0,observed,
6820,0,observed,
6821,0,observed,
6822,0,observed,
6823,0,observed,
6824,1,mnar,33
6825,0,observed,
6826,0,observed,
6827,0,observed,
6828,0,observed,
6829,0,observed,
6830,1,random,24
6831,0,observed,
6832,0,observed,
6833,0,observed,
6834,0,observed,
6835,0,observed,
6836,0,observed,
6837,0,observed,
6838,0,observed,
6839,0,observed,
6840,0,observed,
6841,1,mnar,45
6842,0,observed,
6843,1,random,26
6844,0,observed,
6845,0,observed,
6846,0,observed,
6847,0,observed,
6848,0,observed,
6849,0,observed,
6850,0,observed,
6851,0,observed,
6852,0,observed,
6853,0,observed,
6854,0,observed,
6855,0,observed,
6856,0,observed,
6857,0,observed,
6858,0,observed,
6859,0,observed,
6860,1,mnar,35
6861,0,observed,
6862,0,observed,
6863,0,observed,
6864,0,observed,
6865,0,observed,
6866,0,observed,
6867,0,observed,
6868,0,observed,
6869,0,observed,
6870,0,observed,
6871,0,observed,
6872,0,observed,
6873,0,observed,
6874,0,observed,
6875,0,observed,
6876,1,mnar,40
6877,0,observed,
6878,0,observed,
6879,0,observed,
6880,1,mnar,42
6881,0,observed,
6882,0,observed,
6883,0,observed,
6884,0,observed,
6885,0,observed,
6886,0,observed,
6887,0,observed,
6888,1,mnar,40
6889,0,observed,
6890,0,observed,
6891,0,observed,
6892,0,observed,
6893,0,observed,
6894,0,observed,
6895,0,observed,
6896,0,observed,
6897,1,random,31
6898,0,observed,
6899,0,observed,
6900,0,observed,
6901,0,observed,
6902,0,observed,
6903,0,observed,
6904,0,observed,
6905,0,observed,
6906,0,observed,
6907,0,observed,
6908,0,observed,
6909,0,observed,
6910,0,observed,
6911,0,observed,
6912,0,observed,
6913,0,observed,
6914,0,observed,
6915,0,observed,
6916,0,observed,
6917,0,observed,
6918,0,observed,
6919,0,observed,
6920,0,observed,
6921,0,observed,
6922,0,observed,
6923,0,observed,
6924,0,observed,
6925,0,observed,
6926,0,observed,
6927,0,observed,
6928,0,observed,
6929,0,observed,
6930,0,observed,
6931,1,mnar,36
6932,0,observed,
6933,1,mnar,42
6934,0,observed,
6935,0,observed,
6936,0,observed,
6937,0,observed,
6938,0,observed,
6939,0,observed,
6940,0,observed,
6941,0,observed,
6942,0,observed,
6943,0,observed,
6944,0,observed,
6945,0,observed,
6946,0,observed,
6947,0,observed,
6948,0,observed,
6949,1,mnar,38
6950,0,observed,
6951,0,observed,
6952,0,observed,
6953,0,observed,
6954,0,observed,
6955,0,observed,
6956,0,observed,
6957,0,observed,
6958,0,observed,
6959,0,observed,
6960,0,observed,
6961,0,observed,
6962,0,observed,
6963,0,observed,
6964,0,observed,
6965,0,observed,
6966,0,observed,
6967,0,observed,
6968,0,observed,
6969,0,observed,
6970,0,observed,
6971,0,observed,
6972,0,observed,
6973,0,observed,
6974,0,observed,
6975,0,observed,
6976,0,observed,
6977,0,observed,
6978,0,observed,
6979,0,observed,
6980,1,mnar,60
6981,1,mnar,40
6982,0,observed,
6983,0,observed,
6984,1,mnar,32
6985,0,observed,
6986,0,observed,
6987,0,observed,
6988,0,observed,
6989,0,observed,
6990,0,observed,
6991,0,observed,
6992,0,observed,
6993,0,observed,
6994,0,observed,
6995,0,observed,
6996,0,observed,
6997,0,observed,
6998,0,observed,
6999,0,observed,
7000,0,observed,
7001,0,observed,
7002,1,mnar,39
7003,1,mnar,42
7004,0,observed,
7005,0,observed,
7006,0,observed,
7007,0,observed,
7008,0,observed,
7009,0,observed,
7010,0,observed,
7011,0,observed,
7012,0,observed,
7013,0,observed,
7014,0,observed,
7015,0,observed,
7016,0,observed,
7017,0,observed,
7018,0,observed,
7019,1,mnar,33
7020,1,mnar,39
7021,0,observed,
7022,0,observed,
7023,0,observed,
7024,0,observed,
7025,0,observed,
7026,0,observed,
7027,0,observed,
7028,0,observed,
7029,0,observed,
7030,0,observed,
7031,0,observed,
7032,0,observed,
7033,0,observed,
7034,0,observed,
7035,0,observed,
7036,1,mnar,31
7037,0,observed,
7038,0,observed,
7039,1,mnar,46
7040,1,mnar,33
7041,0,observed,
7042,1,mnar,37
7043,0,observed,
7044,0,observed,
7045,0,observed,
7046,0,observed,
7047,1,mnar,36
7048,0,observed,
7049,0,observed,
7050,0,observed,
7051,1,random,23
7052,0,observed,
7053,0,observed,
7054,0,observed,
7055,0,observed,
7056,0,observed,
7057,0,observed,
7058,1,random,23
7059,0,observed,
7060,0,observed,
7061,0,observed,
7062,0,observed,
7063,0,observed,
7064,0,observed,
7065,1,mnar,39
7066,0,observed,
7067,0,observed,
7068,0,observed,
7069,0,observed,
7070,0,observed,
7071,0,observed,
7072,1,mnar,30
7073,0,observed,
7074,0,observed,
7075,0,observed,
7076,0,observed,
7077,0,observed,
7078,0,observed,
7079,1,mnar,40
7080,0,observed,
7081,0,observed,
7082,0,observed,
7083,0,observed,
7084,0,observed,
7085,0,observed,
7086,0,observed,
7087,0,observed,
7088,0,observed,
7089,0,observed,
7090,0,observed,
7091,0,observed,
7092,0,observed,
7093,0,observed,
7094,0,observed,
7095,0,observed,
7096,0,observed,
7097,0,observed,
7098,0,observed,
7099,0,observed,
7100,0,observed,
7101,0,observed,
7102,0,observed,
7103,0,observed,
7104,0,observed,
7105,0,observed,
7106,0,observed,
7107,0,observed,
7108,0,observed,
7109,0,observed,
7110,0,observed,
7111,0,observed,
7112,0,observed,
7113,0,observed,
7114,1,mnar,33
7115,0,observed,
7116,0,observed,
7117,0,observed,
7118,0,observed,
7119,0,observed,
7120,1,mnar,40
7121,0,observed,
7122,0,observed,
7123,0,observed,
7124,0,observed,
7125,0,observed,
7126,0,observed,
7127,0,observed,
7128,0,observed,
7129,0,observed,
7130,1,mnar,31
7131,1,mnar,38
7132,0,observed,
7133,0,observed,
7134,0,observed,
7135,0,observed,
7136,0,observed,
7137,0,observed,
7138,1,mnar,38
7139,0,observed,
7140,0,observed,
7141,0,observed,
7142,0,observed,
7143,0,observed,
7144,0,observed,
7145,0,observed,
7146,0,observed,
7147,0,observed,
7148,0,observed,
7149,0,observed,
7150,0,observed,
7151,0,observed,
7152,0,observed,
7153,0,observed,
7154,0,observed,
7155,0,observed,
7156,0,observed,
7157,0,observed,
7158,0,observed,
7159,0,observed,
7160,0,observed,
7161,0,observed,
7162,0,observed,
7163,0,observed,
7164,0,observed,
7165,0,observed,
7166,0,observed,
7167,0,observed,
7168,0,observed,
7169,0,observed,
7170,0,observed,
7171,0,observed,
7172,0,observed,
7173,0,observed,
7174,0,observed,
7175,0,observed,
7176,0,observed,
7177,0,observed,
7178,0,observed,
7179,0,observed,
7180,0,observed,
7181,0,observed,
7182,0,observed,
7183,0,observed,
7184,0,observed,
7185,0,observed,
7186,0,observed,
7187,0,observed,
7188,0,observed,
7189,0,observed,
7190,0,observed,
7191,0,observed,
7192,0,observed,
7193,0,observed,
7194,0,observed,
7195,0,observed,
7196,0,observed,
7197,0,observed,
7198,0,observed,
7199,0,observed,
7200,0,observed,
7201,0,observed,
7202,0,observed,
7203,0,observed,
7204,0,observed,
7205,0,observed,
7206,0,observed,
7207,0,observed,
7208,0,observed,
7209,0,observed,
7210,0,observed,
7211,0,observed,
7212,0,observed,
7213,0,observed,
7214,0,observed,
7215,0,observed,
7216,1,random,34
7217,0,observed,
7218,0,observed,
7219,0,observed,
7220,0,observed,
7221,0,observed,
7222,0,observed,
7223,1,mnar,41
7224,0,observed,
7225,0,observed,
7226,1,mnar,36
7227,0,observed,
7228,0,observed,
7229,0,observed,
7230,0,observed,
7231,1,random,30
7232,0,observed,
7233,0,observed,
7234,1,mnar,38
7235,1,random,22
7236,0,observed,
7237,0,observed,
7238,0,observed,
7239,0,observed,
7240,0,observed,
7241,0,observed,
7242,0,observed,
7243,0,observed,
7244,0,observed,
7245,0,observed,
7246,0,observed,
7247,0,observed,
7248,1,mnar,40
7249,0,observed,
7250,0,observed,
7251,0,observed,
7252,0,observed,
7253,0,observed,
7254,0,observed,
7255,0,observed,
7256,0,observed,
7257,0,observed,
7258,0,observed,
7259,0,observed,
7260,0,observed,
7261,0,observed,
7262,0,observed,
7263,0,observed,
7264,0,observed,
7265,0,observed,
7266,0,observed,
7267,0,observed,
7268,0,observed,
7269,0,observed,
7270,0,observed,
7271,0,observed,
7272,0,observed,
7273,0,observed,
7274,0,observed,
7275,0,observed,
7276,0,observed,
7277,0,observed,
7278,0,observed,
7279,0,observed,
7280,1,mnar,31
7281,0,observed,
7282,0,observed,
7283,0,observed,
7284,0,observed,
7285,0,observed,
7286,0,observed,
7287,0,observed,
7288,0,observed,
7289,0,observed,
7290,0,observed,
7291,0,observed,
7292,0,observed,
7293,0,observed,
7294,0,observed,
7295,1,mnar,30
7296,0,observed,
7297,0,observed,
7298,0,observed,
7299,0,observed,
7300,0,observed,
7301,0,observed,
7302,0,observed,
7303,0,observed,
7304,0,observed,
7305,0,observed,
7306,0,observed,
7307,0,observed,
7308,0,observed,
7309,0,observed,
7310,0,observed,
7311,0,observed,
7312,0,observed,
7313,0,observed,
7314,1,mnar,34
7315,0,observed,
7316,0,observed,
7317,0,observed,
7318,0,observed,
7319,0,observed,
7320,0,observed,
7321,0,observed,
7322,0,observed,
7323,0,observed,
7324,0,observed,
7325,0,observed,
7326,0,observed,
7327,0,observed,
7328,0,observed,
7329,0,observed,
7330,0,observed,
7331,1,mnar,39
7332,0,observed,
7333,0,observed,
7334,0,observed,
7335,0,observed,
7336,0,observed,
7337,0,observed,
7338,0,observed,
7339,0,observed,
7340,0,observed,
7341,0,observed,
7342,0,observed,
7343,0,observed,
7344,0,observed,
7345,0,observed,
7346,0,observed,
7347,0,observed,
7348,0,observed,
7349,0,observed,
7350,0,observed,
7351,0,observed,
7352,0,observed,
7353,1,mnar,38
7354,0,observed,
7355,0,observed,
7356,0,observed,
7357,0,observed,
7358,0,observed,
7359,0,observed,
7360,0,observed,
7361,0,observed,
7362,0,observed,
7363,0,observed,
7364,0,observed,
7365,0,observed,
7366,0,observed,
7367,0,observed,
7368,0,observed,
7369,0,observed,
7370,0,observed,
7371,0,observed,
7372,0,observed,
7373,0,observed,
7374,0,observed,
7375,0,observed,
7376,0,observed,
7377,1,random,28
7378,0,observed,
7379,0,observed,
7380,0,observed,
7381,0,observed,
7382,0,observed,
7383,0,observed,
7384,0,observed,
7385,0,observed,
7386,0,observed,
7387,0,observed,
7388,0,observed,
7389,0,observed,
7390,1,mnar,43
7391,0,observed,
7392,0,observed,
7393,0,observed,
7394,0,observed,
7395,0,observed,
7396,0,observed,
7397,0,observed,
7398,0,observed,
7399,0,observed,
7400,0,observed,
7401,0,observed,
7402,0,observed,
7403,0,observed,
7404,0,observed,
7405,1,mnar,71
7406,0,observed,
7407,0,observed,
7408,0,observed,
7409,0,observed,
7410,0,observed,
7411,0,observed,
7412,1,mnar,30
7413,0,observed,
7414,0,observed,
7415,1,mnar,34
7416,0,observed,
7417,0,observed,
7418,0,observed,
7419,0,observed,
7420,0,observed,
7421,0,observed,
7422,0,observed,
7423,0,observed,
7424,0,observed,
7425,0,observed,
7426,0,observed,
7427,0,observed,
7428,0,observed,
7429,0,observed,
7430,0,observed,
7431,0,observed,
7432,0,observed,
7433,0,observed,
7434,1,mnar,43
7435,0,observed,
7436,0,observed,
7437,0,observed,
7438,1,random,32
7439,0,observed,
7440,0,observed,
7441,0,observed,
7442,0,observed,
7443,0,observed,
7444,0,observed,
7445,0,observed,
7446,0,observed,
7447,0,observed,
7448,0,observed,
7449,0,observed,
7450,0,observed,
7451,0,observed,
7452,0,observed,
7453,0,observed,
7454,0,observed,
7455,0,observed,
7456,1,mnar,32
7457,1,random,29
7458,0,observed,
7459,0,observed,
7460,0,observed,
7461,0,observed,
7462,0,observed,
7463,0,observed,
7464,0,observed,
7465,0,observed,
7466,0,observed,
7467,0,observed,
7468,0,observed,
7469,0,observed,
7470,0,observed,
7471,0,observed,
7472,1,mnar,45
7473,0,observed,
7474,0,observed,
7475,1,mnar,36
7476,0,observed,
7477,0,observed,
7478,0,observed,
7479,0,observed,
7480,0,observed,
7481,0,observed,
7482,1,mnar,41
7483,0,observed,
7484,1,mnar,35
7485,0,observed,
7486,0,observed,
7487,1,random,33
7488,0,observed,
7489,0,observed,
7490,1,mnar,35
7491,0,observed,
7492,0,observed,
7493,0,observed,
7494,0,observed,
7495,0,observed,
7496,0,observed,
7497,0,observed,
7498,0,observed,
7499,0,observed,
7500,0,observed,
7501,0,observed,
7502,0,observed,
7503,0,observed,
7504,0,observed,
7505,0,observed,
7506,0,observed,
7507,1,random,37
7508,0,observed,
7509,0,observed,
7510,0,observed,
7511,0,observed,
7512,0,observed,
7513,0,observed,
7514,0,observed,
7515,0,observed,
7516,0,observed,
7517,0,observed,
7518,0,observed,
7519,0,observed,
7520,0,observed,
7521,0,observed,
7522,1,mnar,44
7523,0,observed,
7524,1,mnar,43
7525,0,observed,
7526,0,observed,
7527,0,observed,
7528,1,mnar,42
7529,0,observed,
7530,0,observed,
7531,0,observed,
7532,0,observed,
7533,0,observed,
7534,1,mnar,39
7535,0,observed,
7536,1,mnar,54
7537,0,observed,
7538,0,observed,
7539,1,random,29
7540,0,observed,
7541,0,observed,
7542,1,mnar,35
7543,1,mnar,35
7544,0,observed,
7545,0,observed,
7546,0,observed,
7547,0,observed,
7548,0,observed,
7549,0,observed,
7550,0,observed,
7551,0,observed,
7552,0,observed,
7553,0,observed,
7554,0,observed,
7555,0,observed,
7556,0,observed,
7557,0,observed,
7558,0,observed,
7559,0,observed,
7560,0,observed,
7561,1,mnar,40
7562,0,observed,
7563,0,observed,
7564,0,observed,
7565,0,observed,
7566,0,observed,
7567,0,observed,
7568,0,observed,
7569,0,observed,
7570,0,observed,
7571,0,observed,
7572,0,observed,
7573,0,observed,
7574,0,observed,
7575,0,observed,
7576,0,observed,
7577,0,observed,
7578,0,observed,
7579,0,observed,
7580,0,observed,
7581,0,observed,
7582,0,observed,
7583,0,observed,
7584,0,observed,
7585,0,observed,
7586,0,observed,
7587,0,observed,
7588,0,observed,
7589,0,observed,
7590,0,observed,
7591,0,observed,
7592,0,observed,
7593,0,observed,
7594,1,mnar,49
7595,0,observed,
7596,0,observed,
7597,0,observed,
7598,0,observed,
7599,0,observed,
7600,0,observed,
7601,0,observed,
7602,0,observed,
7603,0,observed,
7604,0,observed,
7605,0,observed,
7606,0,observed,
7607,0,observed,
7608,0,observed,
7609,0,observed,
7610,1,mnar,33
7611,0,observed,
7612,1,mnar,30
7613,0,observed,
7614,0,observed,
7615,0,observed,
7616,0,observed,
7617,0,observed,
7618,0,observed,
7619,0,observed,
7620,0,observed,
7621,0,observed,
7622,0,observed,
7623,0,observed,
7624,0,observed,
7625,0,observed,
7626,0,observed,
7627,0,observed,
7628,0,observed,
7629,0,observed,
7630,0,observed,
7631,0,observed,
7632,0,observed,
7633,0,observed,
7634,0,observed,
7635,0,observed,
7636,0,observed,
7637,0,observed,
7638,0,observed,
7639,0,observed,
7640,1,random,29
7641,0,observed,
7642,0,observed,
7643,0,observed,
7644,0,observed,
7645,0,observed,
7646,0,observed,
7647,0,observed,
7648,0,observed,
7649,0,observed,
7650,0,observed,
7651,0,observed,
7652,0,observed,
7653,0,observed,
7654,0,observed,
7655,0,observed,
7656,0,observed,
7657,0,observed,
7658,0,observed,
7659,0,observed,
7660,0,observed,
7661,0,observed,
7662,0,observed,
7663,0,observed,
7664,0,observed,
7665,0,observed,
7666,0,observed,
7667,0,observed,
7668,1,mnar,43
7669,0,observed,
7670,0,observed,
7671,0,observed,
7672,0,observed,
7673,0,observed,
7674,0,observed,
7675,0,observed,
7676,0,observed,
7677,0,observed,
7678,0,observed,
7679,0,observed,
7680,0,observed,
7681,0,observed,
7682,0,observed,
7683,0,observed,
7684,0,observed,
7685,0,observed,
7686,0,observed,
7687,0,observed,
7688,0,observed,
7689,0,observed,
7690,0,observed,
7691,0,observed,
7692,0,observed,
7693,0,observed,
7694,0,observed,
7695,0,observed,
7696,0,observed,
7697,0,observed,
7698,0,observed,
7699,0,observed,
7700,0,observed,
7701,0,observed,
7702,0,observed,
7703,0,observed,
7704,0,observed,
7705,0,observed,
7706,1,mnar,30
7707,0,observed,
7708,0,observed,
7709,0,observed,
7710,0,observed,
7711,0,observed,
7712,0,observed,
7713,0,observed,
7714,0,observed,
7715,0,observed,
7716,0,observed,
7717,0,observed,
7718,0,observed,
7719,1,mnar,37
7720,0,observed,
7721,0,observed,
7722,0,observed,
7723,0,observed,
7724,1,mnar,48
7725,1,mnar,36
7726,1,mnar,44
7727,0,observed,
7728,0,observed,
7729,0,observed,
7730,0,observed,
7731,0,observed,
7732,0,observed,
7733,0,observed,
7734,0,observed,
7735,0,observed,
7736,1,mnar,35
7737,0,observed,
7738,1,mnar,38
7739,0,observed,
7740,0,observed,
7741,0,observed,
7742,0,observed,
7743,0,observed,
7744,0,observed,
7745,0,observed,
7746,0,observed,
7747,0,observed,
7748,0,observed,
7749,0,observed,
7750,0,observed,
7751,0,observed,
7752,0,observed,
7753,0,observed,
7754,0,observed,
7755,0,observed,
7756,0,observed,
7757,0,observed,
7758,0,observed,
7759,0,observed,
7760,0,observed,
7761,0,observed,
7762,0,observed,
7763,0,observed,
7764,0,observed,
7765,0,observed,
7766,0,observed,
7767,0,observed,
7768,0,observed,
7769,0,observed,
7770,1,random,25
7771,0,observed,
7772,1,random,30
7773,0,observed,
7774,0,observed,
7775,0,observed,
7776,0,observed,
7777,0,observed,
7778,0,observed,
7779,0,observed,
7780,0,observed,
7781,0,observed,
7782,0,observed,
7783,0,observed,
7784,0,observed,
7785,1,mnar,42
7786,0,observed,
7787,0,observed,
7788,0,observed,
7789,0,observed,
7790,0,observed,
7791,1,random,24
7792,1,mnar,48
7793,0,observed,
7794,0,observed,
7795,0,observed,
7796,0,observed,
7797,0,observed,
7798,0,observed,
7799,0,observed,
7800,0,observed,
7801,0,observed,
7802,0,observed,
7803,1,mnar,30
7804,0,observed,
7805,0,observed,
7806,0,observed,
7807,1,random,20
7808,0,observed,
7809,0,observed,
7810,0,observed,
7811,0,observed,
7812,0,observed,
7813,0,observed,
7814,0,observed,
7815,0,observed,
7816,0,observed,
7817,0,observed,
7818,0,observed,
7819,0,observed,
7820,0,observed,
7821,0,observed,
7822,0,observed,
7823,0,observed,
7824,0,observed,
7825,1,random,35
7826,0,observed,
7827,0,observed,
7828,0,observed,
7829,0,observed,
7830,0,observed,
7831,0,observed,
7832,0,observed,
7833,0,observed,
7834,0,observed,
7835,0,observed,
7836,0,observed,
7837,0,observed,
7838,0,observed,
7839,0,observed,
7840,0,observed,
7841,1,random,19
7842,0,observed,
7843,0,observed,
7844,0,observed,
7845,1,mnar,30
7846,0,observed,
7847,0,observed,
7848,0,observed,
7849,0,observed,
7850,1,random,24
7851,0,observed,
7852,1,mnar,49
7853,0,observed,
7854,0,observed,
7855,0,observed,
7856,0,observed,
7857,0,observed,
7858,0,observed,
7859,0,observed,
7860,0,observed,
7861,0,observed,
7862,0,observed,
7863,0,observed,
7864,0,observed,
7865,0,observed,
7866,0,observed,
7867,0,observed,
7868,0,observed,
7869,0,observed,
7870,0,observed,
7871,0,observed,
7872,0,observed,
7873,0,observed,
7874,0,observed,
7875,0,observed,
7876,0,observed,
7877,0,observed,
7878,0,observed,
7879,0,observed,
7880,0,observed,
7881,0,observed,
7882,0,observed,
7883,0,observed,
7884,0,observed,
7885,0,observed,
7886,0,observed,
7887,1,random,42
7888,0,observed,
7889,0,observed,
7890,0,observed,
7891,0,observed,
7892,0,observed,
7893,0,observed,
7894,0,observed,
7895,0,observed,
7896,0,observed,
7897,0,observed,
7898,0,observed,
7899,0,observed,
7900,0,observed,
7901,0,observed,
7902,0,observed,
7903,1,mnar,43
7904,0,observed,
7905,0,observed,
7906,0,observed,
7907,1,random,32
7908,0,observed,
7909,0,observed,
7910,0,observed,
7911,0,observed,
7912,0,observed,
7913,0,observed,
7914,1,mnar,30
7915,0,observed,
7916,0,observed,
7917,0,observed,
7918,0,observed,
7919,0,observed,
7920,0,observed,
7921,0,observed,
7922,0,observed,
7923,0,observed,
7924,0,observed,
7925,0,observed,
7926,0,observed,
7927,0,observed,
7928,0,observed,
7929,0,observed,
7930,1,random,24
7931,0,observed,
7932,1,random,23
7933,0,observed,
7934,0,observed,
7935,0,observed,
7936,0,observed,
7937,0,observed,
7938,1,random,29
7939,0,observed,
7940,0,observed,
7941,0,observed,
7942,1,random,31
7943,0,observed,
7944,0,observed,
7945,0,observed,
7946,0,observed,
7947,0,observed,
7948,0,observed,
7949,0,observed,
7950,0,observed,
7951,1,mnar,79
7952,1,random,24
7953,0,observed,
7954,0,observed,
7955,0,observed,
7956,0,observed,
7957,0,observed,
7958,0,observed,
7959,0,observed,
7960,0,observed,
7961,0,observed,
7962,0,observed,
7963,0,observed,
7964,0,observed,
7965,0,observed,
7966,1,random,30
7967,0,observed,
7968,0,observed,
7969,0,observed,
7970,1,mnar,37
7971,0,observed,
7972,0,observed,
7973,0,observed,
7974,1,mnar,37
7975,0,observed,
7976,0,observed,
7977,0,observed,
7978,0,observed,
7979,0,observed,
7980,0,observed,
7981,0,observed,
7982,0,observed,
7983,0,observed,
7984,0,observed,
7985,0,observed,
7986,0,observed,
7987,0,observed,
7988,0,observed,
7989,0,observed,
7990,0,observed,
7991,0,observed,
7992,0,observed,
7993,0,observed,
7994,0,observed,
7995,0,observed,
7996,0,observed,
7997,0,observed,
7998,0,observed,
7999,0,observed,
8000,1,random,22
8001,0,observed,
8002,0,observed,
8003,0,observed,
8004,0,observed,
8005,0,observed,
8006,0,observed,
8007,0,observed,
8008,0,observed,
8009,0,observed,
8010,0,observed,
8011,0,observed,
8012,0,observed,
8013,0,observed,
8014,0,observed,
8015,0,observed,
8016,1,mnar,30
8017,1,mnar,67
8018,1,mnar,30
8019,0,observed,
8020,1,random,26
8021,0,observed,
8022,1,mnar,40
8023,0,observed,
8024,0,observed,
8025,0,observed,
8026,0,observed,
8027,0,observed,
8028,0,observed,
8029,0,observed,
8030,1,mnar,49
8031,0,observed,
8032,0,observed,
8033,0,observed,
8034,0,observed,
8035,0,observed,
8036,0,observed,
8037,0,observed,
8038,0,observed,
8039,0,observed,
8040,0,observed,
8041,0,observed,
8042,1,mnar,43
8043,0,observed,
8044,0,observed,
8045,1,mnar,32
8046,0,observed,
8047,0,observed,
8048,0,observed,
8049,0,observed,
8050,0,observed,
8051,0,observed,
8052,0,observed,
8053,0,observed,
8054,0,observed,
8055,0,observed,
8056,0,observed,
8057,0,observed,
8058,0,observed,
8059,0,observed,
8060,0,observed,
8061,0,observed,
8062,0,observed,
8063,0,observed,
8064,0,observed,
8065,0,observed,
8066,0,observed,
8067,0,observed,
8068,0,observed,
8069,0,observed,
8070,1,mnar,30
8071,0,observed,
8072,0,observed,
8073,0,observed,
8074,0,observed,
8075,0,observed,
8076,1,random,27
8077,0,observed,
8078,0,observed,
8079,0,observed,
8080,1,random,25
8081,0,observed,
8082,0,observed,
8083,0,observed,
8084,0,observed,
8085,0,observed,
8086,0,observed,
8087,0,observed,
8088,0,observed,
8089,1,mnar,45
8090,0,observed,
8091,0,observed,
8092,0,observed,
8093,1,random,20
8094,0,observed,
8095,0,observed,
8096,0,observed,
8097,0,observed,
8098,1,mnar,46
8099,0,observed,
8100,0,observed,
8101,0,observed,
8102,0,observed,
8103,0,observed,
8104,0,observed,
8105,0,observed,
8106,0,observed,
8107,0,observed,
8108,0,observed,
8109,0,observed,
8110,0,observed,
8111,0,observed,
8112,0,observed,
8113,0,observed,
8114,0,observed,
8115,0,observed,
8116,0,observed,
8117,0,observed,
8118,1,mnar,81
8119,0,observed,
8120,0,observed,
8121,1,mnar,32
8122,0,observed,
8123,0,observed,
8124,0,observed,
8125,0,observed,
8126,0,observed,
8127,1,random,36
8128,0,observed,
8129,0,observed,
8130,0,observed,
8131,0,observed,
8132,1,mnar,31
8133,0,observed,
8134,0,observed,
8135,0,observed,
8136,0,observed,
8137,0,observed,
8138,0,observed,
8139,0,observed,
8140,0,observed,
8141,0,observed,
8142,0,observed,
8143,1,mnar,36
8144,1,mnar,31
8145,0,observed,
8146,0,observed,
8147,0,observed,
8148,0,observed,
8149,0,observed,
8150,0,observed,
8151,0,observed,
8152,0,observed,
8153,0,observed,
8154,0,observed,
8155,0,observed,
8156,0,observed,
8157,1,mnar,39
8158,1,random,33
8159,0,observed,
8160,0,observed,
8161,0,observed,
8162,0,observed,
8163,1,mnar,32
8164,0,observed,
8165,0,observed,
8166,1,mnar,41
8167,0,observed,
8168,0,observed,
8169,0,observed,
8170,0,observed,
8171,0,observed,
8172,0,observed,
8173,0,observed,
8174,0,observed,
8175,0,observed,
8176,0,observed,
8177,0,observed,
8178,1,random,29
8179,0,observed,
8180,0,observed,
8181,1,random,35
8182,1,mnar,43
8183,0,observed,
8184,0,observed,
8185,1,mnar,31
8186,0,observed,
8187,1,random,34
8188,0,observed,
8189,0,observed,
8190,0,observed,
8191,0,observed,
8192,1,mnar,45
8193,1,mnar,30
8194,1,mnar,50
8195,0,observed,
8196,0,observed,
8197,0,observed,
8198,0,observed,
8199,0,observed,
8200,0,observed,
8201,0,observed,
8202,0,observed,
8203,0,observed,
8204,1,mnar,33
8205,1,random,27
8206,0,observed,
8207,0,observed,
8208,0,observed,
8209,0,observed,
8210,0,observed,
8211,0,observed,
8212,0,observed,
8213,0,observed,
8214,0,observed,
8215,0,observed,
8216,0,observed,
8217,0,observed,
8218,0,observed,
8219,0,observed,
8220,0,observed,
8221,1,mnar,30
8222,0,observed,
8223,0,observed,
8224,1,mnar,33
8225,0,observed,
8226,0,observed,
8227,0,observed,
8228,1,mnar,34
8229,0,observed,
8230,0,observed,
8231,1,mnar,44
8232,0,observed,
8233,0,observed,
8234,0,observed,
8235,0,observed,
8236,0,observed,
8237,0,observed,
8238,0,observed,
8239,0,observed,
8240,0,observed,
8241,0,observed,
8242,0,observed,
8243,1,random,40
8244,0,observed,
8245,0,observed,
8246,0,observed,
8247,0,observed,
8248,0,observed,
8249,0,observed,
8250,0,observed,
8251,0,observed,
8252,0,observed,
8253,0,observed,
8254,0,observed,
8255,0,observed,
8256,0,observed,
8257,0,observed,
8258,1,mnar,49
8259,0,observed,
8260,1,mnar,35
8261,0,observed,
8262,0,observed,
8263,0,observed,
8264,0,observed,
8265,0,observed,
8266,0,observed,
8267,0,observed,
8268,0,observed,
8269,0,observed,
8270,0,observed,
8271,0,observed,
8272,0,observed,
8273,0,observed,
8274,0,observed,
8275,0,observed,
8276,0,observed,
8277,0,observed,
8278,0,observed,
8279,0,observed,
8280,0,observed,
8281,0,observed,
8282,1,mnar,36
8283,1,mnar,36
8284,1,random,28
8285,0,observed,
8286,0,observed,
8287,0,observed,
8288,0,observed,
8289,0,observed,
8290,0,observed,
8291,0,observed,
8292,0,observed,
8293,0,observed,
8294,0,observed,
8295,1,mnar,37
8296,0,observed,
8297,0,observed,
8298,0,observed,
8299,0,observed,
8300,0,observed,
8301,0,observed,
8302,0,observed,
8303,0,observed,
8304,1,mnar,38
8305,0,observed,
8306,0,observed,
8307,0,observed,
8308,0,observed,
8309,0,observed,
8310,0,observed,
8311,0,observed,
8312,0,observed,
8313,1,random,21
8314,0,observed,
8315,0,observed,
8316,0,observed,
8317,0,observed,
8318,0,observed,
8319,0,observed,
8320,0,observed,
8321,0,observed,
8322,0,observed,
8323,0,observed,
8324,0,observed,
8325,0,observed,
8326,0,observed,
8327,0,observed,
8328,1,random,25
8329,1,mnar,56
8330,0,observed,
8331,0,observed,
8332,0,observed,
8333,0,observed,
8334,0,observed,
8335,0,observed,
8336,0,observed,
8337,0,observed,
8338,0,observed,
8339,0,observed,
8340,0,observed,
8341,0,observed,
8342,1,random,29
8343,0,observed,
8344,0,observed,
8345,0,observed,
8346,0,observed,
8347,0,observed,
8348,0,observed,
8349,0,observed,
8350,0,observed,
8351,0,observed,
8352,0,observed,
8353,0,observed,
8354,0,observed,
8355,0,observed,
8356,0,observed,
8357,0,observed,
8358,0,observed,
8359,0,observed,
8360,0,observed,
8361,0,observed,
8362,1,random,23
8363,0,observed,
8364,0,observed,
8365,0,observed,
8366,0,observed,
8367,0,observed,
8368,0,observed,
8369,0,observed,
8370,0,observed,
8371,0,observed,
8372,0,observed,
8373,0,observed,
8374,0,observed,
8375,0,observed,
8376,0,observed,
8377,0,observed,
8378,0,observed,
8379,0,observed,
8380,1,mnar,46
8381,0,observed,
8382,0,observed,
8383,0,observed,
8384,0,observed,
8385,0,observed,
8386,0,observed,
8387,0,observed,
8388,0,observed,
8389,0,observed,
8390,0,observed,
8391,0,observed,
8392,0,observed,
8393,0,observed,
8394,0,observed,
8395,0,observed,
8396,0,observed,
8397,0,observed,
8398,0,observed,
8399,0,observed,
8400,0,observed,
8401,0,observed,
8402,0,observed,
8403,1,random,19
8404,0,observed,
8405,1,mnar,43
8406,0,observed,
8407,0,observed,
8408,0,observed,
8409,0,observed,
8410,0,observed,
8411,0,observed,
8412,0,observed,
8413,0,observed,
8414,0,observed,
8415,0,observed,
8416,0,observed,
8417,0,observed,
8418,0,observed,
8419,0,observed,
8420,0,observed,
8421,0,observed,
8422,0,observed,
8423,0,observed,
8424,0,observed,
8425,0,observed,
8426,0,observed,
8427,0,observed,
8428,0,observed,
8429,0,observed,
8430,0,observed,
8431,0,observed,
8432,0,observed,
8433,0,observed,
8434,0,observed,
8435,0,observed,
8436,1,mnar,39
8437,0,observed,
8438,0,observed,
8439,0,observed,
8440,0,observed,
8441,0,observed,
8442,0,observed,
8443,0,observed,
8444,1,mnar,34
8445,0,observed,
8446,1,random,35
8447,0,observed,
8448,0,observed,
8449,0,observed,
8450,0,observed,
8451,0,observed,
8452,0,observed,
8453,1,mnar,30
8454,0,observed,
8455,0,observed,
8456,0,observed,
8457,0,observed,
8458,0,observed,
8459,0,observed,
8460,0,observed,
8461,0,observed,
8462,0,observed,
8463,0,observed,
8464,0,observed,
8465,0,observed,
8466,0,observed,
8467,0,observed,
8468,0,observed,
8469,0,observed,
8470,0,observed,
8471,1,mnar,31
8472,0,observed,
8473,0,observed,
8474,0,observed,
8475,0,observed,
8476,0,observed,
8477,0,observed,
8478,0,observed,
8479,0,observed,
8480,0,observed,
8481,0,observed,
8482,0,observed,
8483,0,observed,
8484,0,observed,
8485,0,observed,
8486,0,observed,
8487,0,observed,
8488,0,observed,
8489,0,observed,
8490,0,observed,
8491,0,observed,
8492,0,observed,
8493,0,observed,
8494,0,observed,
8495,0,observed,
8496,0,observed,
8497,0,observed,
8498,0,observed,
8499,0,observed,
8500,0,observed,
8501,0,observed,
8502,0,observed,
8503,0,observed,
8504,0,observed,
8505,0,observed,
8506,0,observed,
8507,0,observed,
8508,0,observed,
8509,0,observed,
8510,0,observed,
8511,0,observed,
8512,0,observed,
8513,0,observed,
8514,0,observed,
8515,0,observed,
8516,0,observed,
8517,0,observed,
8518,0,observed,
8519,0,observed,
8520,1,mnar,37
8521,0,observed,
8522,0,observed,
8523,0,observed,
8524,1,mnar,44
8525,0,observed,
8526,1,mnar,31
8527,0,observed,
8528,0,observed,
8529,0,observed,
8530,0,observed,
8531,0,observed,
8532,0,observed,
8533,0,observed,
8534,0,observed,
8535,0,observed,
8536,0,observed,
8537,0,observed,
8538,0,observed,
8539,0,observed,
8540,0,observed,
8541,0,observed,
8542,0,observed,
8543,0,observed,
8544,0,observed,
8545,1,mnar,33
8546,0,observed,
8547,0,observed,
8548,0,observed,
8549,0,observed,
8550,0,observed,
8551,1,mnar,40
8552,0,observed,
8553,0,observed,
8554,0,observed,
8555,0,observed,
8556,0,observed,
8557,0,observed,
8558,0,observed,
8559,0,observed,
8560,0,observed,
8561,1,mnar,42
8562,0,observed,
8563,0,observed,
8564,0,observed,
8565,0,observed,
8566,0,observed,
8567,0,observed,
8568,0,observed,
8569,0,observed,
8570,0,observed,
8571,0,observed,
8572,0,observed,
8573,0,observed,
8574,0,observed,
8575,1,random,29
8576,0,observed,
8577,0,observed,
8578,0,observed,
8579,0,observed,
8580,0,observed,
8581,0,observed,
8582,0,observed,
8583,0,observed,
8584,1,mnar,40
8585,0,observed,
8586,0,observed,
8587,0,observed,
8588,0,observed,
8589,0,observed,
8590,0,observed,
8591,0,observed,
8592,0,observed,
8593,0,observed,
8594,0,observed,
8595,1,mnar,35
8596,0,observed,
8597,0,observed,
8598,0,observed,
8599,0,observed,
8600,0,observed,
8601,0,observed,
8602,0,observed,
8603,0,observed,
8604,0,observed,
8605,0,observed,
8606,0,observed,
8607,0,observed,
8608,0,observed,
8609,0,observed,
8610,0,observed,
8611,0,observed,
8612,0,observed,
8613,0,observed,
8614,0,observed,
8615,0,observed,
8616,0,observed,
8617,0,observed,
8618,0,observed,
8619,1,mnar,44
8620,0,observed,
8621,0,observed,
8622,0,observed,
8623,0,observed,
8624,0,observed,
8625,0,observed,
8626,0,observed,
8627,0,observed,
8628,0,observed,
8629,0,observed,
8630,0,observed,
8631,1,mnar,44
8632,0,observed,
8633,0,observed,
8634,0,observed,
8635,0,observed,
8636,0,observed,
8637,0,observed,
8638,0,observed,
8639,0,observed,
8640,0,observed,
8641,1,mnar,43
8642,0,observed,
8643,0,observed,
8644,0,observed,
8645,0,observed,
8646,0,observed,
8647,0,observed,
8648,0,observed,
8649,0,observed,
8650,0,observed,
8651,0,observed,
8652,0,observed,
8653,0,observed,
8654,0,observed,
8655,0,observed,
8656,0,observed,
8657,1,mnar,54
8658,1,mnar,43
8659,1,mnar,43
8660,0,observed,
8661,1,mnar,36
8662,0,observed,
8663,0,observed,
8664,0,observed,
8665,0,observed,
8666,0,observed,
8667,0,observed,
8668,0,observed,
8669,0,observed,
8670,0,observed,
8671,0,observed,
8672,0,observed,
8673,0,observed,
8674,0,observed,
8675,0,observed,
8676,1,mnar,32
8677,0,observed,
8678,0,observed,
8679,0,observed,
8680,0,observed,
8681,0,observed,
8682,0,observed,
8683,0,observed,
8684,0,observed,
8685,0,observed,
8686,0,observed,
8687,0,observed,
8688,0,observed,
8689,0,observed,
8690,0,observed,
8691,0,observed,
8692,0,observed,
8693,0,observed,
8694,0,observed,
8695,0,observed,
8696,0,observed,
8697,0,observed,
8698,0,observed,
8699,0,observed,
8700,0,observed,
8701,0,observed,
8702,0,observed,
8703,0,observed,
8704,1,mnar,35
8705,0,observed,
8706,0,observed,
8707,0,observed,
8708,0,observed,
8709,1,random,24
8710,0,observed,
8711,0,observed,
8712,0,observed,
8713,0,observed,
8714,0,observed,
8715,0,observed,
8716,0,observed,
8717,0,observed,
8718,0,observed,
8719,0,observed,
8720,0,observed,
8721,1,mnar,39
8722,0,observed,
8723,1,mnar,46
8724,0,observed,
8725,0,observed,
8726,0,observed,
8727,0,observed,
8728,0,observed,
8729,0,observed,
8730,0,observed,
8731,0,observed,
8732,0,observed,
8733,0,observed,
8734,0,observed,
8735,0,observed,
8736,1,mnar,40
8737,0,observed,
8738,0,observed,
8739,0,observed,
8740,0,observed,
8741,1,mnar,35
8742,0,observed,
8743,1,mnar,31
8744,1,mnar,50
8745,0,observed,
8746,0,observed,
8747,0,observed,
8748,0,observed,
8749,0,observed,
8750,0,observed,
8751,0,observed,
8752,0,observed,
8753,0,observed,
8754,0,observed,
8755,0,observed,
8756,0,observed,
8757,0,observed,
8758,0,observed,
8759,0,observed,
8760,0,observed,
8761,0,observed,
8762,0,observed,
8763,0,observed,
8764,0,observed,
8765,0,observed,
8766,0,observed,
8767,0,observed,
8768,0,observed,
8769,0,observed,
8770,0,observed,
8771,0,observed,
8772,0,observed,
8773,0,observed,
8774,0,observed,
8775,0,observed,
8776,0,observed,
8777,1,mnar,37
8778,0,observed,
8779,0,observed,
8780,0,observed,
8781,0,observed,
8782,0,observed,
8783,0,observed,
8784,0,observed,
8785,0,observed,
8786,0,observed,
8787,0,observed,
8788,0,observed,
8789,0,observed,
8790,0,observed,
8791,1,random,24
8792,0,observed,
8793,0,observed,
8794,0,observed,
8795,0,observed,
8796,0,observed,
8797,0,observed,
8798,0,observed,
8799,0,observed,
8800,0,observed,
8801,0,observed,
8802,0,observed,
8803,0,observed,
8804,0,observed,
8805,0,observed,
8806,0,observed,
8807,0,observed,
8808,0,observed,
8809,0,observed,
8810,0,observed,
8811,0,observed,
8812,0,observed,
8813,0,observed,
8814,0,observed,
8815,0,observed,
8816,0,observed,
8817,0,observed,
8818,0,observed,
8819,1,random,25
8820,0,observed,
8821,0,observed,
8822,0,observed,
8823,0,observed,
8824,0,observed,
8825,0,observed,
8826,0,observed,
8827,0,observed,
8828,0,observed,
8829,0,observed,
8830,0,observed,
8831,0,observed,
8832,0,observed,
8833,0,observed,
8834,1,mnar,35
8835,0,observed,
8836,1,mnar,44
8837,0,observed,
8838,0,observed,
8839,0,observed,
8840,0,observed,
8841,0,observed,
8842,0,observed,
8843,0,observed,
8844,0,observed,
8845,0,observed,
8846,1,random,21
8847,1,random,33
8848,0,observed,
8849,0,observed,
8850,0,observed,
8851,0,observed,
8852,0,observed,
8853,0,observed,
8854,0,observed,
8855,0,observed,
8856,0,observed,
8857,0,observed,
8858,0,observed,
8859,0,observed,
8860,0,observed,
8861,0,observed,
8862,0,observed,
8863,0,observed,
8864,0,observed,
8865,0,observed,
8866,0,observed,
8867,0,observed,
8868,0,observed,
8869,0,observed,
8870,0,observed,
8871,0,observed,
8872,0,observed,
8873,1,mnar,35
8874,0,observed,
8875,0,observed,
8876,0,observed,
8877,0,observed,
8878,0,observed,
8879,0,observed,
8880,0,observed,
8881,1,mnar,39
8882,0,observed,
8883,0,observed,
8884,1,mnar,42
8885,0,observed,
8886,0,observed,
8887,0,observed,
8888,0,observed,
8889,0,observed,
8890,1,mnar,30
8891,1,mnar,46
8892,0,observed,
8893,0,observed,
8894,1,random,27
8895,0,observed,
8896,0,observed,
8897,0,observed,
8898,0,observed,
8899,0,observed,
8900,0,observed,
8901,0,observed,
8902,0,observed,
8903,0,observed,
8904,0,observed,
8905,0,observed,
8906,0,observed,
8907,0,observed,
8908,0,observed,
8909,0,observed,
8910,0,observed,
8911,0,observed,
8912,0,observed,
8913,0,observed,
8914,0,observed,
8915,0,observed,
8916,0,observed,
8917,1,mnar,33
8918,0,observed,
8919,0,observed,
8920,0,observed,
8921,0,observed,
8922,0,observed,
8923,0,observed,
8924,1,mnar,34
8925,0,observed,
8926,0,observed,
8927,0,observed,
8928,0,observed,
8929,0,observed,
8930,0,observed,
8931,1,mnar,30
8932,0,observed,
8933,0,observed,
8934,0,observed,
8935,1,mnar,33
8936,0,observed,
8937,0,observed,
8938,0,observed,
8939,0,observed,
8940,0,observed,
8941,0,observed,
8942,0,observed,
8943,0,observed,
8944,1,mnar,35
8945,0,observed,
8946,0,observed,
8947,1,mnar,33
8948,0,observed,
8949,0,observed,
8950,0,observed,
8951,0,observed,
8952,1,mnar,34
8953,0,observed,
8954,0,observed,
8955,0,observed,
8956,0,observed,
8957,0,observed,
8958,1,mnar,32
8959,0,observed,
8960,0,observed,
8961,0,observed,
8962,0,observed,
8963,0,observed,
8964,0,observed,
8965,1,random,25
8966,0,observed,
8967,0,observed,
8968,0,observed,
8969,0,observed,
8970,1,mnar,45
8971,0,observed,
8972,0,observed,
8973,0,observed,
8974,0,observed,
8975,1,mnar,74
8976,0,observed,
8977,0,observed,
8978,0,observed,
8979,0,observed,
8980,0,observed,
8981,0,observed,
8982,0,observed,
8983,0,observed,
8984,0,observed,
8985,0,observed,
8986,0,observed,
8987,0,observed,
8988,1,mnar,36
8989,0,observed,
8990,0,observed,
8991,0,observed,
8992,0,observed,
8993,0,observed,
8994,0,observed,
8995,0,observed,
8996,0,observed,
8997,0,observed,
8998,1,mnar,38
8999,0,observed,
9000,0,observed,
9001,1,random,31
9002,0,observed,
9003,0,observed,
9004,0,observed,
9005,0,observed,
9006,0,observed,
9007,0,observed,
9008,0,observed,
9009,0,observed,
9010,0,observed,
9011,0,observed,
9012,0,observed,
9013,0,observed,
9014,0,observed,
9015,0,observed,
9016,0,observed,
9017,0,observed,
9018,0,observed,
9019,0,observed,
9020,0,observed,
9021,0,observed,
9022,0,observed,
9023,0,observed,
9024,1,mnar,45
9025,1,mnar,40
9026,0,observed,
9027,1,mnar,33
9028,0,observed,
9029,0,observed,
9030,0,observed,
9031,0,observed,
9032,0,observed,
9033,0,observed,
9034,0,observed,
9035,0,observed,
9036,0,observed,
9037,0,observed,
9038,0,observed,
9039,0,observed,
9040,0,observed,
9041,0,observed,
9042,1,mnar,38
9043,0,observed,
9044,0,observed,
9045,0,observed,
9046,0,observed,
9047,0,observed,
9048,0,observed,
9049,0,observed,
9050,1,mnar,37
9051,0,observed,
9052,0,observed,
9053,0,observed,
9054,1,random,27
9055,0,observed,
9056,1,mnar,43
9057,0,observed,
9058,1,mnar,49
9059,0,observed,
9060,0,observed,
9061,0,observed,
9062,0,observed,
9063,1,mnar,35
9064,0,observed,
9065,0,observed,
9066,0,observed,
9067,0,observed,
9068,0,observed,
9069,0,observed,
9070,0,observed,
9071,0,observed,
9072,0,observed,
9073,0,observed,
9074,0,observed,
9075,0,observed,
9076,0,observed,
9077,0,observed,
9078,0,observed,
9079,0,observed,
9080,0,observed,
9081,0,observed,
9082,0,observed,
9083,0,observed,
9084,0,observed,
9085,0,observed,
9086,0,observed,
9087,0,observed,
9088,0,observed,
9089,0,observed,
9090,0,observed,
9091,0,observed,
9092,1,mnar,30
9093,0,observed,
9094,0,observed,
9095,0,observed,
9096,0,observed,
9097,0,observed,
9098,0,observed,
9099,0,observed,
9100,0,observed,
9101,0,observed,
9102,0,observed,
9103,0,observed,
9104,0,observed,
9105,0,observed,
9106,0,observed,
9107,0,observed,
9108,0,observed,
9109,0,observed,
9110,0,observed,
9111,0,observed,
9112,0,observed,
9113,0,observed,
9114,0,observed,
9115,0,observed,
9116,0,observed,
9117,0,observed,
9118,0,observed,
9119,0,observed,
9120,0,observed,
9121,0,observed,
9122,0,observed,
9123,1,random,17
9124,0,observed,
9125,0,observed,
9126,0,observed,
9127,0,observed,
9128,1,mnar,32
9129,0,observed,
9130,0,observed,
9131,0,observed,
9132,0,observed,
9133,0,observed,
9134,0,observed,
9135,0,observed,
9136,0,observed,
9137,0,observed,
9138,0,observed,
9139,0,observed,
9140,0,observed,
9141,0,observed,
9142,0,observed,
9143,0,observed,
9144,0,observed,
9145,0,observed,
9146,0,observed,
9147,0,observed,
9148,0,observed,
9149,1,random,22
9150,0,observed,
9151,0,observed,
9152,0,observed,
9153,0,observed,
9154,0,observed,
9155,0,observed,
9156,0,observed,
9157,1,mnar,32
9158,0,observed,
9159,0,observed,
9160,0,observed,
9161,0,observed,
9162,0,observed,
9163,0,observed,
9164,0,observed,
9165,1,mnar,47
9166,0,observed,
9167,0,observed,
9168,0,observed,
9169,0,observed,
9170,0,observed,
9171,0,observed,
9172,0,observed,
9173,0,observed,
9174,0,observed,
9175,0,observed,
9176,0,observed,
9177,0,observed,
9178,0,observed,
9179,0,observed,
9180,0,observed,
9181,0,observed,
9182,0,observed,
9183,0,observed,
9184,0,observed,
9185,0,observed,
9186,0,observed,
9187,0,observed,
9188,0,observed,
9189,1,random,50
9190,0,observed,
9191,0,observed,
9192,0,observed,
9193,0,observed,
9194,0,observed,
9195,0,observed,
9196,0,observed,
9197,0,observed,
9198,0,observed,
9199,0,observed,
9200,1,mnar,47
9201,0,observed,
9202,1,random,27
9203,0,observed,
9204,0,observed,
9205,0,observed,
9206,0,observed,
9207,0,observed,
9208,0,observed,
9209,0,observed,
9210,0,observed,
9211,0,observed,
9212,0,observed,
9213,0,observed,
9214,0,observed,
9215,0,observed,
9216,0,observed,
9217,0,observed,
9218,1,mnar,33
9219,0,observed,
9220,0,observed,
9221,0,observed,
9222,0,observed,
9223,0,observed,
9224,0,observed,
9225,0,observed,
9226,0,observed,
9227,0,observed,
9228,0,observed,
9229,0,observed,
9230,0,observed,
9231,0,observed,
9232,0,observed,
9233,0,observed,
9234,0,observed,
9235,0,observed,
9236,0,observed,
9237,0,observed,
9238,1,random,36
9239,1,mnar,38
9240,0,observed,
9241,0,observed,
9242,0,observed,
9243,0,observed,
9244,0,observed,
9245,0,observed,
9246,0,observed,
9247,0,observed,
9248,0,observed,
9249,0,observed,
9250,1,mnar,36
9251,1,mnar,41
9252,0,observed,
9253,1,mnar,32
9254,0,observed,
9255,0,observed,
9256,0,observed,
9257,0,observed,
9258,0,observed,
9259,0,observed,
9260,1,mnar,36
9261,0,observed,
9262,1,mnar,36
9263,0,observed,
9264,0,observed,
9265,0,observed,
9266,0,observed,
9267,0,observed,
9268,0,observed,
9269,0,observed,
9270,0,observed,
9271,0,observed,
9272,0,observed,
9273,0,observed,
9274,0,observed,
9275,0,observed,
9276,0,observed,
9277,0,observed,
9278,1,mnar,40
9279,0,observed,
9280,0,observed,
9281,1,mnar,38
9282,0,observed,
9283,0,observed,
9284,0,observed,
9285,1,mnar,41
9286,0,observed,
9287,0,observed,
9288,0,observed,
9289,0,observed,
9290,0,observed,
9291,0,observed,
9292,1,mnar,44
9293,0,observed,
9294,0,observed,
9295,0,observed,
9296,0,observed,
9297,0,observed,
9298,0,observed,
9299,0,observed,
9300,0,observed,
9301,0,observed,
9302,0,observed,
9303,0,observed,
9304,0,observed,
9305,0,observed,
9306,0,observed,
9307,0,observed,
9308,1,mnar,38
9309,0,observed,
9310,0,observed,
9311,0,observed,
9312,0,observed,
9313,0,observed,
9314,0,observed,
9315,0,observed,
9316,0,observed,
9317,1,random,30
9318,0,observed,
9319,0,observed,
9320,0,observed,
9321,0,observed,
9322,0,observed,
9323,0,observed,
9324,0,observed,
9325,0,observed,
9326,0,observed,
9327,0,observed,
9328,0,observed,
9329,0,observed,
9330,0,observed,
9331,0,observed,
9332,0,observed,
9333,0,observed,
9334,0,observed,
9335,1,random,30
9336,0,observed,
9337,0,observed,
9338,0,observed,
9339,0,observed,
9340,0,observed,
9341,0,observed,
9342,0,observed,
9343,0,observed,
9344,0,observed,
9345,0,observed,
9346,0,observed,
9347,0,observed,
9348,1,mnar,35
9349,0,observed,
9350,0,observed,
9351,0,observed,
9352,0,observed,
9353,0,observed,
9354,0,observed,
9355,0,observed,
9356,0,observed,
9357,1,mnar,37
9358,0,observed,
9359,1,mnar,40
9360,0,observed,
9361,0,observed,
9362,0,observed,
9363,0,observed,
9364,0,observed,
9365,0,observed,
9366,0,observed,
9367,0,observed,
9368,0,observed,
9369,0,observed,
9370,0,observed,
9371,0,observed,
9372,1,mnar,53
9373,1,mnar,48
9374,0,observed,
9375,0,observed,
9376,1,mnar,31
9377,1,mnar,50
9378,0,observed,
9379,0,observed,
9380,1,mnar,31
9381,0,observed,
9382,0,observed,
9383,0,observed,
9384,0,observed,
9385,0,observed,
9386,0,observed,
9387,0,observed,
9388,0,observed,
9389,1,mnar,36
9390,0,observed,
9391,0,observed,
9392,0,observed,
9393,0,observed,
9394,0,observed,
9395,0,observed,
9396,0,observed,
9397,0,observed,
9398,0,observed,
9399,0,observed,
9400,0,observed,
9401,0,observed,
9402,0,observed,
9403,0,observed,
9404,0,observed,
9405,0,observed,
9406,0,observed,
9407,0,observed,
9408,0,observed,
9409,0,observed,
9410,0,observed,
9411,0,observed,
9412,1,random,23
9413,1,mnar,32
9414,0,observed,
9415,0,observed,
9416,0,observed,
9417,1,random,27
9418,0,observed,
9419,0,observed,
9420,0,observed,
9421,0,observed,
9422,0,observed,
9423,0,observed,
9424,0,observed,
9425,0,observed,
9426,0,observed,
9427,0,observed,
9428,0,observed,
9429,0,observed,
9430,0,observed,
9431,0,observed,
9432,0,observed,
9433,0,observed,
9434,0,observed,
9435,1,mnar,37
9436,0,observed,
9437,0,observed,
9438,0,observed,
9439,1,mnar,46
9440,0,observed,
9441,0,observed,
9442,0,observed,
9443,0,observed,
9444,0,observed,
9445,0,observed,
9446,0,observed,
9447,0,observed,
9448,0,observed,
9449,0,observed,
9450,0,observed,
9451,0,observed,
9452,0,observed,
9453,0,observed,
9454,0,observed,
9455,0,observed,
9456,0,observed,
9457,0,observed,
9458,1,mnar,38
9459,0,observed,
9460,0,observed,
9461,0,observed,
9462,0,observed,
9463,1,mnar,36
9464,0,observed,
9465,0,observed,
9466,0,observed,
9467,0,observed,
9468,0,observed,
9469,0,observed,
9470,0,observed,
9471,0,observed,
9472,1,mnar,41
9473,1,mnar,37
9474,0,observed,
9475,0,observed,
9476,1,mnar,30
9477,0,observed,
9478,0,observed,
9479,0,observed,
9480,0,observed,
9481,0,observed,
9482,0,observed,
9483,0,observed,
9484,0,observed,
9485,1,random,37
9486,0,observed,
9487,0,observed,
9488,0,observed,
9489,0,observed,
9490,0,observed,
9491,0,observed,
9492,0,observed,
9493,0,observed,
9494,0,observed,
9495,0,observed,
9496,0,observed,
9497,0,observed,
9498,0,observed,
9499,0,observed,
9500,0,observed,
9501,0,observed,
9502,0,observed,
9503,0,observed,
9504,0,observed,
9505,0,observed,
9506,1,mnar,31
9507,0,observed,
9508,0,observed,
9509,0,observed,
9510,0,observed,
9511,0,observed,
9512,0,observed,
9513,1,mnar,37
9514,0,observed,
9515,0,observed,
9516,0,observed,
9517,0,observed,
9518,0,observed,
9519,0,observed,
9520,1,mnar,37
9521,0,observed,
9522,0,observed,
9523,0,observed,
9524,0,observed,
9525,0,observed,
9526,0,observed,
9527,0,observed,
9528,0,observed,
9529,0,observed,
9530,0,observed,
9531,0,observed,
9532,0,observed,
9533,0,observed,
9534,0,observed,
9535,0,observed,
9536,0,observed,
9537,0,observed,
9538,0,observed,
9539,0,observed,
9540,0,observed,
9541,0,observed,
9542,0,observed,
9543,0,observed,
9544,0,observed,
9545,0,observed,
9546,0,observed,
9547,0,observed,
9548,0,observed,
9549,0,observed,
9550,0,observed,
9551,0,observed,
9552,0,observed,
9553,0,observed,
9554,0,observed,
9555,0,observed,
9556,0,observed,
9557,0,observed,
9558,0,observed,
9559,0,observed,
9560,0,observed,
9561,0,observed,
9562,0,observed,
9563,0,observed,
9564,0,observed,
9565,0,observed,
9566,0,observed,
9567,0,observed,
9568,0,observed,
9569,0,observed,
9570,0,observed,
9571,0,observed,
9572,0,observed,
9573,0,observed,
9574,0,observed,
9575,0,observed,
9576,0,observed,
9577,0,observed,
9578,0,observed,
9579,0,observed,
9580,0,observed,
9581,0,observed,
9582,0,observed,
9583,0,observed,
9584,0,observed,
9585,0,observed,
9586,1,mnar,35
9587,0,observed,
9588,0,observed,
9589,0,observed,
9590,1,mnar,47
9591,0,observed,
9592,0,observed,
9593,1,mnar,32
9594,0,observed,
9595,0,observed,
9596,0,observed,
9597,0,observed,
9598,0,observed,
9599,1,mnar,35
9600,0,observed,
9601,1,mnar,36
9602,0,observed,
9603,0,observed,
9604,0,observed,
9605,0,observed,
9606,0,observed,
9607,0,observed,
9608,0,observed,
9609,0,observed,
9610,0,observed,
9611,0,observed,
9612,1,mnar,32
9613,0,observed,
9614,0,observed,
9615,0,observed,
9616,0,observed,
9617,0,observed,
9618,0,observed,
9619,0,observed,
9620,0,observed,
9621,0,observed,
9622,0,observed,
9623,0,observed,
9624,0,observed,
9625,0,observed,
9626,0,observed,
9627,0,observed,
9628,0,observed,
9629,1,mnar,45
9630,0,observed,
9631,0,observed,
9632,1,mnar,32
9633,0,observed,
9634,0,observed,
9635,0,observed,
9636,0,observed,
9637,1,mnar,37
9638,0,observed,
9639,0,observed,
9640,1,mnar,37
9641,0,observed,
9642,0,observed,
9643,0,observed,
9644,1,random,23
9645,0,observed,
9646,0,observed,
9647,0,observed,
9648,0,observed,
9649,0,observed,
9650,0,observed,
9651,0,observed,
9652,0,observed,
9653,0,observed,
9654,0,observed,
9655,1,random,57
9656,0,observed,
9657,0,observed,
9658,0,observed,
9659,0,observed,
9660,0,observed,
9661,0,observed,
9662,0,observed,
9663,0,observed,
9664,0,observed,
9665,0,observed,
9666,0,observed,
9667,1,mnar,44
9668,1,mnar,33
9669,0,observed,
9670,0,observed,
9671,0,observed,
9672,0,observed,
9673,0,observed,
9674,0,observed,
9675,0,observed,
9676,0,observed,
9677,0,observed,
9678,0,observed,
9679,0,observed,
9680,0,observed,
9681,0,observed,
9682,0,observed,
9683,0,observed,
9684,0,observed,
9685,0,observed,
9686,0,observed,
9687,0,observed,
9688,0,observed,
9689,0,observed,
9690,0,observed,
9691,0,observed,
9692,0,observed,
9693,0,observed,
9694,0,observed,
9695,0,observed,
9696,0,observed,
9697,0,observed,
9698,0,observed,
9699,0,observed,
9700,0,observed,
9701,0,observed,
9702,0,observed,
9703,0,observed,
9704,0,observed,
9705,1,mnar,37
9706,0,observed,
9707,0,observed,
9708,0,observed,
9709,0,observed,
9710,0,observed,
9711,0,observed,
9712,0,observed,
9713,0,observed,
9714,0,observed,
9715,0,observed,
9716,0,observed,
9717,0,observed,
9718,0,observed,
9719,0,observed,
9720,0,observed,
9721,0,observed,
9722,0,observed,
9723,0,observed,
9724,0,observed,
9725,0,observed,
9726,0,observed,
9727,0,observed,
9728,1,mnar,30
9729,0,observed,
9730,0,observed,
9731,0,observed,
9732,0,observed,
9733,0,observed,
9734,0,observed,
9735,0,observed,
9736,0,observed,
9737,0,observed,
9738,0,observed,
9739,0,observed,
9740,0,observed,
9741,0,observed,
9742,0,observed,
9743,0,observed,
9744,0,observed,
9745,0,observed,
9746,0,observed,
9747,0,observed,
9748,0,observed,
9749,0,observed,
9750,0,observed,
9751,0,observed,
9752,0,observed,
9753,1,random,36
9754,0,observed,
9755,0,observed,
9756,0,observed,
9757,1,mnar,40
9758,0,observed,
9759,0,observed,
9760,0,observed,
9761,0,observed,
9762,0,observed,
9763,0,observed,
9764,0,observed,
9765,0,observed,
9766,0,observed,
9767,0,observed,
9768,0,observed,
9769,0,observed,
9770,0,observed,
9771,0,observed,
9772,0,observed,
9773,0,observed,
9774,0,observed,
9775,1,mnar,34
9776,0,observed,
9777,0,observed,
9778,0,observed,
9779,0,observed,
9780,0,observed,
9781,0,observed,
9782,0,observed,
9783,1,random,26
9784,0,observed,
9785,0,observed,
9786,0,observed,
9787,0,observed,
9788,0,observed,
9789,0,observed,
9790,0,observed,
9791,0,observed,
9792,0,observed,
9793,0,observed,
9794,0,observed,
9795,0,observed,
9796,0,observed,
9797,0,observed,
9798,0,observed,
9799,0,observed,
9800,0,observed,
9801,0,observed,
9802,0,observed,
9803,0,observed,
9804,0,observed,
9805,0,observed,
9806,0,observed,
9807,0,observed,
9808,0,observed,
9809,0,observed,
9810,0,observed,
9811,1,mnar,30
9812,0,observed,
9813,0,observed,
9814,0,observed,
9815,0,observed,
9816,0,observed,
9817,0,observed,
9818,0,observed,
9819,0,observed,
9820,0,observed,
9821,0,observed,
9822,0,observed,
9823,0,observed,
9824,0,observed,
9825,0,observed,
9826,0,observed,
9827,0,observed,
9828,0,observed,
9829,0,observed,
9830,1,mnar,30
9831,0,observed,
9832,0,observed,
9833,0,observed,
9834,0,observed,
9835,0,observed,
9836,0,observed,
9837,0,observed,
9838,0,observed,
9839,0,observed,
9840,0,observed,
9841,0,observed,
9842,0,observed,
9843,0,observed,
9844,0,observed,
9845,0,observed,
9846,0,observed,
9847,0,observed,
9848,0,observed,
9849,0,observed,
9850,0,observed,
9851,0,observed,
9852,0,observed,
9853,0,observed,
9854,0,observed,
9855,0,observed,
9856,0,observed,
9857,0,observed,
9858,0,observed,
9859,0,observed,
9860,0,observed,
9861,0,observed,
9862,0,observed,
9863,0,observed,
9864,1,mnar,30
9865,0,observed,
9866,0,observed,
9867,0,observed,
9868,0,observed,
9869,0,observed,
9870,0,observed,
9871,1,mnar,46
9872,0,observed,
9873,0,observed,
9874,0,observed,
9875,0,observed,
9876,0,observed,
9877,0,observed,
9878,0,observed,
9879,0,observed,
9880,0,observed,
9881,0,observed,
9882,1,mnar,37
9883,1,mnar,37
9884,0,observed,
9885,1,mnar,50
9886,0,observed,
9887,0,observed,
9888,0,observed,
9889,0,observed,
9890,0,observed,
9891,0,observed,
9892,0,observed,
9893,0,observed,
9894,0,observed,
9895,0,observed,
9896,1,random,25
9897,0,observed,
9898,0,observed,
9899,0,observed,
9900,1,mnar,32
9901,0,observed,
9902,0,observed,
9903,0,observed,
9904,0,observed,
9905,0,observed,
9906,0,observed,
9907,0,observed,
9908,0,observed,
9909,0,observed,
9910,0,observed,
9911,0,observed,
9912,1,mnar,34
9913,0,observed,
9914,0,observed,
9915,0,observed,
9916,0,observed,
9917,0,observed,
9918,0,observed,
9919,0,observed,
9920,1,random,39
9921,0,observed,
9922,0,observed,
9923,0,observed,
9924,0,observed,
9925,0,observed,
9926,0,observed,
9927,1,mnar,31
9928,0,observed,
9929,0,observed,
9930,1,random,30
9931,0,observed,
9932,0,observed,
9933,0,observed,
9934,0,observed,
9935,0,observed,
9936,0,observed,
9937,0,observed,
9938,0,observed,
9939,0,observed,
9940,0,observed,
9941,0,observed,
9942,0,observed,
9943,0,observed,
9944,0,observed,
9945,0,observed,
9946,0,observed,
9947,0,observed,
9948,0,observed,
9949,0,observed,
9950,0,observed,
9951,0,observed,
9952,0,observed,
9953,0,observed,
9954,0,observed,
9955,0,observed,
9956,0,observed,
9957,0,observed,
9958,0,observed,
9959,0,observed,
9960,0,observed,
9961,0,observed,
9962,0,observed,
9963,0,observed,
9964,0,observed,
9965,1,mnar,41
9966,0,observed,
9967,0,observed,
9968,1,mnar,30
9969,0,observed,
9970,0,observed,
9971,0,observed,
9972,0,observed,
9973,0,observed,
9974,0,observed,
9975,0,observed,
9976,0,observed,
9977,0,observed,
9978,0,observed,
9979,0,observed,
9980,0,observed,
9981,0,observed,
9982,0,observed,
9983,0,observed,
9984,0,observed,
9985,0,observed,
9986,0,observed,
9987,0,observed,
9988,0,observed,
9989,0,observed,
9990,0,observed,
9991,1,mnar,35
9992,0,observed,
9993,0,observed,
9994,0,observed,
9995,0,observed,
9996,0,observed,
9997,0,observed,
9998,0,observed,
9999,0,observed,
