{
  "n": 46.0,
  "latency_ms_mean": 1497.5694981521735,
  "latency_ms_std": 842.4564349949134,
  "latency_ms_min": 789.2868749999984,
  "latency_ms_max": 5559.848290999995,
  "latency_ms_p50": 1283.2824784999984,
  "latency_ms_p95": 2850.8575522500028,
  "latency_ms_cv": 0.5625491411479778,
  "throughput_req_per_s": 0.6672573098693623,
  "accuracy_mean": 0.6086956521739131,
  "accuracy_count": "28/46",
  "avg_entity_precision": 0.40536666190714166,
  "avg_entity_recall": 0.7626811594202899,
  "avg_entity_f1": 0.5114882729897898,
  "total_input_tokens": 4311,
  "total_output_tokens": 2417,
  "total_tokens": 6728,
  "api_cost_usd": 0.005591600000000002,
  "memory_mb_initial": 158.5625,
  "memory_mb_peak": 176.734375,
  "memory_mb_avg": 126.3185447080292,
  "cpu_percent_avg": 2.872262773722627
}