{
  "n": 50.0,
  "latency_ms_mean": 1457.0948158799988,
  "latency_ms_std": 483.2841692554005,
  "latency_ms_min": 873.6699589999972,
  "latency_ms_max": 4339.165749999999,
  "latency_ms_p50": 1382.1775414999995,
  "latency_ms_p95": 1980.6180605999998,
  "latency_ms_cv": 0.33167654155953163,
  "throughput_req_per_s": 0.6858095791512545,
  "accuracy_mean": 0.84,
  "accuracy_count": "42/50",
  "total_input_tokens": 5985,
  "total_output_tokens": 3490,
  "total_tokens": 9475,
  "api_cost_usd": 0.007978,
  "electricity_kwh": 0.0010125907621527778,
  "electricity_cost_usd": 0.0003037772286458333,
  "hardware_amortization_usd": 0.003375302540509259,
  "total_compute_cost_usd": 0.0036790797691550925,
  "memory_mb_initial": 144.546875,
  "memory_mb_peak": 164.265625,
  "memory_mb_avg": 164.059375,
  "cpu_percent_avg": 4.015862068965516
}