{
  "n": 50.0,
  "latency_ms_mean": 47.637368431314826,
  "latency_ms_std": 3.348018248420788,
  "latency_ms_min": 42.45221498422325,
  "latency_ms_max": 53.90839301981032,
  "latency_ms_p50": 46.51483451016247,
  "latency_ms_p95": 52.689887944143265,
  "latency_ms_cv": 0.07028134337957972,
  "throughput_req_per_s": 20.93053802290314,
  "accuracy_mean": 0.9,
  "accuracy_count": "45/50",
  "memory_mb_initial": 152.94140625,
  "memory_mb_peak": 152.94140625,
  "memory_mb_avg": 152.94140625,
  "cpu_percent_avg": 7.6
}