{
  "n": 50.0,
  "latency_ms_mean": 354.90587210282683,
  "latency_ms_std": 141.3463590109992,
  "latency_ms_min": 152.363769011572,
  "latency_ms_max": 658.2486028783023,
  "latency_ms_p50": 333.955010981299,
  "latency_ms_p95": 651.0394194512628,
  "latency_ms_cv": 0.39826435717594144,
  "throughput_req_per_s": 2.8140575814948865,
  "accuracy_mean": 0.62,
  "accuracy_count": "31/50",
  "avg_rouge1_f": 0.22561204293161857,
  "avg_rouge1_p": 0.16805959474728246,
  "avg_rouge1_r": 0.3960055630754561,
  "avg_rouge2_f": 0.05613126529650811,
  "avg_rouge2_p": 0.04189195900916775,
  "avg_rouge2_r": 0.09892790757978488,
  "avg_rougeL_f": 0.15730631952793084,
  "avg_rougeL_p": 0.11801396579642426,
  "avg_rougeL_r": 0.2724012687056738,
  "total_input_tokens": 12242,
  "total_output_tokens": 3381,
  "total_tokens": 15623,
  "electricity_kwh": 0.0017274383946787565,
  "electricity_cost_usd": 0.000518231518403627,
  "hardware_amortization_usd": 0.009871076541021467,
  "total_compute_cost_usd": 0.010389308059425093,
  "memory_mb_initial": 141.0,
  "memory_mb_peak": 159.0,
  "memory_mb_avg": 158.5,
  "cpu_percent_avg": 1.6111111111111112,
  "gpu_info": {
    "gpu_count": 3,
    "gpus": [
      {
        "index": 0,
        "name": "NVIDIA H100 PCIe",
        "memory_total_mb": 81559.0,
        "memory_used_mb": 483.125,
        "memory_free_mb": 81075.875,
        "gpu_utilization_pct": 99,
        "memory_utilization_pct": 22
      },
      {
        "index": 1,
        "name": "NVIDIA H100 PCIe",
        "memory_total_mb": 81559.0,
        "memory_used_mb": 74730.6875,
        "memory_free_mb": 6828.3125,
        "gpu_utilization_pct": 0,
        "memory_utilization_pct": 0
      },
      {
        "index": 2,
        "name": "NVIDIA H100 PCIe",
        "memory_total_mb": 81559.0,
        "memory_used_mb": 483.125,
        "memory_free_mb": 81075.875,
        "gpu_utilization_pct": 0,
        "memory_utilization_pct": 0
      }
    ]
  },
  "gpu_after": {
    "gpu_count": 3,
    "gpus": [
      {
        "index": 0,
        "name": "NVIDIA H100 PCIe",
        "memory_total_mb": 81559.0,
        "memory_used_mb": 483.125,
        "memory_free_mb": 81075.875,
        "gpu_utilization_pct": 99,
        "memory_utilization_pct": 22
      },
      {
        "index": 1,
        "name": "NVIDIA H100 PCIe",
        "memory_total_mb": 81559.0,
        "memory_used_mb": 74730.6875,
        "memory_free_mb": 6828.3125,
        "gpu_utilization_pct": 0,
        "memory_utilization_pct": 0
      },
      {
        "index": 2,
        "name": "NVIDIA H100 PCIe",
        "memory_total_mb": 81559.0,
        "memory_used_mb": 483.125,
        "memory_free_mb": 81075.875,
        "gpu_utilization_pct": 0,
        "memory_utilization_pct": 0
      }
    ]
  }
}