{
  "n": 50.0,
  "latency_ms_mean": 647.9577599600001,
  "latency_ms_std": 246.80064381962532,
  "latency_ms_min": 421.58229200000005,
  "latency_ms_max": 2002.9734579999995,
  "latency_ms_p50": 588.1844164999985,
  "latency_ms_p95": 1026.967887349999,
  "latency_ms_cv": 0.380890019489636,
  "throughput_req_per_s": 1.5407721277526896,
  "accuracy_mean": 0.88,
  "accuracy_count": "44/50",
  "total_input_tokens": 3935,
  "total_output_tokens": 200,
  "total_tokens": 4135,
  "api_cost_usd": 0.0018940000000000016,
  "electricity_kwh": 0.0004507119722222223,
  "electricity_cost_usd": 0.0001352135916666667,
  "hardware_amortization_usd": 0.0015023732407407407,
  "total_compute_cost_usd": 0.0016375868324074074,
  "memory_mb_initial": 158.421875,
  "memory_mb_peak": 177.0625,
  "memory_mb_avg": 176.67139423076924,
  "cpu_percent_avg": 7.449230769230768
}