{
  "n": 50.0,
  "latency_ms_mean": 2640.6569800400002,
  "latency_ms_std": 840.2721111318348,
  "latency_ms_min": 1391.9661670000069,
  "latency_ms_max": 4721.133667000004,
  "latency_ms_p50": 2517.4113755,
  "latency_ms_p95": 4385.923775,
  "latency_ms_cv": 0.31820570315766894,
  "throughput_req_per_s": 0.37856103875286146,
  "accuracy_mean": 0.7,
  "accuracy_count": "35/50",
  "total_input_tokens": 9311,
  "total_output_tokens": 8408,
  "total_tokens": 17719,
  "api_cost_usd": 0.017177199999999997,
  "electricity_kwh": 0.0018344318969861113,
  "electricity_cost_usd": 0.0005503295690958334,
  "hardware_amortization_usd": 0.006114772989953704,
  "total_compute_cost_usd": 0.006665102559049538,
  "memory_mb_initial": 158.359375,
  "memory_mb_peak": 177.109375,
  "memory_mb_avg": 176.96233365019012,
  "cpu_percent_avg": 5.608365019011403
}