{
  "n": 50.0,
  "latency_ms_mean": 1035.8950108799995,
  "latency_ms_std": 386.9170921155013,
  "latency_ms_min": 631.9218749999998,
  "latency_ms_max": 2527.1268750000004,
  "latency_ms_p50": 945.5572084999985,
  "latency_ms_p95": 1966.4873920000002,
  "latency_ms_cv": 0.37350994845202773,
  "throughput_req_per_s": 0.964617700564805,
  "accuracy_mean": 0.88,
  "accuracy_count": "44/50",
  "avg_rouge1_f": 0.2727852484097708,
  "avg_rouge1_p": 0.24572095136013364,
  "avg_rouge1_r": 0.3233762956742995,
  "avg_rouge2_f": 0.06877052703856287,
  "avg_rouge2_p": 0.05980586577072897,
  "avg_rouge2_r": 0.0848424869498024,
  "avg_rougeL_f": 0.20128663109391212,
  "avg_rougeL_p": 0.18060779865850776,
  "avg_rougeL_r": 0.2390041676511743,
  "total_input_tokens": 12160,
  "total_output_tokens": 1683,
  "total_tokens": 13843,
  "api_cost_usd": 0.007556799999999998,
  "electricity_kwh": 0.000719916754625,
  "electricity_cost_usd": 0.0002159750263875,
  "hardware_amortization_usd": 0.0023997225154166663,
  "total_compute_cost_usd": 0.0026156975418041664,
  "memory_mb_initial": 158.390625,
  "memory_mb_peak": 176.625,
  "memory_mb_avg": 176.29186893203882,
  "cpu_percent_avg": 6.23106796116505
}