{
  "n": 50.0,
  "latency_ms_mean": 1130.7603850000003,
  "latency_ms_std": 384.2891389766596,
  "latency_ms_min": 722.8904579999984,
  "latency_ms_max": 3368.6839579999983,
  "latency_ms_p50": 1058.428687499999,
  "latency_ms_p95": 1499.2941524499975,
  "latency_ms_cv": 0.33985019644693293,
  "throughput_req_per_s": 0.8837403133927044,
  "accuracy_mean": 0.86,
  "accuracy_count": "43/50",
  "avg_rouge1_f": 0.26966738381477695,
  "avg_rouge1_p": 0.24430437276149633,
  "avg_rouge1_r": 0.3192124373104411,
  "avg_rouge2_f": 0.06601149448999973,
  "avg_rouge2_p": 0.057522992079660565,
  "avg_rouge2_r": 0.08204756861949386,
  "avg_rougeL_f": 0.2008720863517528,
  "avg_rougeL_p": 0.1814403534021591,
  "avg_rougeL_r": 0.23797999182699844,
  "total_input_tokens": 12160,
  "total_output_tokens": 1672,
  "total_tokens": 13832,
  "api_cost_usd": 0.0075391999999999985,
  "memory_mb_initial": 158.375,
  "memory_mb_peak": 176.828125,
  "memory_mb_avg": 124.44856194690266,
  "cpu_percent_avg": 3.785840707964599
}