{
  "n": 50.0,
  "latency_ms_mean": 353.0247245030477,
  "latency_ms_std": 135.68443388981655,
  "latency_ms_min": 159.14472450304777,
  "latency_ms_max": 643.1447245030478,
  "latency_ms_p50": 331.14472450304777,
  "latency_ms_p95": 639.6947245030477,
  "latency_ms_cv": 0.38434824665841544,
  "throughput_req_per_s": 2.822578051006921,
  "accuracy_mean": 0.62,
  "accuracy_count": "31/50",
  "avg_rouge1_f": 0.22561204293161857,
  "avg_rouge1_p": 0.16805959474728246,
  "avg_rouge1_r": 0.3960055630754561,
  "avg_rouge2_f": 0.05613126529650811,
  "avg_rouge2_p": 0.04189195900916775,
  "avg_rouge2_r": 0.09892790757978488,
  "avg_rougeL_f": 0.15730631952793084,
  "avg_rougeL_p": 0.11801396579642426,
  "avg_rougeL_r": 0.2724012687056738,
  "total_input_tokens": 12242,
  "total_output_tokens": 3381,
  "total_tokens": 15623,
  "electricity_kwh": 0.001722223805069613,
  "electricity_cost_usd": 0.0005166671415208838,
  "hardware_amortization_usd": 0.009841278886112075,
  "total_compute_cost_usd": 0.010357946027632958,
  "memory_mb_initial": 141.0,
  "memory_mb_peak": 159.0,
  "memory_mb_avg": 158.5,
  "cpu_percent_avg": 0.4444444444444444,
  "gpu_info": {
    "gpu_count": 3,
    "gpus": [
      {
        "index": 0,
        "name": "NVIDIA H100 PCIe",
        "memory_total_mb": 81559.0,
        "memory_used_mb": 483.125,
        "memory_free_mb": 81075.875,
        "gpu_utilization_pct": 99,
        "memory_utilization_pct": 22
      },
      {
        "index": 1,
        "name": "NVIDIA H100 PCIe",
        "memory_total_mb": 81559.0,
        "memory_used_mb": 74770.6875,
        "memory_free_mb": 6788.3125,
        "gpu_utilization_pct": 0,
        "memory_utilization_pct": 0
      },
      {
        "index": 2,
        "name": "NVIDIA H100 PCIe",
        "memory_total_mb": 81559.0,
        "memory_used_mb": 483.125,
        "memory_free_mb": 81075.875,
        "gpu_utilization_pct": 0,
        "memory_utilization_pct": 0
      }
    ]
  },
  "gpu_after": {
    "gpu_count": 3,
    "gpus": [
      {
        "index": 0,
        "name": "NVIDIA H100 PCIe",
        "memory_total_mb": 81559.0,
        "memory_used_mb": 483.125,
        "memory_free_mb": 81075.875,
        "gpu_utilization_pct": 99,
        "memory_utilization_pct": 22
      },
      {
        "index": 1,
        "name": "NVIDIA H100 PCIe",
        "memory_total_mb": 81559.0,
        "memory_used_mb": 74770.6875,
        "memory_free_mb": 6788.3125,
        "gpu_utilization_pct": 0,
        "memory_utilization_pct": 0
      },
      {
        "index": 2,
        "name": "NVIDIA H100 PCIe",
        "memory_total_mb": 81559.0,
        "memory_used_mb": 483.125,
        "memory_free_mb": 81075.875,
        "gpu_utilization_pct": 0,
        "memory_utilization_pct": 0
      }
    ]
  }
}