{
  "n": 50.0,
  "latency_ms_mean": 1050.0086006894708,
  "latency_ms_std": 280.1417848599594,
  "latency_ms_min": 501.65026006288826,
  "latency_ms_max": 1639.0934057999402,
  "latency_ms_p50": 1048.1926704524085,
  "latency_ms_p95": 1565.7067460240796,
  "latency_ms_cv": 0.26679951447636613,
  "throughput_req_per_s": 0.9522370949510227,
  "accuracy_mean": 0.64,
  "accuracy_count": "32/50",
  "memory_mb_initial": 148.0,
  "memory_mb_peak": 148.0,
  "memory_mb_avg": 148.0,
  "cpu_percent_avg": 2.4571428571428573
}