{
  "n": 50.0,
  "latency_ms_mean": 5781.2834282799995,
  "latency_ms_std": 2208.4449515425763,
  "latency_ms_min": 2760.116917000005,
  "latency_ms_max": 11802.096917000028,
  "latency_ms_p50": 5207.700937499987,
  "latency_ms_p95": 10079.988837350002,
  "latency_ms_cv": 0.38199908012460393,
  "throughput_req_per_s": 0.1729700359849951,
  "accuracy_mean": 0.58,
  "accuracy_count": "29/50",
  "total_input_tokens": 5143,
  "total_output_tokens": 12534,
  "total_tokens": 17677,
  "electricity_kwh": 0.004014825114013889,
  "electricity_cost_usd": 0.0012044475342041668,
  "hardware_amortization_usd": 0.013382750380046295,
  "total_compute_cost_usd": 0.014587197914250461,
  "memory_mb_initial": 130.171875,
  "memory_mb_peak": 130.203125,
  "memory_mb_avg": 117.42729202961672,
  "cpu_percent_avg": 0.9454703832752618
}