{
  "n": 50.0,
  "latency_ms_mean": 1911.2006275495514,
  "latency_ms_std": 541.3554660187776,
  "latency_ms_min": 729.4097719714046,
  "latency_ms_max": 2549.9907890334725,
  "latency_ms_p50": 1920.4873470589519,
  "latency_ms_p95": 2544.023859174922,
  "latency_ms_cv": 0.2832541273873886,
  "throughput_req_per_s": 0.5231831373353106,
  "accuracy_mean": 0.68,
  "accuracy_count": "34/50",
  "memory_mb_initial": 149.0,
  "memory_mb_peak": 149.0,
  "memory_mb_avg": 149.0,
  "cpu_percent_avg": 2.7539267015706805
}