2.6,1360.0,11.9,1046.0,166.0,1056.0,113.0,1692.0,1268.0,13.6,48.9,0.7578
2.0,1292.0,9.4,955.0,103.0,1174.0,92.0,1559.0,972.0,13.3,47.7,0.7255
2.2,1402.0,9.0,939.0,131.0,1140.0,114.0,1555.0,1074.0,11.9,54.0,0.7502
2.2,1376.0,9.2,948.0,172.0,1092.0,122.0,1584.0,1203.0,11.0,60.0,0.7867
1.6,1272.0,6.5,836.0,131.0,1205.0,116.0,1490.0,1110.0,11.2,59.6,0.7888
1.2,1197.0,4.7,750.0,89.0,1337.0,96.0,1393.0,949.0,11.2,59.2,0.7848
1.2,1185.0,3.6,690.0,62.0,1462.0,77.0,1333.0,733.0,11.3,56.8,0.7603
1.0,1136.0,3.3,672.0,62.0,1453.0,76.0,1333.0,730.0,10.7,60.0,0.7702
0.9,1094.0,2.3,609.0,45.0,1579.0,60.0,1276.0,620.0,10.7,59.7,0.7648
0.7,1066.0,1.1,512.0,16.0,1918.0,28.0,1182.0,422.0,11.0,56.2,0.7366
0.7,1052.0,1.6,553.0,34.0,1738.0,48.0,1221.0,472.0,10.5,58.1,0.7353
1.1,1144.0,3.2,667.0,98.0,1490.0,82.0,1339.0,730.0,10.2,59.6,0.7417
2.0,1333.0,8.0,900.0,174.0,1136.0,112.0,1517.0,1102.0,10.8,57.4,0.7408
2.2,1351.0,9.5,960.0,129.0,1079.0,101.0,1583.0,1028.0,10.5,60.6,0.7691
1.7,1233.0,6.3,827.0,112.0,1218.0,98.0,1446.0,860.0,10.8,58.4,0.7552
1.5,1179.0,5.0,762.0,95.0,1328.0,80.22600435610777,1362.0,671.0,10.5,57.9,0.7352
1.6,1236.0,5.2,774.0,104.0,1301.0,95.0,1401.0,664.0,9.5,66.8,0.7951
1.9,1286.0,7.3,869.0,146.0,1162.0,112.0,1537.0,799.0,8.3,76.4,0.8393
2.9,1371.0,11.5,1034.0,207.0,983.0,128.0,1730.0,1037.0,8.0,81.1,0.8736
2.2,1310.0,8.8,933.0,184.0,1082.0,126.0,1647.0,946.0,8.3,79.8,0.8778
2.2,1292.0,8.3,912.0,193.0,1103.0,131.0,1591.0,957.0,9.7,71.2,0.8569
2.9,1383.0,11.2,1020.0,243.0,1008.0,135.0,1719.0,1104.0,9.8,67.6,0.8185
4.8,1581.0,20.8,1319.0,281.0,799.0,151.0,2083.0,1409.0,10.3,64.2,0.8065
5.9019758438098116,1776.0,27.4,1488.0,383.0,702.0,172.0,2333.0,1704.0,9.7,69.3,0.8319
6.1,1640.0,24.0,1404.0,351.0,743.0,165.0,2191.0,1654.0,9.6,67.8,0.8133
3.9,1313.0,12.8,1076.0,240.0,957.0,136.0,1707.0,1285.0,9.1,64.0,0.7419
1.5,965.0,4.7,749.0,94.0,1325.0,75.28407475674238,1333.0,821.0,8.2,63.4,0.6905
1.0,913.0,2.6,629.0,47.0,1565.0,53.0,1252.0,552.0,8.2,60.8,0.6657
1.7,1080.0,5.9,805.0,122.0,1254.0,97.0,1375.0,816.0,8.3,58.5,0.6438
1.9,1044.0,6.4,829.0,133.0,1247.0,110.0,1378.0,832.0,7.7,59.7,0.6308
1.4,988.0,4.1,718.0,82.0,1396.0,91.0,1304.0,692.0,7.1,61.8,0.6276
0.6,847.0,1.0,501.0,30.0,1895.0,44.0,1155.0,394.0,6.3,65.0,0.6233
0.8,927.0,1.8,571.0,56.0,1685.0,71.0,1223.0,487.0,6.8,62.9,0.6234
1.4,1091.0,4.4,730.0,109.0,1387.0,104.0,1361.0,748.0,6.4,65.1,0.6316
4.4,1587.0,17.9,1236.0,307.0,897.0,141.0,1900.0,1400.0,7.3,63.1,0.6499
3.1,1350.0,14.0,1118.0,187.0,912.0,122.0,1712.0,1237.0,13.2,41.7,0.632
2.7,1263.0,11.6,1037.0,216.0,969.0,143.0,1598.0,1167.0,14.3,38.4,0.6243
2.1,1206.0,10.2,986.0,143.0,1035.0,113.0,1537.0,959.0,15.0,36.5,0.6195
2.5,1252.0,11.0,1016.0,160.0,1008.0,116.0,1593.0,983.0,16.1,34.5,0.6262
2.7,1287.0,12.8,1078.0,163.0,949.0,123.0,1660.0,1061.0,16.3,35.7,0.656
2.9,1353.0,14.2,1122.0,190.0,922.0,126.0,1740.0,1139.0,15.8,37.0,0.661
2.8,1309.0,12.7,1073.0,178.0,954.0,120.0,1657.0,1112.0,15.9,37.2,0.6657
2.4,1274.0,11.7,1041.0,150.0,1006.0,119.0,1610.0,994.0,16.9,34.3,0.6549
3.9,1510.0,19.3,1277.0,206.0,812.0,149.0,1910.0,1410.0,15.1,39.6,0.6766
3.7,1525.0,18.2,1246.0,202.0,821.0,145.0,1847.0,1448.0,14.4,43.4,0.7084
6.6,1843.0,32.6,1610.0,340.0,624.0,170.0,2390.0,1887.0,12.9,50.5,0.7478
4.4,1598.0,20.1,1299.0,274.0,752.0,149.0,1941.0,1627.0,12.1,53.3,0.7536
3.5,1484.0,14.3,1127.0,253.0,839.0,139.0,1723.0,1491.0,11.0,59.1,0.774
5.4,1677.0,21.8,1346.0,300.0,741.0,134.0,2062.0,1657.0,9.7,64.6,0.7771
2.7,1280.0,9.6,964.0,193.0,963.0,113.0,1544.0,1285.0,9.5,64.1,0.7597
1.9,1196.0,7.4,873.0,139.0,1071.0,97.0,1463.0,1144.0,9.1,63.9,0.7423
1.6,1184.0,5.4,782.0,83.0,1176.0,82.0,1365.0,1043.0,8.8,63.9,0.7256
1.0,978.0,2.6,625.0,62.0,1420.0,65.0,1274.0,819.0,8.3,63.6,0.6982
1.2,1100.0,2.9,646.0,53.0,1406.0,60.0,1268.0,835.0,7.2,67.5,0.6887
1.5,1112.0,5.1,770.0,139.0,1228.0,77.0,1409.0,940.0,6.3,71.9,0.6932
2.7,1336.0,11.8,1043.0,256.0,935.0,96.0,1678.0,1192.0,6.5,71.6,0.6945
3.7,1408.0,15.1,1153.0,295.0,830.0,119.0,1777.0,1411.0,9.6,59.7,0.7124
3.2,1447.0,12.9,1081.0,250.0,869.0,126.0,1667.0,1465.0,12.4,51.2,0.7335
4.1,1542.0,16.1,1184.0,259.78289180578923,808.0,158.0,1780.0,1583.0,15.6,42.2,0.7451
3.6,1451.0,14.0,1117.0,239.0,875.0,161.0,1679.0,1387.0,18.4,33.8,0.709
2.8,1328.0,12.3,1059.0,153.0,987.0,124.0,1600.0,1101.0,19.4,31.3,0.695
2.0,1207.0,8.6,924.0,118.0,1088.0,102.0,1488.0,850.0,18.0,34.8,0.7127
2.0,1240.0,9.2,947.0,119.0,1049.0,116.0,1532.0,947.0,18.4,33.6,0.7042
2.5,1306.0,10.2,987.0,138.0,1004.0,124.0,1554.0,1078.0,17.6,35.1,0.7012
2.3,1326.0,10.6,1000.0,148.0,976.0,125.0,1602.0,1084.0,16.7,37.8,0.7117
3.2,1473.0,15.5,1163.0,227.0,831.0,148.0,1779.0,1395.0,16.1,41.0,0.7451
4.2,1609.0,19.6,1286.0,277.0,758.0,165.0,1922.0,1612.0,15.8,42.4,0.7569
4.446264195545735,1611.0,19.2,1274.0,279.0,754.0,161.0,1915.0,1697.0,15.7,44.1,0.7786
4.2,1621.0,18.3,1247.0,283.0,762.0,159.0,1860.0,1886.0,15.3,46.8,0.8091
3.1,1444.0,13.1,1089.0,214.0,844.0,143.0,1748.0,1624.0,14.6,48.6,0.806
2.6,1418.0,10.9,1010.0,172.0,892.0,130.0,1603.0,1536.0,14.7,49.3,0.8193
2.9,1534.0,11.0,1013.0,190.0,889.0,129.0,1611.0,1535.0,13.9,53.6,0.8498
2.8,1484.0,11.9,1045.0,174.0,880.0,119.0,1624.0,1530.0,14.6,51.5,0.8536
2.5,1367.0,8.6,925.0,128.0,953.0,104.0,1543.0,1337.0,12.5,58.9,0.8537
1.2,1062.0,3.7,691.0,53.0,1272.0,70.0,1377.0,929.0,11.5,63.1,0.8533
1.0,1076.0,2.5,618.0,44.0,1395.0,63.0,1333.0,872.0,11.6,62.2,0.8473
0.9,1028.0,2.4,615.0,74.0,1384.0,67.0,1340.0,853.0,10.4,67.6,0.853
1.4,1155.0,4.2,722.0,101.0,1225.0,84.0,1414.0,959.0,11.6,62.7,0.853
1.6,1235.0,6.4,828.0,118.0,1055.0,83.0,1527.0,1093.0,12.4,60.0,0.8627
2.2,1332.0,8.6,923.0,144.0,952.0,98.0,1614.0,1225.0,14.5,53.1,0.8728
2.8,1445.0,10.9,1009.0,176.0,878.0,114.0,1696.0,1355.0,16.9,46.1,0.8789
2.8,1416.0,10.7,1002.0,161.0,907.0,119.0,1677.0,1262.0,19.3,38.3,0.8474
2.0,1281.0,7.5,880.0,113.0,1084.0,104.0,1525.0,980.0,21.2,31.4,0.7812
1.8,1207.0,7.5,879.0,103.0,1104.0,102.0,1490.0,872.0,21.4,30.2,0.7616
1.9,1258.0,8.2,906.0,112.0,1081.0,107.0,1511.0,900.0,21.9,29.0,0.7525
3.0,1458.0,11.9,1045.0,170.0,974.0,129.0,1646.0,1099.0,22.2,28.4,0.7516
2.9,1438.0,12.0,1051.0,180.0,943.0,128.0,1668.0,1206.0,21.3,30.8,0.7696
2.5,1478.0,12.2,1055.0,160.0,929.0,130.6649385741923,1671.0,1262.0,19.7,36.7,0.8307
4.6,1808.0,20.6,1312.0,261.0,753.0,157.0,1993.0,1698.0,18.4,41.7,0.8732
5.9,1898.0,23.1,1381.0,325.0,681.0,173.0,2103.0,1905.0,17.6,46.1,0.921
3.4,1560.0,14.7,1140.0,217.0,784.0,146.0,1818.0,1648.0,16.7,49.6,0.932
2.1,1324.0,9.0,940.0,146.0,924.0,121.0,1587.0,1423.0,16.3,51.0,0.9341
2.2,1349.0,8.8,933.0,152.0,933.0,119.0,1617.0,1349.0,14.7,55.9,0.9314
1.8,1239.0,7.4,872.0,104.0,985.0,99.0,1547.0,1250.0,14.8,54.7,0.9164
1.8,1239.0,6.9,853.0,106.0,1010.0,93.0,1543.0,1174.0,14.0,57.0,0.9094
1.8,1224.0,7.0,855.0,108.0,998.0,88.0,1566.0,1149.0,13.4,61.3,0.9361
1.0,1075.0,3.9,703.0,88.0,1156.0,74.0,1464.0,1010.0,11.9,67.4,0.9375
1.4,1157.0,6.4,830.0,138.0,1030.0,80.0,1584.0,1083.0,11.4,70.5,0.9475
2.2,1314.0,9.7,966.0,228.0,897.0,89.0,1710.0,1235.0,11.3,70.2,0.9401
5.5,1797.0,25.9,1451.0,360.0,652.0,114.0,2323.0,1680.0,12.4,63.9,0.917
8.1,1961.0,36.7,1701.0,478.0,537.0,149.0,2665.0,2184.0,14.8,54.3,0.9076
5.8,1771.0,26.6,1470.0,394.0,622.0,157.0,2262.0,1973.0,17.4,45.6,0.8993
4.2,1564.0,20.1,1300.0,319.0,710.0,155.0,2029.0,1798.0,19.8,38.5,0.8801
3.1,1430.0,14.1,1120.0,201.0,831.0,140.24057312530974,1783.0,1522.0,22.0,34.1,0.8904
2.9,1417.0,14.9,1146.0,171.0,830.0,119.0,1831.0,1404.0,23.3,32.2,0.9096
2.9,1400.0,15.4,1162.0,159.0,838.0,111.0,1829.0,1263.0,23.9,30.0,0.8757
2.5,1317.0,12.1,1053.0,153.0,926.0,104.0,1707.0,1137.0,24.4,28.9,0.8736
2.3,1318.0,11.5,1033.0,143.0,950.0,99.0,1675.0,1068.0,24.4,29.4,0.8848
2.8,1445.0,14.8,1141.0,156.0,857.0,110.0,1824.0,1252.0,23.8,31.3,0.9137
6.103357494199449,1917.0,32.1,1601.0,314.0,631.0,162.0,2447.0,1843.0,22.5,35.4,0.9547
8.0,2040.0,39.2,1754.0,404.0,542.0,187.0,2679.0,2122.0,20.4,42.5,1.0086
6.5,1895.0,31.0,1573.0,320.0,565.0,165.0,2443.0,1992.0,18.3,52.6,1.0945
4.2,1595.0,19.9,1294.0,256.0,678.0,145.0,2058.0,1707.0,16.7,57.4,1.0786
3.521412935829516,1439.0,15.3,1159.0,193.0,764.0,125.0,1856.0,1494.0,15.7,60.2,1.0654
1.4,1142.0,6.9,852.0,89.0,1008.0,101.0,1547.0,1164.0,15.3,61.4,1.058
2.1,1304.0,11.1,1019.0,127.0,852.0,103.0,1731.0,1272.0,14.1,65.7,1.0494
1.2,1074.0,5.4,784.0,79.0,1098.0,88.0,1483.0,1040.0,14.8,60.6,1.0148
0.8,968.0,2.8,640.0,43.0,1320.0,61.0,1386.0,867.0,14.8,59.2,0.9879
0.6,937.0,2.0,585.0,38.0,1412.0,52.0,1348.0,793.0,12.8,63.2,0.9283
0.9,1017.0,3.5,681.0,82.0,1246.0,64.0,1418.0,870.0,11.2,68.5,0.9081
1.3,1171.0,5.1,770.0,99.0,1162.0,70.0,1467.0,930.0,11.0,66.5,0.8705
3.4,1541.0,16.2,1185.0,263.0,770.0,97.0,1889.0,1407.0,11.7,63.7,0.8719
3.7,1539.0,19.7,1287.0,229.0,698.0,95.0,2055.0,1507.0,13.6,56.3,0.8743
5.263282520429539,1735.0,25.1,1431.0,396.0,628.0,150.0,2211.0,1843.0,17.8,42.9,0.8672
4.1,1571.0,20.0,1297.0,314.0,730.0,162.0,1973.0,1729.0,21.4,33.3,0.8417
3.3,1452.0,18.3,1250.0,217.0,776.0,154.0,1868.0,1583.0,24.4,27.4,0.8231
4.0,1579.0,22.3,1359.0,252.0,724.0,161.0,1998.0,1671.0,25.3,26.1,0.8264
3.8,1466.0,20.4,1309.0,263.0,773.0,161.0,1897.0,1491.0,25.8,23.2,0.7589
2.8,1280.0,14.6,1136.0,180.0,893.0,128.0,1675.0,1240.0,27.0,20.2,0.7094
2.9,1407.0,16.6,1197.0,184.0,905.0,129.0,1759.0,1313.0,28.2,18.6,0.7014
2.9,1389.0,15.8,1173.0,190.0,898.0,133.0,1739.0,1363.0,28.0,19.1,0.7098
3.4,1447.0,17.8,1235.0,184.0,859.0,139.0,1778.0,1296.0,23.9,25.7,0.7519
3.9,1551.0,19.1,1271.0,181.0,800.0,137.0,1875.0,1432.0,21.3,34.8,0.873
3.2,1474.0,15.8,1173.0,166.0,854.0,143.0,1776.0,1432.0,20.4,36.7,0.8704
5.1,1800.0,24.9,1426.0,317.0,700.0,177.0,2106.0,2034.0,19.0,41.3,0.9007
2.6,1379.0,13.5,1101.0,184.0,818.0,138.0,1710.0,1602.0,17.9,45.9,0.9342
1.7,1201.0,9.1,943.0,130.0,935.0,117.0,1560.0,1362.0,16.7,48.9,0.9226
1.7,1205.0,8.6,925.0,132.0,922.0,107.0,1547.0,1314.0,15.5,52.9,0.9271
1.2,1072.0,5.4,784.0,95.0,1066.0,90.0,1442.0,1114.0,15.5,51.9,0.9059
0.9,998.0,4.1,714.0,70.0,1169.0,79.0,1383.0,992.0,14.1,55.6,0.891
0.5,869.0,1.6,554.0,28.0,1460.0,40.0,1268.0,667.0,11.8,58.0,0.8026
0.5,891.0,1.9,576.0,46.0,1417.0,53.0,1289.0,733.0,11.9,57.4,0.7978
1.6,1173.0,7.5,878.0,160.0,1038.0,84.0,1556.0,1052.0,9.9,65.2,0.7956
4.1,1587.0,21.4,1334.0,320.0,702.0,108.0,1999.0,1534.0,11.1,60.2,0.7958
6.6,1852.0,36.4,1696.0,377.0,553.0,127.0,2535.0,1931.0,14.1,50.0,0.802
4.3,1522.0,21.3,1331.0,280.0,703.0,134.0,2026.0,1734.0,17.7,40.1,0.8048
2.9,1438.0,15.4,1161.0,221.0,819.0,135.0,1782.0,1595.0,21.1,33.4,0.8265
2.5,1393.0,12.5,1067.0,210.0,905.0,142.0,1654.0,1490.0,24.3,28.3,0.8471
2.8,1452.0,15.1,1152.0,204.0,861.0,153.0,1747.0,1508.0,25.6,25.6,0.8254
2.6,1389.0,13.7,1108.0,161.0,887.0,123.0,1712.0,1334.0,25.9,25.9,0.8503
2.0,1207.0,10.4,994.0,135.0,1013.0,104.0,1520.0,1045.0,26.8,18.7,0.65
2.9,1365.0,15.2,1154.0,186.0,940.0,129.0,1679.0,1221.0,29.3,15.8,0.6309
2.5,1247.0,12.3,1060.0,147.0,1032.0,114.0,1525.0,1069.0,28.5,14.9,0.5708
5.0,1557.0,27.0,1478.0,299.0,793.0,158.0,1981.0,1569.0,25.9,16.0,0.5237
6.710624087047156,1973.0,38.4,1737.0,411.0,617.0,194.0,2414.0,2306.0,23.1,26.5,0.7403
6.401334554087411,1975.0,35.1,1667.0,347.0,597.0,182.0,2416.0,2359.0,20.5,38.2,0.9133
5.7,1795.0,27.2,1485.0,336.0,653.0,180.0,2174.0,2050.0,19.1,42.6,0.9294
2.8,1444.0,15.0,1150.0,202.0,770.0,136.0,1727.0,1727.0,17.2,44.1,0.8558
2.6,1488.0,15.7,1171.0,178.0,731.0,127.0,1778.0,1705.0,16.0,50.9,0.9206
2.3,1371.0,13.0,1083.0,154.0,796.0,116.0,1669.0,1551.0,14.8,53.9,0.9024
1.4,1161.0,8.1,904.0,92.0,947.0,107.0,1502.0,1240.0,14.3,55.4,0.8975
1.0,1064.0,5.5,787.0,61.0,1057.0,88.0,1407.0,1115.0,14.8,52.1,0.8686
0.6,931.0,2.5,623.0,37.0,1293.0,57.0,1307.0,828.0,12.0,58.9,0.8233
0.7,938.0,3.0,650.0,68.0,1251.0,71.47736429212365,1333.0,893.0,10.9,62.1,0.8113
1.5,1166.0,7.7,885.0,139.0,1005.0,85.0,1551.0,1075.0,10.6,63.3,0.8067
4.7,1643.0,23.3,1384.0,339.0,667.0,124.0,2094.0,1610.0,11.5,60.0,0.8117
6.6,1934.0,35.8,1682.0,421.0,541.0,151.0,2468.0,2051.0,14.3,50.6,0.8186
4.5,1617.0,21.3,1333.0,349.0,686.0,150.0,2010.0,1819.0,17.8,40.5,0.821
2.8,1473.0,14.3,1127.0,224.0,831.0,152.0,1752.0,1568.0,20.8,34.4,0.8365
2.2,1379.0,12.5,1068.0,171.0,899.0,139.0,1663.0,1374.0,23.8,28.2,0.8219
2.2,1385.0,12.2,1056.0,149.0,891.0,133.0,1648.0,1268.0,24.2,28.7,0.8515
2.3,1379.0,13.1,1087.0,137.0,901.0,126.0,1660.0,1144.0,25.2,24.9,0.7829
2.2,1322.0,14.4,1129.0,149.0,934.0,128.0,1639.0,1109.0,27.0,17.8,0.6275
2.8,1496.0,16.8,1205.0,172.0,822.0,169.0,1767.0,1347.0,27.1,23.1,0.818
2.7,1409.0,14.5,1131.0,166.0,873.0,149.0,1689.0,1206.0,25.8,23.9,0.7832
3.7,1513.0,21.5,1338.0,214.0,764.0,156.0,1957.0,1397.0,23.0,26.8,0.7446
5.1,1667.0,26.4,1464.0,280.0,683.0,168.0,2118.0,1588.0,20.7,31.1,0.7523
5.1,1667.0,26.0,1453.0,276.0,684.0,159.76084781331792,2051.0,1569.0,18.6,36.2,0.7676
3.2,1430.0,14.1,1121.0,178.0,814.0,135.0,1732.0,1322.0,16.0,48.4,0.8768
2.1,1333.0,10.3,989.0,129.0,885.0,121.0,1621.0,1194.0,14.5,57.8,0.9456
1.7,1262.0,8.3,911.0,95.0,948.0,99.0,1545.0,1062.0,13.1,64.2,0.9606
2.0,1287.0,8.9,936.0,126.0,918.0,106.0,1606.0,1040.0,12.0,69.7,0.9735
1.6,1134.0,6.6,840.0,103.0,1021.0,96.0,1501.0,917.0,11.9,71.1,0.9915
0.9,999.0,3.6,688.0,48.0,1229.0,63.0,1380.0,594.0,12.5,69.3,1.0029
0.5,913.0,1.3,525.0,18.0,1620.0,28.0,1260.0,370.0,12.5,66.8,0.962
0.7,969.0,2.3,607.0,56.0,1373.0,61.0,1324.0,438.0,12.3,66.3,0.9487
1.5,1182.0,6.7,845.0,115.0,1054.0,99.0,1539.0,704.0,12.4,64.9,0.9332
4.8,1740.0,22.8,1372.0,320.0,671.0,157.0,2144.0,1476.0,13.0,61.6,0.9209
6.152356812101007,1819.0,31.3,1582.0,357.0,575.0,166.0,2456.0,1716.0,13.6,58.8,0.912
4.180816525023611,1427.0,19.2,1275.0,253.0,701.0,149.0,1980.0,1398.0,13.9,57.1,0.9032
3.3,1390.0,16.4,1191.0,218.0,759.0,135.0,1879.0,1268.0,14.5,54.4,0.8917
2.8,1283.0,14.0,1117.0,192.0,813.0,127.0,1751.0,1188.0,15.5,50.1,0.8744
3.0,1304.0,15.3,1157.0,176.0,793.0,122.0,1801.0,1171.0,16.1,47.6,0.8655
3.3,1364.0,16.7,1202.0,198.0,771.0,135.0,1875.0,1250.0,16.3,47.1,0.864
3.5,1410.0,19.0,1268.0,212.0,724.0,139.0,1957.0,1344.0,16.4,47.5,0.8791
4.0,1476.0,19.4,1280.0,249.0,708.0,147.0,1955.0,1378.0,16.1,50.2,0.9094
4.6,1522.0,20.9,1320.0,270.0,690.0,158.0,2005.0,1435.0,16.0,50.7,0.9142
4.1,1442.0,20.2,1301.0,231.0,704.0,146.0,1952.0,1372.0,15.8,50.3,0.8989
4.5,1469.0,21.7,1344.0,251.0,677.0,144.0,1997.0,1471.0,15.5,50.6,0.884
3.9,1467.0,19.8,1292.0,210.0,698.0,138.0,1942.0,1439.0,15.4,51.4,0.8956
4.0,1421.0,16.7,1202.0,249.0,748.0,143.0,1854.0,1429.0,15.2,53.1,0.9117
2.2,1175.0,9.1,945.0,143.0,904.0,116.0,1604.0,1081.0,14.7,57.6,0.9573
2.1,1215.0,8.3,912.0,127.0,948.0,109.0,1547.0,993.0,14.2,58.3,0.938
1.7,1127.0,5.8,802.0,104.0,1064.0,92.0,1447.0,837.0,13.8,57.9,0.9085
1.6,1090.0,5.2,773.0,86.0,1105.0,83.0,1429.0,761.0,13.9,55.9,0.8842
1.3,1017.0,4.1,718.0,74.0,1182.0,81.0,1382.0,650.0,13.9,55.6,0.8765
0.8,956.0,3.1,661.0,42.0,1260.0,53.0,1351.0,518.0,13.6,55.1,0.856
0.8,966.0,2.5,622.0,63.0,1317.0,67.0,1342.0,571.0,13.6,59.0,0.9129
1.1,1064.0,4.3,728.0,115.0,1161.0,91.0,1461.0,842.0,13.5,58.4,0.896
2.1,1300.0,8.9,935.0,170.0,902.0,113.0,1623.0,1145.0,13.8,58.0,0.9083
2.4,1348.0,10.5,998.0,147.0,834.0,102.0,1689.0,1218.0,14.6,53.1,0.8765
2.6,1425.0,12.5,1068.0,166.0,776.0,107.0,1764.0,1341.0,15.0,52.3,0.8881
2.8,1474.0,12.3,1061.0,195.0,768.0,113.0,1768.0,1406.0,15.4,52.1,0.9046
2.6,1490.0,11.7,1039.0,182.0,782.0,108.0,1757.0,1422.0,16.3,50.0,0.9158
2.6,1495.0,11.7,1040.0,168.0,809.0,105.0,1735.0,1373.0,17.1,47.9,0.9281
2.1,1376.0,9.3,953.0,125.0,900.0,93.0,1636.0,1153.0,19.0,42.9,0.937
1.7,1305.0,7.6,884.0,95.0,980.0,87.0,1573.0,927.0,19.5,42.3,0.9476
1.6,1283.0,6.7,844.0,79.0,1036.0,76.0,1539.0,766.0,19.5,42.3,0.9493
2.1,1392.0,9.7,967.0,119.0,930.0,94.0,1649.0,941.0,19.1,43.8,0.9556
2.3,1452.0,12.4,1063.0,142.0,856.0,110.0,1774.0,1146.0,18.5,46.3,0.9744
3.5,1633.0,16.6,1199.0,215.0,734.0,136.0,1919.0,1417.0,17.4,51.6,1.0159
3.9,1625.0,16.4,1191.0,229.0,733.0,139.0,1885.0,1442.0,17.1,51.3,0.9914
3.3,1535.0,13.7,1108.0,206.0,785.0,125.0,1820.0,1323.0,16.4,53.8,0.9964
2.3,1323.0,9.9,973.0,147.0,864.0,111.0,1712.0,1125.0,16.2,55.4,1.0132
2.1,1309.0,8.9,937.0,122.0,905.0,97.0,1672.0,1036.0,15.9,57.7,1.0356
2.8,1456.0,10.6,999.0,175.0,835.0,107.0,1714.0,1202.0,15.7,58.6,1.0396
2.1,1300.0,7.4,872.0,133.0,941.0,90.0,1577.0,1054.0,15.1,60.9,1.0398
1.6,1203.0,6.2,823.0,89.0,1004.0,84.0,1526.0,903.0,15.6,56.6,0.9951
1.1,1062.0,4.0,711.0,55.0,1136.0,66.0,1461.0,700.0,14.9,60.6,1.0196
0.7,947.0,2.1,594.0,24.0,1300.0,36.0,1390.0,580.0,14.5,63.0,1.0316
0.8,1065.0,3.6,687.0,72.0,1143.0,62.0,1492.0,815.0,14.2,66.2,1.063
1.2,1155.0,4.4,734.0,122.0,1062.0,91.0,1528.0,1035.0,14.5,65.3,1.0704
1.4,1220.0,5.4,782.0,111.0,996.0,89.0,1560.0,1067.0,15.3,62.1,1.073
1.7,1301.0,7.1,862.0,123.0,914.0,93.0,1633.0,1114.0,16.3,59.0,1.0868
1.8,1279.0,7.3,870.0,106.0,911.0,81.0,1646.0,1000.0,18.9,49.6,1.07
1.8,1267.0,7.6,883.0,103.0,953.0,82.0,1617.0,906.0,19.4,46.1,1.0249
1.9,1239.0,6.8,848.0,102.0,981.0,80.0,1568.0,822.0,20.8,41.6,1.0091
1.3,1128.0,4.6,742.0,48.0,1144.0,48.0,1507.0,610.0,21.4,40.3,1.0126
1.6,1243.0,8.4,916.0,63.0,962.0,61.0,1669.0,657.0,21.2,39.3,0.9791
1.9,1208.0,6.9,853.0,98.0,1060.0,89.0,1506.0,647.0,20.3,38.0,0.8942
2.3,1306.0,9.0,938.0,132.0,961.0,105.0,1607.0,762.0,19.4,41.3,0.9206
3.8,1546.0,15.1,1151.0,173.0,769.0,116.0,1874.0,1122.0,18.5,43.8,0.9252
3.5,1501.0,12.6,1071.0,185.0,823.0,119.0,1744.0,1130.0,17.8,48.1,0.9689
4.3,1605.0,15.1,1153.0,266.0,769.0,144.0,1840.0,1637.0,17.9,46.9,0.952
2.8,1316.0,9.9,974.0,188.0,883.0,123.0,1673.0,1272.0,17.4,49.1,0.9688
1.9,1195.0,8.0,898.0,122.0,933.0,105.0,1594.0,1098.0,17.0,51.7,0.9914
1.9,1211.0,7.9,896.0,112.0,920.0,93.0,1624.0,1066.0,16.4,55.1,1.0198
1.7,1161.0,6.1,815.0,93.0,995.0,86.0,1582.0,909.0,16.1,60.0,1.0919
1.5,1095.0,5.1,767.0,74.0,1050.0,76.0,1547.0,818.0,15.8,60.5,1.0805
0.6,897.0,1.7,563.0,23.0,1417.0,33.0,1355.0,472.0,16.3,57.0,1.0491
0.3,845.0,0.7,472.0,15.0,1786.0,23.0,1278.0,378.0,16.5,53.9,1.0049
0.6,942.0,2.0,586.0,41.0,1480.0,46.0,1373.0,432.0,16.4,54.0,0.9979
1.2,1090.0,5.1,768.0,86.0,1072.0,76.0,1538.0,699.0,15.7,57.6,1.0195
3.6,1514.0,17.7,1230.0,226.0,732.0,116.0,1996.0,1252.0,15.8,53.7,0.9571
3.7,1379.0,18.4,1252.0,214.0,711.0,115.0,1962.0,1237.0,17.4,42.1,0.8281
1.8,1074.0,6.9,854.0,115.0,1032.0,83.0,1484.0,772.0,17.9,38.4,0.7793
1.6,1090.0,7.3,868.0,124.0,1026.0,87.0,1509.0,766.0,18.5,36.7,0.7764
1.9,1110.0,9.6,964.0,122.0,947.0,90.0,1577.0,829.0,21.0,29.6,0.7263
2.0,1102.0,10.4,994.0,107.0,955.0,87.0,1599.0,783.0,21.3,28.1,0.7067
2.2,1100.0,11.2,1021.0,133.0,952.0,99.0,1607.0,822.0,21.3,26.1,0.6539
2.1,1094.0,10.7,1003.0,130.0,965.0,99.0,1574.0,813.0,21.3,26.8,0.6681
2.3,1076.0,11.6,1034.0,150.0,964.0,101.0,1544.0,813.0,21.3,24.2,0.606
2.6,1152.0,12.4,1062.0,43.99624563153051,928.0,103.0,1606.0,850.0,20.2,28.5,0.6682
3.8,1407.0,18.3,1249.0,213.0,720.0,129.0,1932.0,1276.0,17.0,43.1,0.8264
4.4,1438.0,21.0,1325.0,232.0,678.0,143.0,1993.0,1401.0,15.6,47.4,0.8347
4.5,1425.0,21.0,1325.0,238.0,678.0,146.0,1965.0,1356.0,15.3,47.4,0.8178
3.3,1279.0,14.5,1131.0,180.0,775.0,124.0,1758.0,1243.0,14.5,49.7,0.8177
2.0,1132.0,8.4,916.0,128.0,920.0,113.0,1561.0,1083.0,13.9,52.0,0.8231
1.1,1006.0,4.3,729.0,65.0,1142.0,80.0,1370.0,795.0,14.5,49.4,0.8106
0.9,982.0,3.8,700.0,53.0,1204.0,72.0,1359.0,735.0,13.8,51.4,0.8071
0.8,969.0,2.7,636.0,47.0,1271.0,64.0,1309.0,684.0,14.0,51.3,0.8163
0.7,941.0,2.5,621.0,51.0,1298.0,70.0,1330.0,714.0,13.0,56.8,0.8444
0.3,834.0,0.6,459.0,13.0,1908.0,22.0,1212.0,361.0,8.8,80.5,0.9147
0.5,909.0,1.8,567.0,33.0,1542.0,47.0,1287.0,418.0,9.6,75.4,0.9004
1.1,1061.0,4.6,745.0,103.0,1178.0,88.0,1429.0,616.0,9.8,75.0,0.9093
3.0,1441.0,14.2,1124.0,224.0,851.0,130.0,1829.0,1089.0,10.0,74.2,0.9117
4.4906159813565,1498.0,21.0,1325.0,244.0,684.0,132.0,2095.0,1329.0,11.2,69.7,0.9232
3.4,1343.0,16.2,1185.0,237.0,760.0,132.0,1857.0,1311.0,12.0,62.9,0.8803
3.0,1308.0,15.5,1166.0,220.0,792.0,131.0,1794.0,1236.0,12.8,55.8,0.821
2.7,1209.0,13.4,1097.0,207.0,837.0,129.0,1746.0,1147.0,13.1,54.8,0.8234
3.5,1310.0,16.9,1207.0,208.0,770.0,132.0,1847.0,1301.0,13.8,53.4,0.8351
2.8,1171.0,12.4,1064.0,160.0,881.0,110.0,1639.0,1097.0,16.0,42.4,0.7674
1.9,1112.0,10.1,980.0,131.0,924.0,99.0,1589.0,900.0,14.1,49.8,0.7971
2.0,1132.0,8.7,927.0,128.0,944.0,100.0,1570.0,781.0,12.0,61.1,0.8537
3.0,1225.0,13.8,1111.0,176.0,818.0,122.0,1719.0,1013.0,13.6,54.6,0.8465
1.9,1065.0,9.3,953.0,107.0,962.0,97.0,1514.0,790.0,13.7,49.5,0.7695
2.7,1236.0,13.0,1084.0,131.0,854.0,112.0,1688.0,1059.0,11.7,57.1,0.7822
3.3,1309.0,14.3,1126.0,166.0,812.0,128.0,1722.0,1205.0,11.5,58.2,0.7867
1.7,1089.0,7.6,884.0,89.0,1006.0,101.0,1487.0,975.0,12.6,54.2,0.7881
1.3,1000.0,5.3,776.0,81.0,1141.0,96.0,1375.0,896.0,12.0,54.9,0.7664
1.3,1041.0,5.4,782.0,78.0,1105.0,86.0,1425.0,911.0,11.0,61.4,0.8057
1.2,1045.0,4.9,756.0,70.0,1137.0,85.0,1411.0,902.0,11.1,62.2,0.8199
1.1,997.0,4.6,744.0,76.0,1151.0,79.0,1405.0,832.0,10.8,62.5,0.8082
0.9,948.0,2.7,634.0,43.0,1320.0,61.0,1326.0,715.0,11.3,60.0,0.8025
0.6,892.0,1.2,522.0,34.0,1572.0,54.0,1255.0,648.0,10.9,58.6,0.7628
0.8,954.0,1.7,561.0,43.0,1496.0,57.0,1255.0,612.0,10.8,57.2,0.7382
1.2,1045.0,4.8,751.0,79.0,1186.0,75.0,1403.0,800.0,10.4,59.2,0.7455
3.1,1383.0,13.8,1109.0,174.0,832.0,97.0,1706.0,1173.0,11.0,57.3,0.7501
4.4,1597.0,23.7,1395.0,235.0,652.0,110.0,2080.0,1519.0,11.2,56.9,0.7565
3.4,1318.0,14.2,1124.0,218.0,762.0,113.0,1770.0,1287.0,12.1,54.9,0.7734
1.7,1138.0,8.0,898.0,136.0,950.0,88.0,1505.0,966.0,15.1,44.3,0.7535
1.5,1098.0,6.7,842.0,117.0,1012.0,85.0,1440.0,828.0,15.6,40.6,0.7146
1.7,1118.0,8.7,927.0,119.0,959.0,96.0,1477.0,825.0,16.9,34.6,0.6597
2.2,1170.0,10.8,1009.0,126.0,879.0,106.0,1566.0,872.0,16.6,35.6,0.6697
2.7,1390.0,11.4,1028.0,197.0,829.0,126.0,1730.0,1002.0,9.6,81.1,0.972
2.8,1353.0,13.4,1096.0,195.0,774.0,130.0,1783.0,1159.0,11.7,69.1,0.9497
2.7,1260.0,12.0,1050.0,156.0,828.0,111.0,1722.0,979.0,10.7,68.5,0.8794
4.5,1501.0,20.2,1302.0,247.0,681.0,134.0,2008.0,1311.0,10.7,67.3,0.8643
3.5,1273.0,14.4,1130.0,190.0,795.0,136.0,1744.0,1071.0,10.8,65.7,0.8486
2.6,1179.0,9.4,955.0,169.0,928.0,125.0,1571.0,899.0,10.3,66.3,0.8336
1.7,1047.0,5.9,809.0,118.0,1064.0,108.0,1435.0,766.0,10.1,66.9,0.8248
1.3,973.0,4.5,739.0,81.0,1186.0,87.0,1354.0,589.0,10.4,61.1,0.7717
1.3,997.0,4.5,737.0,80.0,1168.0,89.0,1341.0,631.0,10.3,59.9,0.7516
1.0,970.0,2.5,621.0,42.0,1400.0,58.0,1249.0,479.0,11.0,58.4,0.7686
0.7,902.0,1.8,568.0,38.0,1450.0,54.0,1253.0,479.0,9.1,68.1,0.789
0.5,858.0,0.9,490.0,18.0,1707.0,28.0,1212.0,378.0,9.3,72.3,0.8496
0.5,878.0,0.6,457.0,12.0,1935.0,20.0,1158.0,344.0,9.9,66.8,0.8152
0.6,893.0,1.4,540.0,43.0,1604.0,51.0,1268.0,413.0,7.6,83.2,0.8695
1.1,1038.0,3.8,697.0,84.0,1260.0,82.0,1383.0,605.0,8.1,79.0,0.8544
2.7,1320.0,11.6,1035.0,184.0,902.0,112.0,1721.0,991.0,8.7,74.6,0.8429
3.5,1353.0,17.8,1235.0,202.0,740.0,119.0,1937.0,1175.0,8.6,75.1,0.8415
2.3,1133.0,8.8,933.0,133.0,969.0,99.0,1552.0,923.0,9.7,69.7,0.8389
1.6,1066.0,6.8,849.0,130.0,1039.0,98.0,1468.0,829.0,11.0,64.4,0.8447
1.3,1027.0,5.9,809.0,106.0,1081.0,88.0,1442.0,733.0,13.6,53.0,0.8209
2.0,1106.0,8.9,935.0,132.0,958.0,96.0,1570.0,819.0,14.2,48.4,0.778
1.9,1038.0,8.2,907.0,106.0,976.0,81.0,1492.0,723.0,14.2,46.3,0.7438
1.9,1084.0,8.6,924.0,125.0,986.0,92.0,1501.0,786.0,16.0,41.3,0.7462
2.2,1105.0,10.1,982.0,138.0,939.0,105.0,1545.0,850.0,17.7,35.4,0.7094
2.0,1102.0,9.4,957.0,120.0,968.0,88.0,1527.0,820.0,17.1,37.4,0.7225
2.9,1240.0,14.6,1137.0,158.0,836.0,103.0,1748.0,991.0,14.9,40.5,0.6835
5.2,1443.0,24.6,1418.0,253.0,666.0,141.0,2060.0,1454.0,13.4,47.8,0.7293
4.6,1389.0,21.6,1341.0,231.0,692.0,133.0,1982.0,1488.0,12.6,52.5,0.7642
2.5,1183.0,10.3,989.0,150.0,904.0,119.0,1539.0,1205.0,12.2,53.2,0.7555
1.5,1014.0,5.7,798.0,99.0,1083.0,106.0,1376.0,909.0,10.6,56.1,0.714
1.2,979.0,4.5,736.0,75.0,1154.0,92.0,1324.0,769.0,9.9,59.5,0.7276
1.7,1048.0,5.5,787.0,93.0,1098.0,97.0,1373.0,835.0,9.6,61.1,0.7323
1.5213902253821,1024.0,4.8,753.0,79.0,1131.0,91.0,1357.0,793.0,9.7,61.6,0.7425
1.2,974.0,3.6,690.0,67.0,1208.0,83.0,1313.0,733.0,9.4,62.6,0.7398
0.7,925.0,2.2,602.0,45.0,1398.0,59.0,1263.0,562.0,8.0,69.4,0.7459
0.8,952.0,3.0,654.0,72.0,1210.0,73.0,1312.0,832.0,7.7,72.4,0.7655
0.9,1005.0,4.0,713.0,103.0,1130.0,78.0,1363.0,924.0,8.0,71.8,0.7711
1.6,1122.0,6.7,842.0,132.0,1015.0,90.0,1438.0,974.0,8.5,66.3,0.7375
3.4,1351.0,16.7,1201.0,239.0,783.0,110.0,1828.0,1307.0,9.8,59.6,0.7214
3.8,1408.0,19.3,1278.0,275.0,682.0,114.0,1928.0,1481.0,11.2,57.0,0.7544
3.1,1304.0,14.8,1142.0,232.0,772.0,119.0,1747.0,1405.0,14.8,44.1,0.7407
2.7,1207.0,13.4,1098.0,180.0,826.0,121.0,1664.0,1195.0,16.8,35.3,0.6729
2.0,1099.0,11.0,1014.0,112.0,948.0,97.0,1503.0,868.0,19.2,27.1,0.5976
2.3,1106.0,12.5,1068.0,116.0,915.0,99.0,1535.0,874.0,19.1,26.2,0.5741
1.9,1009.0,8.4,916.0,103.0,1015.0,85.0,1391.0,738.0,16.3,30.8,0.5683
1.3,962.0,5.3,776.0,89.0,1152.0,75.0,1279.0,550.0,14.2,36.8,0.5922
1.9,1093.0,8.8,933.0,112.0,976.0,87.0,1454.0,777.0,13.4,41.0,0.6292
2.3,1180.0,11.2,1023.0,127.0,886.0,102.0,1588.0,966.0,14.2,43.3,0.6982
2.4,1168.0,11.6,1037.0,125.0,868.0,105.0,1580.0,990.0,12.1,45.6,0.6403
2.7,1168.0,12.4,1063.0,120.0,876.0,98.0,1540.0,944.0,10.4,48.0,0.6046
2.6,1140.0,10.6,1000.0,120.0,916.0,93.0,1490.0,962.0,10.0,51.1,0.628
1.5,1001.0,6.0,811.0,99.0,1097.0,91.0,1308.0,778.0,9.8,50.8,0.6172
1.2,953.0,4.6,743.0,79.0,1185.0,85.0,1252.0,690.0,9.7,50.4,0.6063
1.1,972.0,4.1,715.0,66.0,1237.0,74.0,1258.0,644.0,9.9,50.2,0.6103
1.5,1021.0,5.2,776.0,94.0,1144.0,87.0,1307.0,753.0,9.4,53.4,0.63
1.0,940.0,3.2,664.0,70.0,1290.0,79.0,1232.0,646.0,8.6,57.8,0.6488
1.2,1046.0,4.5,736.0,75.0,1142.0,78.0,1312.0,838.0,8.1,62.1,0.6746
0.8,915.0,1.9,578.0,32.0,1417.0,48.0,1212.0,665.0,8.2,58.9,0.6444
0.9,935.0,2.4,615.0,54.0,1373.0,59.0,1250.0,717.0,6.3,66.6,0.641
1.1,976.0,3.3,669.0,68.0,1270.0,65.0,1266.0,795.0,7.2,62.9,0.6396
1.5,1124.0,6.7,842.0,98.0,1050.0,71.0,1418.0,936.0,7.2,63.9,0.65
1.8,1163.0,8.5,919.0,128.0,922.0,84.0,1530.0,1076.0,11.1,50.5,0.6654
2.1,1167.0,9.7,966.0,129.0,942.0,93.0,1520.0,1016.0,15.5,36.1,0.6313
2.2165886962165113,1121.0,9.4,955.0,130.0,992.0,99.0,1451.0,834.0,17.8,29.2,0.592
1.9,1071.0,9.0,940.0,111.0,994.0,93.0,1449.0,756.0,17.6,30.1,0.6013
2.1,1065.0,10.0,979.0,106.0,950.0,96.0,1467.0,766.0,19.1,26.8,0.5861
2.5,1157.0,12.6,1072.0,137.0,888.0,114.0,1596.0,905.0,17.7,28.6,0.5735
1.9,1046.0,7.6,883.0,113.0,1051.0,101.0,1357.0,765.0,17.8,28.4,0.5737
2.2,1147.0,11.8,1042.0,122.0,934.0,108.0,1538.0,830.0,18.7,26.0,0.5555
2.3,1119.0,11.2,1022.0,137.0,916.0,117.0,1508.0,853.0,17.1,31.3,0.6038
2.7,1210.0,12.4,1062.0,165.0,886.0,125.0,1586.0,981.0,15.8,36.1,0.644
3.0,1306.0,12.9,1079.0,196.0,827.0,133.0,1621.0,1286.0,14.7,40.1,0.6657
2.8,1258.0,12.2,1057.0,174.0,841.0,119.0,1633.0,1244.0,13.6,44.9,0.6991
2.2,1148.0,8.8,930.0,140.0,948.0,107.0,1475.0,1056.0,12.5,48.1,0.6946
1.6,1108.0,6.8,848.0,102.0,1023.0,96.0,1421.0,1003.0,11.8,50.8,0.7042
2.1,1231.0,8.6,924.0,130.0,906.0,105.0,1483.0,1245.0,10.9,56.1,0.7326
2.3,1293.0,8.9,937.0,121.0,930.0,102.0,1464.0,1200.0,10.9,55.9,0.7277
2.3,1274.0,8.3,912.0,111.0,939.0,97.0,1451.0,1188.0,10.3,58.1,0.7278
1.7,1135.0,6.3,827.0,87.0,1013.0,79.0,1395.0,1070.0,9.3,62.2,0.7294
1.3,1010.0,5.1,769.0,77.0,1110.0,69.0,1396.0,895.0,8.3,64.9,0.7124
0.8,870.0,2.6,626.0,39.0,1325.0,52.0,1284.0,755.0,9.6,58.5,0.7
1.1,983.0,3.6,688.0,77.0,1251.0,62.0,1342.0,806.0,7.7,66.4,0.699
1.4,995.0,3.6,691.0,91.0,1219.0,69.0,1321.0,836.0,7.4,68.0,0.7043
1.3,1024.0,4.7,747.0,105.0,1136.0,75.0,1382.0,897.0,9.7,58.6,0.7035
1.9,1163.0,7.5,880.0,133.0,959.0,83.0,1486.0,1073.0,12.5,50.1,0.7242
2.3,1218.0,9.0,938.0,128.0,918.0,94.0,1501.0,1088.0,16.8,36.9,0.7018
2.3,1210.0,9.5,958.0,126.0,933.0,96.0,1514.0,1036.0,19.2,31.3,0.6887
1.8,1114.0,7.7,887.0,92.0,1020.0,86.0,1438.0,768.0,21.3,26.4,0.6607
1.4,995.0,5.7,796.0,66.0,1159.0,72.0,1287.0,587.0,21.2,23.1,0.5768
1.0,927.0,3.8,700.0,50.0,1285.0,53.0,1189.0,452.0,18.6,25.0,0.5319
1.4,1002.0,4.8,754.0,70.0,1189.0,65.0,1260.0,470.0,18.0,27.3,0.5594
1.3,987.0,4.3,727.0,73.0,1213.0,70.0,1244.0,502.0,18.2,28.3,0.5848
1.3,993.0,4.1,714.0,77.0,1217.0,75.0,1238.0,516.0,17.0,31.4,0.6048
1.4,1012.0,4.7,746.0,86.0,1174.0,86.0,1301.0,555.0,15.6,35.0,0.617
1.9,1114.0,6.2,823.0,93.0,1068.0,94.0,1357.0,671.0,14.1,40.2,0.6438
1.8,1093.0,5.5,789.0,105.0,1102.0,103.0,1329.0,788.0,13.4,43.2,0.6623
1.1,968.0,3.3,669.0,67.0,1261.0,81.0,1246.0,538.0,12.3,46.8,0.6686
1.1,960.0,3.2,666.0,63.0,1266.0,80.0,1224.0,544.0,11.9,46.5,0.6449
1.1,942.0,2.9,648.0,63.0,1300.0,77.0,1204.0,500.0,11.5,46.6,0.6319
0.9,888.0,2.2,598.0,46.0,1396.0,58.0,1156.0,417.0,10.6,48.0,0.6135
0.6,818.0,1.3,524.0,21.0,1588.0,31.0,1071.0,341.0,10.7,45.8,0.5895
0.5,840.0,1.1,509.0,22.0,1643.0,38.0,1076.0,352.0,10.4,46.6,0.5901
0.6,864.0,1.2,516.0,39.0,1496.0,59.0,1153.0,502.0,11.3,46.9,0.628
0.7,898.0,1.7,559.0,55.0,1441.0,70.0,1180.0,648.0,10.1,51.2,0.6341
0.9,946.0,2.9,643.0,76.0,1309.0,75.0,1232.0,760.0,9.9,50.7,0.6167
2.9,1309.0,14.3,1125.0,181.0,844.0,103.0,1687.0,1183.0,8.1,56.8,0.615
4.1,1326.0,19.7,1289.0,259.0,714.0,134.0,1806.0,1431.0,10.9,44.1,0.5748
1.5,966.0,5.5,786.0,118.0,1111.0,98.0,1258.0,705.0,11.8,37.6,0.5184
1.5,975.0,5.6,793.0,119.0,1133.0,97.0,1254.0,637.0,13.9,33.2,0.5222
1.5,988.0,5.8,803.0,123.0,1105.0,98.0,1293.0,658.0,15.6,30.1,0.5285
1.4,971.0,5.5,786.0,92.0,1129.0,78.0,1272.0,546.0,16.5,29.0,0.5406
1.6,1010.0,6.5,833.0,91.0,1070.0,83.0,1332.0,561.0,17.5,27.9,0.5517
1.5,984.0,5.5,790.0,103.0,1131.0,92.0,1268.0,532.0,17.9,26.8,0.5446
1.4,962.0,5.2,776.0,102.0,1131.0,81.0,1247.0,535.0,18.2,26.1,0.5387
1.5,1012.0,5.8,801.0,94.0,1098.0,90.0,1289.0,525.0,18.0,27.1,0.5522
1.9,1058.0,7.9,896.0,98.0,996.0,95.0,1358.0,603.0,17.0,28.9,0.5558
2.5,1173.0,10.2,985.0,126.0,905.0,114.0,1477.0,802.0,16.1,31.3,0.568
2.1,1127.0,8.2,907.0,108.0,957.0,106.0,1404.0,796.0,14.5,35.4,0.5839
1.6,1020.0,5.7,797.0,95.0,1066.0,99.0,1302.0,689.0,13.2,37.9,0.5733
1.2,949.0,3.8,700.0,78.0,1221.0,90.0,1178.0,553.0,13.1,34.4,0.517
1.1,930.0,4.0,710.0,61.0,1278.0,82.0,1137.0,509.0,13.5,28.5,0.4405
1.0,900.0,2.8,643.0,55.0,1339.0,74.0,1089.0,455.0,12.4,31.9,0.4583
1.0,899.0,2.6,630.0,57.0,1418.0,76.0,1050.0,425.0,13.1,26.8,0.4023
0.7,866.0,1.8,569.0,41.0,1468.0,66.0,1055.0,436.0,11.6,33.6,0.4595
0.7,900.0,1.7,563.0,46.0,1402.0,73.0,1130.0,618.0,10.5,42.9,0.5442
0.7,956.0,2.3,605.0,52.0,1341.0,71.0,1117.0,691.0,12.9,33.9,0.5037
1.1,1054.0,5.3,779.0,111.0,1080.0,98.0,1266.0,1013.0,11.3,40.3,0.5376
2.6,1343.0,13.4,1096.0,191.0,839.0,115.0,1587.0,1311.0,11.9,38.4,0.5341
4.0,1584.0,23.8,1399.0,244.0,642.0,130.0,1947.0,1675.0,13.3,35.6,0.5416
4.448089839702509,1556.0,21.5,1337.0,283.0,674.0,150.0,1852.0,1689.0,16.3,28.8,0.5305
4.7,1565.0,21.0,1324.0,320.0,695.0,178.51940198697815,1872.0,1688.0,17.9,28.2,0.5741
3.9,1429.0,18.4,1251.0,249.0,734.0,146.0,1754.0,1548.0,18.3,26.6,0.5529
3.7,1419.0,18.9,1267.0,219.0,742.0,138.0,1763.0,1490.0,20.8,22.5,0.5463
3.4,1373.0,17.1,1213.0,200.0,791.0,128.0,1711.0,1354.0,22.4,20.0,0.5352
2.2,1185.0,10.4,992.0,138.0,942.0,97.0,1448.0,1014.0,20.9,21.7,0.5295
1.9,1122.0,8.0,897.0,118.0,991.0,91.0,1372.0,831.0,19.1,26.5,0.579
1.6,1085.0,6.2,820.0,99.0,1060.0,81.0,1325.0,699.0,18.1,30.6,0.6295
2.1,1249.0,9.7,968.0,112.0,874.0,99.0,1527.0,926.0,17.3,34.7,0.6788
2.2,1236.0,9.6,962.0,117.0,853.0,101.0,1532.0,928.0,15.8,40.4,0.7228
2.7,1334.0,11.9,1047.0,129.0,815.0,106.0,1638.0,1038.0,15.9,42.0,0.7541
2.4,1264.0,8.7,928.0,132.0,884.0,102.0,1534.0,1035.0,15.9,43.5,0.779
1.3,1073.0,4.7,746.0,73.0,1072.0,84.0,1360.0,789.0,15.0,46.1,0.7833
1.2,1053.0,3.8,701.0,68.0,1147.0,81.0,1323.0,692.0,15.1,44.6,0.7574
1.5,1098.0,4.7,747.0,80.0,1094.0,91.0,1360.0,764.0,14.9,43.5,0.7302
1.3,1029.0,3.8,702.0,68.0,1180.0,82.0,1287.0,639.0,14.8,41.0,0.685
1.0,973.0,2.7,631.0,44.0,1287.0,83.48153917441589,1240.0,541.0,14.8,40.8,0.6814
0.9,972.0,2.8,639.0,47.0,1222.0,70.0,1256.0,678.0,14.8,40.8,0.6834
0.5,851.0,0.8,477.0,15.0,1699.0,26.0,1064.0,343.0,14.5,36.1,0.5928
0.6,909.0,1.5,545.0,44.0,1473.0,58.0,1131.0,436.0,14.6,36.0,0.5947
1.0,1038.0,3.5,684.0,85.0,1220.0,93.0,1279.0,688.0,14.4,38.5,0.6291
3.1,1636.0,15.6,1168.0,207.0,721.0,110.0,1926.0,1438.0,13.8,58.2,0.9129
4.1,1580.0,19.9,1295.0,230.0,639.0,115.0,1957.0,1489.0,13.2,61.1,0.9256
2.2,1262.0,8.6,924.0,181.0,872.0,125.0,1576.0,1093.0,10.4,74.4,0.9384
1.7,1197.0,6.5,837.0,144.0,957.0,118.0,1498.0,965.0,11.5,71.0,0.9582
1.9,1277.0,7.7,886.0,140.0,902.0,109.0,1579.0,1004.0,12.2,70.0,0.9924
2.9,1430.0,11.3,1025.0,204.0,779.0,123.0,1772.0,1166.0,12.3,73.3,1.0442
2.544598030025497,1242.0,9.1,944.0,149.0,846.0,114.0,1638.0,991.0,11.3,78.1,1.0411
2.6,1349.0,11.2,1023.0,171.0,804.0,114.0,1748.0,1054.0,13.6,69.2,1.0746
3.1,1390.0,13.5,1100.0,195.0,755.0,119.0,1799.0,1192.0,14.9,59.3,0.9974
2.3,1224.0,10.1,980.0,152.0,850.0,111.0,1637.0,1055.0,15.7,50.9,0.8997
2.4,1253.0,11.3,1026.0,128.0,810.0,103.0,1681.0,1048.0,15.2,52.9,0.9087
2.8,1312.0,11.8,1041.0,121.0,821.0,103.0,1712.0,1073.0,15.5,50.8,0.8881
2.7,1254.0,11.5,1033.0,142.0,819.0,107.0,1669.0,1068.0,14.3,52.9,0.8581
2.3,1198.0,9.3,953.0,131.0,882.0,105.0,1588.0,1019.0,13.2,56.0,0.8446
1.5,1060.0,5.5,787.0,81.0,1044.0,91.0,1418.0,833.0,12.6,57.0,0.8315
1.4,1050.0,5.1,769.0,60.0,1078.0,79.0,1409.0,759.0,12.3,57.8,0.8224
1.2,1029.0,4.8,754.0,57.0,1098.0,79.0,1395.0,749.0,12.0,58.4,0.8164
1.6,1143.0,6.3,825.0,96.0,986.0,86.0,1477.0,978.0,12.0,61.6,0.8593
1.2,1044.0,5.1,770.0,85.0,1031.0,70.0,1425.0,944.0,11.5,63.9,0.8652
1.1,1034.0,4.1,716.0,50.0,1085.0,55.0,1405.0,891.0,10.7,67.2,0.863
0.7,909.0,2.4,615.0,57.0,1237.0,49.0,1322.0,790.0,10.2,66.6,0.8299
0.9,996.0,2.9,648.0,64.0,1176.0,50.0,1340.0,852.0,11.0,63.7,0.8325
1.7,1154.0,7.4,876.0,153.0,1002.0,67.0,1561.0,987.0,9.6,68.8,0.8243
4.2,1510.0,19.8,1291.0,342.0,675.0,94.0,1949.0,1435.0,9.5,69.6,0.8273
6.2,1722.0,31.9,1595.0,378.0,539.0,119.0,2439.0,1798.0,11.9,60.9,0.8455
4.6,1512.0,21.0,1323.0,304.0,631.0,139.0,2001.0,1677.0,16.2,48.6,0.8892
2.8,1258.0,11.7,1040.0,192.0,800.0,113.0,1701.0,1282.0,19.2,39.6,0.8693
1.6,1094.0,6.8,850.0,130.0,970.0,88.0,1489.0,871.0,19.7,38.4,0.8743
1.7,1129.0,7.4,875.0,106.0,974.0,73.0,1524.0,759.0,20.6,36.7,0.8797
1.7,1125.0,8.6,924.0,102.0,937.0,73.0,1542.0,790.0,21.8,33.9,0.8771
3.3,1308.0,16.4,1193.0,163.0,793.0,106.0,1193.0,1187.0,23.6,27.5,0.7913
4.2,1529.0,21.2,1331.0,211.0,700.0,132.0,2028.0,1399.0,22.8,32.1,0.8814
5.5,1592.0,25.0,1429.0,267.0,624.0,164.0,2089.0,1644.0,20.8,36.7,0.8878
4.9,1536.0,20.2,1302.0,269.0,666.0,161.0,1922.0,1599.0,18.3,40.9,0.8493
2.5,1192.0,10.8,1007.0,154.0,827.0,124.0,1604.0,1223.0,16.8,44.0,0.8341
2.0,1186.0,9.9,976.0,127.0,844.0,113.0,1570.0,1200.0,15.8,48.0,0.8569
2.0,1203.0,8.5,920.0,122.0,898.0,103.0,1529.0,1118.0,14.9,52.0,0.8757
2.0,1139.0,8.0,899.0,126.0,921.0,111.28920900303626,1514.0,1067.0,14.1,54.4,0.8701
1.3,1072.0,5.6,795.0,84.0,986.0,93.0,1442.0,1048.0,13.3,58.8,0.8922
1.0,954.0,3.2,667.0,58.0,1180.0,60.0,1350.0,718.0,13.3,60.9,0.9229
0.7,968.0,2.6,628.0,56.0,1197.0,66.0,1372.0,737.0,11.3,72.9,0.9738
1.1,1067.0,4.3,727.0,91.0,1055.0,82.0,1448.0,903.0,11.4,71.8,0.9671
2.6,1386.0,13.0,1083.0,159.0,798.0,109.0,1833.0,1159.0,11.9,73.7,1.0254
3.9,1474.0,20.3,1306.0,190.0,634.0,114.0,2060.0,1365.0,12.6,70.2,1.0221
5.0,1569.0,20.7,1316.0,249.0,634.0,139.0,2054.0,1510.0,13.6,65.3,1.0136
3.3,1375.0,15.9,1177.0,196.0,706.0,127.0,1898.0,1386.0,16.9,52.3,1.0013
2.9,1328.0,14.2,1123.0,180.0,738.0,127.0,1821.0,1368.0,19.4,44.1,0.9855
3.1,1341.0,15.9,1176.0,167.0,748.0,135.0,1825.0,1347.0,22.9,33.8,0.9322
3.0,1297.0,16.1,1183.0,159.0,765.0,130.0,1773.0,1242.0,23.6,31.3,0.9001
2.7,1303.0,14.7,1139.0,152.0,790.0,126.0,1761.0,1138.0,24.7,30.5,0.9371
2.7,1281.0,14.0,1116.0,149.0,809.0,121.0,1703.0,1080.0,26.1,27.3,0.9101
2.6,1248.0,13.6,1103.0,143.0,872.0,122.0,1632.0,1002.0,27.6,22.8,0.8288
3.7,1382.0,19.7,1288.0,185.0,778.0,138.0,1799.0,1212.0,26.9,22.3,0.7792
4.5,1491.0,23.3,1385.0,223.0,685.0,165.0,1915.0,1486.0,24.3,30.1,0.9012
4.7,1620.0,24.1,1407.0,215.0,641.0,154.0,2052.0,1567.0,21.2,40.1,0.9978
5.5,1693.0,25.4,1439.0,409.3112812577467,618.0,168.0,2083.0,1723.0,19.4,42.5,0.9483
3.0,1374.0,14.1,1121.0,180.0,771.0,146.0,1685.0,1399.0,18.5,43.0,0.9074
1.9,1287.0,10.1,982.0,115.0,841.0,124.0,1582.0,1291.0,17.8,47.0,0.9467
2.3,1408.0,12.1,1052.0,149.0,761.0,124.0,1684.0,1443.0,16.8,53.2,1.01
1.6,1254.0,9.0,941.0,98.0,828.0,106.0,1566.0,1270.0,17.1,51.8,0.999
1.3,1141.0,6.3,827.0,73.0,936.0,88.0,1488.0,1110.0,16.2,54.2,0.9933
1.2,1141.0,5.3,777.0,69.0,986.0,83.0,1455.0,1060.0,15.1,58.2,0.9886
0.8,986.0,3.0,651.0,60.0,1145.0,74.0,1380.0,891.0,14.5,58.0,0.9488
0.8,1005.0,3.3,673.0,56.0,1103.0,64.0,1387.0,905.0,13.7,61.6,0.9631
0.9,1041.0,3.5,683.0,73.0,1112.0,69.0,1398.0,899.0,13.9,59.6,0.9408
2.0,1272.0,9.5,959.0,159.0,846.0,91.0,1660.0,1136.0,13.3,61.7,0.9399
3.0,1436.0,15.2,1154.0,203.0,704.0,96.0,1872.0,1391.0,15.1,55.8,0.9486
3.1,1472.0,14.3,1126.0,211.0,720.0,106.0,1816.0,1460.0,17.0,50.5,0.9684
3.4901836347023356,1461.0,14.3,1127.0,236.0,703.0,124.0,1836.0,1451.0,15.6,57.4,1.0075
3.0,1430.0,13.7,1107.0,228.0,713.0,121.0,1853.0,1409.0,16.6,55.2,1.0382
3.2,1498.0,15.7,1171.0,206.0,684.0,114.0,1942.0,1434.0,17.0,54.3,1.0434
3.1,1454.0,15.4,1162.0,188.0,682.0,114.0,1915.0,1457.0,18.0,51.5,1.0552
2.5,1402.0,12.6,1069.0,158.0,733.0,106.0,1793.0,1325.0,19.5,47.5,1.0653
2.1,1327.0,9.8,971.0,124.0,803.0,89.0,1705.0,1120.0,21.6,41.7,1.0606
2.0,1273.0,9.6,963.0,98.0,832.0,82.0,1662.0,931.0,22.2,38.3,1.0106
3.2,1457.0,16.3,1190.0,160.0,678.0,111.0,1877.0,1212.0,20.3,42.8,1.0053
4.1,1543.0,19.8,1290.0,194.0,631.0,132.0,2011.0,1353.0,19.7,45.4,1.0312
3.9,1499.0,18.0,1239.0,174.0,651.0,121.0,1957.0,1359.0,18.8,47.5,1.0199
3.1,1378.0,13.6,1102.0,157.0,742.0,116.0,1796.0,1273.0,17.9,49.4,1.0064
2.0,1243.0,8.7,928.0,109.0,852.0,100.0,1622.0,1079.0,17.5,50.9,1.009
1.7,1196.0,7.7,885.0,85.0,884.0,89.0,1589.0,973.0,17.4,51.8,1.023
1.6,1137.0,7.3,869.0,90.0,890.0,92.0,1554.0,951.0,17.0,53.9,1.0363
1.0,1015.0,4.1,718.0,61.0,1065.0,71.0,1428.0,714.0,16.6,55.4,1.0408
0.8,978.0,2.7,635.0,36.0,1188.0,51.0,1382.0,579.0,15.9,57.0,1.0224
0.5,933.0,1.5,547.0,25.0,1357.0,39.0,1336.0,542.0,15.0,59.2,1.0059
0.5,908.0,1.8,569.0,24.0,1303.0,35.0,1360.0,526.0,14.1,61.6,0.9883
0.8,980.0,3.4,677.0,73.0,1141.0,64.0,1435.0,659.0,14.6,58.8,0.9711
1.7,1236.0,8.5,920.0,164.0,880.0,94.0,1641.0,1012.0,14.4,58.9,0.9594
4.5,1664.0,24.1,1407.0,329.0,594.0,134.0,2198.0,1564.0,15.3,55.2,0.9538
6.2,1757.0,33.7,1636.0,302.0,494.0,129.0,2560.0,1806.0,16.2,52.5,0.9576
4.4,1524.0,22.0,1350.0,256.0,588.0,125.0,2096.0,1604.0,18.4,46.3,0.9734
2.9,1329.0,14.1,1119.0,182.0,707.0,107.0,1823.0,1288.0,19.6,41.8,0.9407
1.6,1167.0,7.6,884.0,105.0,881.0,78.0,1580.0,931.0,20.2,40.1,0.937
2.6,1369.0,14.5,1132.0,136.0,715.0,91.0,1818.0,1162.0,20.9,36.6,0.8939
2.9,1284.0,13.6,1103.0,167.0,755.0,116.0,1704.0,1064.0,20.4,34.7,0.8229
2.5,1221.0,11.5,1032.0,166.0,811.0,131.0,1630.0,913.0,19.3,35.4,0.7813
1.9,1096.0,9.2,947.0,115.0,872.0,113.0,1519.0,684.0,18.6,36.9,0.7829
1.9,1143.0,10.3,988.0,109.0,849.0,98.0,1590.0,710.0,18.8,36.8,0.7883
2.7,1251.0,14.0,1116.0,143.0,760.0,116.0,1716.0,923.0,17.5,40.6,0.8068
3.0,1268.0,15.0,1148.0,159.0,728.0,120.0,1776.0,1006.0,16.8,44.3,0.8428
3.3,1314.0,15.1,1150.0,171.1806473356396,726.0,126.0,1784.0,1083.0,16.3,47.7,0.8746
3.2,1315.0,14.8,1142.0,178.0,724.0,126.0,1807.0,1161.0,15.6,50.7,0.8947
1.8,1095.0,8.5,918.0,91.0,896.0,90.0,1527.0,800.0,15.7,49.4,0.8768
1.3,1027.0,5.9,808.0,76.0,996.0,81.0,1458.0,647.0,15.8,48.6,0.8653
1.1,1012.0,4.8,752.0,66.0,1053.0,74.0,1393.0,649.0,15.7,47.0,0.8325
0.9,948.0,4.0,710.0,56.0,1127.0,67.0,1352.0,575.0,15.7,45.9,0.8121
0.7,889.0,2.3,603.0,35.0,1308.0,46.0,1271.0,455.0,15.6,44.9,0.792
0.4,830.0,1.4,538.0,21.0,1475.0,30.0,1214.0,392.0,15.6,44.4,0.7827
0.3,804.0,0.7,468.0,12.0,1826.0,19.0,1166.0,320.0,15.7,45.4,0.8063
0.3,824.0,0.8,478.0,22.0,1705.0,32.0,1200.0,331.0,15.3,50.1,0.8617
0.8,1000.0,3.6,688.0,55.0,1257.0,61.0,1398.0,426.0,14.2,58.6,0.9443
2.8,1307.0,12.9,1082.0,152.0,777.0,111.0,1769.0,830.0,14.3,58.2,0.9431
3.1,1286.0,15.7,1171.0,153.0,716.0,102.0,1821.0,1006.0,15.0,52.0,0.8817
2.3,1150.0,8.6,925.0,152.0,865.0,116.0,1576.0,820.0,13.6,61.4,0.9519
1.6,1087.0,7.4,876.0,112.0,911.0,96.0,1554.0,737.0,16.1,53.1,0.9675
1.5,1016.0,6.6,839.0,119.0,991.0,97.0,1448.0,790.0,16.6,44.3,0.8294
1.6,1029.0,7.8,892.0,122.0,937.0,110.0,1474.0,760.0,17.4,40.3,0.7922
1.8,1109.0,9.1,943.0,115.0,883.0,103.0,1604.0,767.0,18.1,42.2,0.8679
1.4,997.0,6.1,817.0,84.0,1030.0,79.0,1426.0,626.0,14.4,51.8,0.8433
1.9,1177.0,7.5,880.0,146.0,927.0,104.0,1552.0,776.0,10.9,76.4,0.9953
1.2,1045.0,5.9,808.0,65.0,1038.0,69.0,1421.0,589.0,16.4,47.7,0.8819
2.3,1171.0,12.7,1073.0,120.0,847.0,96.0,1623.0,872.0,18.0,37.1,0.7598
3.3,1221.0,13.5,1101.0,185.0,799.0,121.0,1700.0,996.0,14.7,48.7,0.8089
3.1,1262.0,14.5,1133.0,157.0,774.0,129.0,1748.0,1033.0,11.3,71.3,0.9514
3.3,1207.0,11.0,1013.0,174.0,876.0,116.0,1632.0,982.0,10.0,74.0,0.9087
1.2,956.0,3.2,666.0,62.0,1235.0,71.0,1282.0,518.0,9.8,71.8,0.8702
1.3,1020.0,4.3,727.0,81.0,1153.0,85.0,1391.0,631.0,9.3,75.2,0.8796
1.9,1107.0,7.1,861.0,118.0,957.0,101.0,1510.0,879.0,9.6,76.0,0.9088
1.4,1020.0,4.8,752.0,95.0,1074.0,97.0,1398.0,839.0,9.3,75.0,0.8799
1.5,1051.0,5.7,798.0,84.0,1016.0,89.0,1455.0,876.0,9.0,76.7,0.8825
1.1,965.0,4.1,716.0,56.0,1087.0,72.0,1383.0,827.0,8.2,79.6,0.8672
0.8,869.0,2.8,642.0,69.0,1291.0,62.0,1288.0,723.0,8.1,72.1,0.7798
1.1,939.0,4.8,754.0,74.0,1169.0,64.0,1384.0,797.0,8.1,70.4,0.7609
2.6,1274.0,13.8,1109.0,161.0,820.0,80.0,1723.0,1138.0,8.1,70.5,0.7627
5.1,1512.0,27.1,1482.0,308.0,596.0,118.0,2189.0,1605.0,9.9,64.3,0.7859
4.2,1435.0,19.1,1271.0,300.0,676.0,130.0,1885.0,1569.0,13.0,54.2,0.809
2.6,1207.0,11.7,1041.0,189.0,813.0,113.0,1620.0,1319.0,16.5,42.6,0.7912
2.4,1223.0,12.7,1075.0,164.0,818.0,112.0,1678.0,1198.0,19.3,34.2,0.7566
2.1,1121.0,11.3,1026.0,122.0,865.0,96.0,1541.0,958.0,21.5,27.4,0.6941
2.6,1176.0,14.2,1123.0,166.0,816.0,125.0,1609.0,1068.0,20.4,26.7,0.6323
2.8,1144.0,13.9,1114.0,181.0,845.0,128.0,1551.0,1010.0,20.6,22.6,0.5432
2.5,1136.0,13.2,1089.0,127.0,856.0,101.0,1552.0,928.0,20.6,24.8,0.5931
1.9,1085.0,10.7,1004.0,106.0,888.0,95.0,1454.0,816.0,21.0,25.4,0.6264
3.6,1297.0,19.7,1287.0,192.0,723.0,138.0,1798.0,1216.0,21.5,24.5,0.6203
4.6,1408.0,24.0,1404.0,241.0,646.0,154.0,1972.0,1463.0,19.3,28.6,0.6357
6.3,1618.0,29.1,1530.0,326.0,579.0,171.0,2167.0,1791.0,18.0,32.9,0.6737
4.3,1319.0,15.8,1172.0,232.0,746.0,136.0,1699.0,1425.0,15.8,39.8,0.7096
1.6,1045.0,7.0,857.0,92.0,968.0,93.0,1410.0,922.0,15.3,41.5,0.7194
1.4,1058.0,6.3,824.0,95.0,993.0,99.0,1411.0,971.0,14.1,46.0,0.7363
2.3,1176.0,8.4,917.0,157.0,866.0,110.15082622781466,1560.0,1151.0,12.0,67.9,0.9523
1.3,1047.0,5.4,783.0,83.0,1014.0,79.0,1449.0,975.0,12.0,66.9,0.9336
1.7,1116.0,6.9,854.0,118.0,929.0,78.0,1533.0,1034.0,11.5,70.1,0.9503
1.7,1074.0,6.4,832.0,101.0,951.0,75.0,1507.0,980.0,11.4,69.8,0.939
0.8,898.0,3.3,669.0,46.0,1163.0,52.0,1386.0,807.0,10.8,70.3,0.9092
1.0,970.0,4.0,708.0,81.0,1121.0,55.0,1435.0,842.0,10.2,73.4,0.9129
1.4,1073.0,6.0,812.0,112.0,988.0,65.0,1500.0,950.0,10.8,70.5,0.9142
1.7,1081.0,8.2,906.0,150.0,895.0,72.0,1591.0,1024.0,11.0,71.0,0.9279
2.0,1159.0,9.9,976.0,138.0,837.0,76.0,1663.0,1098.0,12.4,64.0,0.9206
2.0,1112.0,8.8,931.0,124.0,869.0,84.0,1588.0,1011.0,15.0,53.1,0.8993
1.9,1112.0,8.4,917.0,124.0,897.0,90.0,1542.0,931.0,16.6,44.4,0.8313
2.1,1063.0,7.5,877.0,115.0,971.0,89.0,1481.0,811.0,18.0,38.4,0.7862
1.8,1032.0,7.8,892.0,101.0,973.0,87.0,1457.0,756.0,20.6,30.0,0.7213
1.5,936.0,6.4,829.0,90.0,1054.0,88.0,1336.0,607.0,19.9,26.7,0.6137
1.3,883.0,5.1,766.0,90.0,1152.0,81.0,1238.0,498.0,19.8,23.1,0.5283
1.4,942.0,6.9,852.0,89.0,1055.0,89.0,1318.0,540.0,21.4,22.7,0.5722
1.5,943.0,6.8,850.0,92.0,1084.0,91.0,1296.0,544.0,22.1,21.3,0.5605
1.7,1007.0,7.4,875.0,103.0,1027.0,104.0,1357.0,620.0,21.1,24.5,0.604
2.0,1037.0,8.7,927.0,122.0,949.0,111.0,1426.0,740.0,18.3,31.6,0.6562
2.5,1127.0,11.2,1022.0,159.0,871.0,129.0,1534.0,921.0,16.1,35.0,0.6372
2.4,1123.0,10.5,996.0,172.0,861.0,133.0,1551.0,1033.0,14.8,41.5,0.6929
2.0,1110.0,8.2,909.0,125.0,916.0,115.0,1487.0,984.0,13.2,50.3,0.7577
2.9,1247.0,11.6,1037.0,187.0,812.0,125.0,1618.0,1193.0,12.3,55.5,0.7916
2.5,1220.0,9.7,967.0,174.0,844.0,117.0,1545.0,1219.0,11.8,56.6,0.7833
1.4,1028.0,5.1,770.0,75.0,1047.0,84.0,1326.0,913.0,11.2,56.2,0.7469
1.2,978.0,4.0,711.0,48.0,1144.0,63.0,1304.0,750.0,11.0,56.6,0.7418
1.0,949.0,3.7,694.0,61.0,1160.0,68.0,1310.0,772.0,9.3,64.3,0.7531
0.7,836.0,2.9,643.0,38.0,1244.0,49.0,1306.0,727.0,7.7,70.7,0.7463
0.8,856.0,2.9,644.0,41.0,1259.0,49.0,1301.0,746.0,7.4,71.0,0.7346
0.9,888.0,3.0,651.0,51.0,1240.0,52.0,1298.0,733.0,8.2,66.6,0.7283
1.1,912.0,3.7,694.0,61.0,1196.0,58.0,1343.0,727.0,8.7,64.3,0.7267
1.0,938.0,3.9,706.0,47.0,1177.0,51.0,1320.0,642.0,13.0,47.9,0.7116
1.6,1053.0,6.2,823.0,87.0,1040.0,77.0,1386.0,810.0,17.4,35.4,0.699
1.8,1087.0,7.3,870.0,107.0,1014.0,90.0,1412.0,851.0,20.2,29.2,0.683
2.6,1153.0,9.2,945.0,161.0,969.0,118.0,1425.0,911.0,22.7,22.9,0.6224
1.1,894.0,4.0,710.0,61.0,1209.0,70.0,1200.0,611.0,22.3,22.4,0.5955
0.6,797.0,2.3,606.0,26.0,1452.0,35.0,1076.0,368.0,22.2,18.9,0.4993
0.9,854.0,3.1,658.0,42.0,1409.0,46.0,1108.0,369.0,22.0,19.0,0.4969
1.0,892.0,3.2,665.0,55.0,1348.0,58.0,1150.0,394.0,21.0,23.6,0.5788
1.2,935.0,3.3,672.0,65.0,1299.0,61.0,1183.0,415.0,19.6,27.4,0.6162
1.4,989.0,4.0,709.0,75.0,1225.0,80.0,1233.0,469.0,17.9,30.8,0.6258
2.0,1063.0,5.7,797.0,93.0,1079.0,93.0,1285.0,607.0,16.4,35.3,0.6532
1.1,922.0,3.4,674.0,63.0,1220.0,78.0,1205.0,498.0,15.6,37.5,0.6575
1.1,925.0,3.5,680.0,60.0,1223.0,76.0,1217.0,481.0,15.5,36.7,0.6438
1.1,924.0,2.9,648.0,63.0,1272.0,74.0,1186.0,465.0,14.5,39.0,0.6428
1.1,914.0,3.1,661.0,66.0,1256.0,81.0,1187.0,478.0,14.2,38.2,0.6163
0.7,840.0,1.6,556.0,41.0,1474.0,58.0,1094.0,366.0,13.7,38.3,0.5957
0.6,799.0,1.1,514.0,42.0,1615.0,59.0,1036.0,332.0,14.1,34.0,0.5442
0.7,856.0,2.0,581.0,36.0,1448.0,54.0,1111.0,346.0,14.6,34.0,0.5605
0.3,753.0,0.7,462.0,16.0,1822.0,25.0,955.0,274.0,13.9,30.9,0.4868
0.3,785.0,0.5,448.0,16.0,1923.0,26.0,1003.0,263.0,13.5,37.9,0.5852
0.4,835.0,0.7,472.0,33.0,1756.0,49.0,1117.0,314.0,13.9,43.6,0.6871
0.5,865.0,0.9,494.0,39.0,1613.0,53.0,1185.0,367.0,13.5,50.1,0.7706
0.6,922.0,1.5,541.0,45.0,1453.0,57.0,1246.0,432.0,13.3,53.6,0.8169
0.8,975.0,2.2,598.0,63.0,1268.0,73.0,1293.0,536.0,13.4,56.0,0.8576
1.0,1040.0,2.9,646.0,71.0,1210.0,78.0,1325.0,555.0,13.0,59.6,0.886
1.3,1115.0,3.9,707.0,104.0,1105.0,93.0,1384.0,677.0,12.7,62.7,0.9173
1.1,1004.0,2.8,641.0,85.0,1201.0,71.0,1305.0,557.0,12.1,60.5,0.8505
0.6,895.0,1.4,536.0,53.0,1415.0,56.0,1229.0,421.0,11.2,64.4,0.8537
0.7,917.0,1.7,563.0,58.0,1415.0,60.0,1257.0,423.0,10.7,67.6,0.8703
1.2,1025.0,3.6,689.0,89.0,1189.0,77.0,1325.0,519.0,11.4,61.2,0.8236
1.4,1035.0,3.1,660.0,96.0,1222.0,82.0,1301.0,533.0,9.9,70.5,0.8581
1.2,1025.0,3.5,682.0,88.0,1197.0,77.0,1313.0,537.0,10.3,65.2,0.8151
1.3,1040.0,3.9,705.0,100.0,1149.0,91.0,1324.0,612.0,11.0,58.9,0.7714
1.8,1070.0,5.2,776.0,127.0,1065.0,93.0,1369.0,697.0,10.6,59.5,0.7595
1.2,964.0,3.7,692.0,88.0,1176.0,82.0,1292.0,573.0,10.6,57.7,0.7362
0.8,904.0,2.7,635.0,66.0,1269.0,74.0,1233.0,489.0,10.6,56.1,0.7149
0.8,913.0,2.6,626.0,61.0,1271.0,68.0,1234.0,474.0,10.3,58.0,0.7239
0.8,914.0,2.4,610.0,54.0,1322.0,65.0,1230.0,455.0,10.4,58.4,0.7352
0.7,893.0,2.0,587.0,46.0,1368.0,58.0,1219.0,433.0,10.7,58.2,0.7459
0.5,844.0,1.3,532.0,25.0,1499.0,36.0,1176.0,376.0,10.5,59.9,0.7624
0.3,837.0,1.2,518.0,18.0,1581.0,29.0,1182.0,360.0,10.5,60.8,0.7704
0.3,825.0,0.9,489.0,21.0,1565.0,28.0,1171.0,363.0,11.1,60.1,0.7925
0.7,956.0,3.1,656.0,76.0,1251.0,68.0,1356.0,525.0,10.1,68.4,0.8443
1.6,1124.0,6.9,853.0,149.0,960.0,99.0,1531.0,873.0,10.0,68.7,0.8456
3.9,1496.0,19.1,1272.0,328.0,667.0,130.0,2011.0,1399.0,11.0,64.2,0.8398
4.5,1452.0,22.1,1354.0,282.0,620.0,128.0,2057.0,1501.0,12.0,58.1,0.8138
2.7,1172.0,11.8,1042.0,206.0,797.0,120.0,1641.0,1186.0,12.8,52.0,0.7643
1.6,1020.0,7.3,871.0,133.0,956.0,93.0,1426.0,911.0,12.6,50.8,0.7387
1.6,1044.0,8.0,900.0,137.0,934.0,96.0,1471.0,919.0,13.8,47.4,0.7435
1.6,1020.0,7.2,866.0,116.0,972.0,84.0,1429.0,791.0,15.1,42.7,0.7294
1.5,1009.0,7.7,885.0,112.0,994.0,87.0,1439.0,751.0,16.3,38.1,0.7006
1.8,1073.0,9.7,966.0,128.0,935.0,87.0,1537.0,805.0,16.6,36.7,0.6867
2.1,1098.0,9.8,971.0,145.0,877.0,103.0,1527.0,966.0,15.8,40.5,0.7241
1.7,1061.0,7.7,887.0,110.0,920.0,88.0,1462.0,869.0,16.3,41.8,0.7712
3.0,1289.0,15.3,1158.0,184.0,755.0,118.0,1791.0,1196.0,16.1,42.8,0.7783
4.261145897890219,1442.0,21.5,1337.0,243.0,630.0,134.0,2004.0,1523.0,15.3,46.8,0.8074
5.0,1479.0,21.7,1343.0,259.0,631.0,157.75002644384128,1995.0,1579.0,14.7,47.0,0.7815
3.5,1266.0,14.6,1138.0,205.0,726.0,129.0,1747.0,1370.0,14.1,49.6,0.7931
2.1,1149.0,9.3,952.0,144.0,845.0,108.0,1577.0,1204.0,13.5,54.1,0.8351
2.1,1168.0,9.4,954.0,152.0,843.0,104.0,1586.0,1201.0,12.3,59.2,0.8461
1.5,1079.0,6.8,847.0,108.0,925.0,90.0,1463.0,1122.0,11.6,62.2,0.851
1.1,1047.0,4.9,760.0,64.0,1032.0,74.0,1379.0,1003.0,11.5,61.4,0.8303
0.9,936.0,3.9,705.0,73.0,1086.0,73.0,1364.0,918.0,10.9,64.6,0.8395
0.7,900.0,2.7,635.0,47.0,1207.0,60.0,1307.0,836.0,11.1,63.2,0.8331
0.9,905.0,3.3,670.0,79.0,1191.0,62.0,1346.0,820.0,10.2,65.8,0.8196
1.6,1079.0,7.4,875.0,113.0,947.0,71.0,1535.0,998.0,10.3,65.6,0.8225
3.8324423919677337,1417.0,18.2,1246.0,263.0,669.0,94.0,1921.0,1403.0,10.8,64.0,0.8307
5.0,1529.0,27.7,1497.0,275.0,569.0,99.0,2278.0,1641.0,13.3,55.6,0.8453
4.3,1397.0,18.3,1248.0,263.0,659.0,119.0,1906.0,1534.0,15.8,46.8,0.8328
2.7,1214.0,12.3,1061.0,183.0,780.0,103.0,1662.0,1257.0,19.5,34.4,0.7738
2.1,1109.0,8.9,935.0,147.0,882.0,95.0,1518.0,1026.0,21.1,30.2,0.745
2.1,1122.0,10.4,993.0,132.0,859.0,95.0,1571.0,993.0,18.4,34.2,0.7185
3.9,1489.0,19.1,1270.0,309.0,633.0,114.0,1889.0,1638.0,13.5,53.4,0.8196
3.8,1451.0,17.3,1219.0,327.0,661.0,127.0,1804.0,1633.0,15.0,49.3,0.8364
3.8,1454.0,17.5,1225.0,299.0,661.0,135.0,1809.0,1654.0,17.1,42.1,0.812
3.9,1392.0,17.0,1210.0,257.0,689.0,135.0,1792.0,1559.0,18.4,36.9,0.7758
3.5,1351.0,17.0,1210.0,195.0,709.0,120.0,1783.0,1374.0,19.3,35.4,0.7824
4.0,1418.0,19.5,1282.0,231.0,681.0,129.0,1890.0,1418.0,19.2,35.7,0.7826
3.0,1303.0,14.8,1143.0,170.0,748.0,114.0,1734.0,1228.0,21.5,30.4,0.7677
3.1,1292.0,14.0,1116.0,192.0,746.0,129.0,1676.0,1293.0,19.6,34.6,0.7807
5.2,1560.0,24.4,1413.0,251.0,594.0,149.0,2046.0,1642.0,19.6,35.5,0.8017
5.9,1765.0,28.1,1507.0,289.0,533.0,149.0,2271.0,1895.0,18.3,44.1,0.9183
6.146347890805367,1875.0,33.7,1637.0,351.0,482.0,158.0,2446.0,2086.0,17.4,47.8,0.9392
6.1,1746.0,24.2,1409.0,319.0,553.0,148.0,2119.0,1898.0,16.8,49.8,0.9446
4.6,1607.0,19.8,1290.0,264.0,587.0,134.0,1960.0,1758.0,16.2,53.2,0.9723
2.5,1277.0,9.3,952.0,144.0,802.0,111.0,1607.0,1284.0,14.9,59.1,0.9928
2.2,1207.0,7.3,868.0,119.0,877.0,106.0,1532.0,1075.0,13.9,64.0,1.013
2.0,1209.0,7.1,863.0,120.0,882.0,108.0,1547.0,1084.0,13.7,66.8,1.041
1.9,1189.0,6.7,844.0,96.0,887.0,93.0,1566.0,1049.0,13.4,69.6,1.0688
1.6,1132.0,6.0,810.0,77.0,899.0,83.0,1532.0,1021.0,12.8,71.9,1.0632
1.0,1033.0,3.6,686.0,63.0,1030.0,69.0,1420.0,948.0,11.9,74.8,1.038
1.2,1075.0,5.4,782.0,97.0,941.0,77.0,1505.0,988.0,11.6,76.4,1.0415
2.0,1242.0,10.0,978.0,180.0,778.0,87.0,1686.0,1184.0,11.7,75.3,1.0325
4.5,1657.0,23.2,1384.0,352.0,579.0,109.0,2176.0,1600.0,12.8,71.0,1.0428
4.1,1406.0,18.7,1258.0,279.0,636.0,116.0,1890.0,1495.0,13.8,61.1,0.9595
2.6,1150.0,9.9,973.0,186.0,827.0,105.0,1590.0,1188.0,15.3,51.4,0.8886
2.3,1184.0,10.2,983.0,169.0,823.0,106.0,1604.0,1166.0,16.6,48.7,0.9146
2.6,1223.0,11.0,1014.0,172.0,781.0,108.0,1666.0,1219.0,17.6,46.7,0.9324
2.4,1196.0,10.5,997.0,127.0,802.0,100.0,1644.0,1128.0,19.2,42.7,0.9425
4.3,1559.0,18.9,1267.0,230.0,653.0,149.0,2047.0,1373.0,15.7,62.5,1.1092
4.6,1544.0,18.9,1266.0,280.0,613.0,148.0,2066.0,1415.0,14.5,75.7,1.2425
4.0,1485.0,17.5,1223.0,242.0,650.0,126.0,1980.0,1302.0,14.4,77.4,1.2654
4.7,1498.0,17.7,1230.0,250.0,649.0,140.0,1963.0,1308.0,14.6,74.9,1.2391
5.7,1593.0,23.0,1378.0,309.0,582.0,142.0,2159.0,1449.0,14.6,76.0,1.2573
5.2,1529.0,20.4,1309.0,270.0,627.0,141.0,2083.0,1385.0,14.0,76.3,1.2166
6.4,1689.0,26.8,1474.0,323.0,560.0,149.0,2298.0,1492.0,13.9,78.0,1.2303
6.0,1535.0,19.9,1295.0,307.0,627.0,140.0,2039.0,1380.0,13.8,78.0,1.2229
3.4,1304.0,12.5,1067.0,224.0,737.0,117.0,1811.0,1167.0,13.5,79.4,1.2224
2.4748688081521575,1235.0,9.6,963.0,166.0,803.0,103.0,1680.0,1095.0,13.1,80.1,1.2016
3.1,1281.0,10.0,977.0,171.0,794.0,99.0,1695.0,1105.0,12.8,81.0,1.1915
2.6,1167.0,8.1,904.0,169.0,846.0,100.0,1627.0,1051.0,12.7,80.6,1.1819
2.2,1134.0,7.1,863.0,120.0,869.0,88.0,1599.0,1009.0,12.5,81.8,1.1838
1.9,1100.0,6.4,829.0,103.0,887.0,83.0,1565.0,972.0,12.7,81.2,1.1849
0.6,852.0,2.9,646.0,59.0,1186.0,59.0,1321.0,793.0,14.2,52.2,0.8413
0.8,923.0,4.9,757.0,72.0,1041.0,67.0,1418.0,906.0,14.3,55.4,0.9003
4.0,1490.0,22.6,1368.0,252.13951204600932,627.0,95.0,2119.0,1541.0,14.0,58.0,0.9202
5.6,1662.0,31.1,1576.0,351.0,523.0,123.0,2417.0,1861.0,15.4,53.3,0.9289
5.0,1553.0,22.1,1354.0,358.0,621.0,142.0,2030.0,1895.0,19.1,42.1,0.9233
3.2,1423.0,18.3,1247.0,245.0,706.0,142.0,1887.0,1684.0,23.7,31.0,0.8968
3.8,1458.0,22.0,1350.0,240.0,677.0,169.0,1947.0,1731.0,26.9,25.7,0.8942
3.3,1349.0,20.1,1299.0,179.0,728.0,142.0,1838.0,1402.0,29.7,20.6,0.8478
3.0,1326.0,18.9,1265.0,160.0,757.0,136.0,1835.0,1246.0,29.2,21.5,0.8573
3.2,1356.0,20.6,1312.0,174.0,729.0,147.0,1865.0,1342.0,29.6,20.1,0.8181
4.4,1460.0,25.3,1438.0,260.0,680.0,160.76436524157498,1953.0,1489.0,30.0,19.4,0.81
4.6,1497.0,25.8,1449.0,281.0,679.0,186.0,1985.0,1532.0,29.5,20.1,0.8136
5.2,1645.0,30.6,1566.0,284.0,599.0,177.0,2228.0,1909.0,27.0,26.8,0.9403
4.8,1557.0,27.1,1483.0,250.0,615.0,164.0,2087.0,1757.0,24.9,30.8,0.954
5.6,1747.0,32.5,1608.0,281.0,557.0,161.0,2335.0,1983.0,23.1,36.7,1.0244
4.6,1482.0,20.8,1319.0,230.0,660.0,146.0,1975.0,1703.0,21.5,40.8,1.0333
1.8,1211.0,10.9,1010.0,98.0,816.0,98.0,1619.0,1246.0,20.5,41.5,0.9864
2.2,1294.0,13.0,1083.0,121.0,770.0,108.0,1687.0,1321.0,19.2,44.9,0.9875
2.0,1300.0,11.8,1043.0,110.0,777.0,107.0,1659.0,1375.0,18.8,47.7,1.0221
2.8,1402.0,13.4,1098.0,161.0,736.0,113.0,1729.0,1456.0,18.2,49.7,1.0284
2.6,1349.0,13.4,1097.0,148.0,707.0,100.0,1763.0,1442.0,16.1,57.4,1.0451
1.8,1161.0,9.0,938.0,109.0,827.0,87.0,1597.0,1243.0,16.3,55.3,1.0178
0.7,933.0,3.7,697.0,71.0,1045.0,65.0,1403.0,937.0,14.8,57.7,0.9644
0.9,1021.0,5.7,800.0,75.0,931.0,64.0,1483.0,1019.0,14.0,59.7,0.9499
1.5,1134.0,10.0,979.0,106.0,794.0,73.0,1639.0,1140.0,14.6,56.8,0.9385
2.5,1311.0,15.0,1147.0,166.0,681.0,86.0,1838.0,1351.0,16.7,51.9,0.9788
3.0,1409.0,15.6,1169.0,188.0,685.0,105.0,1874.0,1459.0,20.0,45.0,1.039
2.6,1301.0,12.3,1059.0,161.0,787.0,107.0,1727.0,1297.0,23.9,33.7,0.9837
2.6,1354.0,14.4,1130.0,139.0,765.0,114.0,1808.0,1291.0,26.8,29.5,1.0209
2.6,1391.0,14.6,1136.0,134.0,738.0,105.0,1840.0,1296.0,27.2,32.4,1.1493
1.9,1200.0,8.7,929.0,84.0,879.0,74.0,1623.0,972.0,26.9,32.1,1.1217
2.0,1338.0,11.0,1016.0,98.0,798.0,95.0,1766.0,1194.0,24.3,41.8,1.2561
1.7,1223.0,9.0,938.0,91.0,884.0,89.0,1610.0,880.0,25.6,36.0,1.1629
1.9,1278.0,10.7,1003.0,99.0,845.0,95.0,1691.0,909.0,27.0,31.8,1.1176
1.8,1257.0,9.9,973.0,90.0,860.0,93.0,1634.0,839.0,27.5,31.6,1.1417
2.8,1497.0,15.7,1171.0,147.0,725.0,123.0,1899.0,1248.0,24.9,38.1,1.1838
3.5,1567.0,19.4,1280.0,177.0,661.0,134.0,1970.0,1476.0,23.4,39.7,1.1276
3.4,1503.0,16.8,1203.0,162.0,651.0,126.0,1863.0,1502.0,21.2,50.8,1.2631
2.0,1169.0,6.8,850.0,88.0,906.0,79.0,1584.0,873.0,15.6,73.5,1.2953
1.1,1007.0,3.0,650.0,53.0,1157.0,54.0,1404.0,528.0,12.9,79.7,1.1774
1.3,1004.0,3.2,667.0,68.0,1157.0,69.0,1365.0,492.0,11.5,76.9,1.0436
1.2,967.0,3.1,661.0,61.0,1181.0,67.0,1321.0,463.0,12.2,66.8,0.9455
1.3,984.0,3.9,707.0,71.0,1131.0,73.0,1359.0,494.0,12.4,64.1,0.9209
1.0,931.0,3.6,689.0,63.0,1161.0,73.0,1317.0,503.0,12.7,58.7,0.8605
0.3,763.0,0.7,471.0,14.0,1783.0,20.0,1098.0,305.0,12.5,50.9,0.7346
0.5,804.0,1.1,505.0,34.0,1718.0,37.0,1148.0,329.0,12.8,49.3,0.7285
0.6,830.0,1.4,535.0,42.0,1496.0,50.0,1184.0,375.0,13.5,48.6,0.7487
0.6,833.0,1.6,553.0,40.0,1476.0,45.0,1180.0,373.0,14.4,45.9,0.7476
0.8,875.0,2.3,603.0,48.0,1370.0,48.0,1206.0,385.0,15.1,43.9,0.7487
1.0,882.0,2.5,621.0,61.0,1346.0,56.0,1216.0,403.0,16.6,38.6,0.7236
0.9,862.0,2.7,635.0,58.0,1320.0,58.0,1193.0,393.0,17.2,35.0,0.6789
1.0,863.0,2.7,636.0,57.0,1290.0,52.0,1185.0,388.0,17.4,33.9,0.6683
0.8,830.0,2.2,596.0,54.0,1389.0,52.0,1145.0,371.0,17.9,30.7,0.6234
0.7,807.0,2.0,584.0,41.0,1488.0,44.0,1104.0,347.0,18.3,27.2,0.5675
0.9,873.0,3.4,675.0,57.0,1343.0,59.0,1181.0,396.0,19.4,25.7,0.5738
1.3,931.0,4.5,739.0,83.0,1274.0,74.0,1219.0,474.0,20.2,24.1,0.563
1.4,918.0,4.7,748.0,81.0,1228.0,76.0,1219.0,505.0,19.6,24.9,0.5625
1.5,1001.0,6.0,811.0,98.0,1122.0,83.0,1344.0,625.0,18.5,27.8,0.5843
2.7,1169.0,11.7,1039.0,124.0,883.0,100.0,1550.0,941.0,17.8,30.3,0.6129
2.5,1085.0,8.2,907.0,133.0,976.0,101.0,1419.0,893.0,16.6,34.0,0.6353
1.4,940.0,5.1,769.0,100.0,1103.0,90.0,1310.0,731.0,15.5,37.0,0.6447
2.8,1126.0,13.0,1083.0,116.0,875.0,93.0,1654.0,955.0,14.8,39.5,0.6595
2.1,978.0,7.0,858.0,102.0,1013.0,79.0,1379.0,761.0,14.5,42.0,0.6896
1.1,893.0,3.9,703.0,55.0,1192.0,57.0,1283.0,515.0,14.1,44.9,0.7206
0.7,838.0,2.2,601.0,33.0,1361.0,43.0,1220.0,434.0,14.2,45.5,0.7333
0.4,803.0,1.3,527.0,17.0,1513.0,25.0,1152.0,369.0,14.1,45.3,0.7247
0.4,809.0,1.2,521.0,35.0,1575.0,44.0,1158.0,378.0,13.9,43.9,0.6923
0.8,898.0,3.4,676.0,70.0,1271.0,72.0,1307.0,517.0,14.0,43.8,0.6959
1.9,1053.0,7.5,880.0,116.0,982.0,91.0,1464.0,786.0,14.4,43.6,0.7113
2.1,1033.0,8.9,934.0,134.0,917.0,89.0,1490.0,844.0,15.0,41.7,0.7093
1.4,941.0,5.3,780.0,113.0,1080.0,84.0,1343.0,720.0,16.3,38.4,0.7052
1.4,941.0,5.4,782.0,110.0,1102.0,83.0,1328.0,668.0,18.3,32.3,0.676
1.3,917.0,5.2,772.0,98.0,1098.0,78.0,1311.0,605.0,18.8,31.7,0.6821
1.5,977.0,6.6,837.0,96.0,1038.0,80.0,1413.0,646.0,19.6,30.9,0.6968
1.6,994.0,6.9,851.0,95.0,1018.0,75.0,1436.0,640.0,20.2,30.7,0.7176
1.3,942.0,5.4,785.0,86.0,1065.0,77.0,1365.0,571.0,19.7,32.5,0.7396
1.4,981.0,6.0,810.0,86.0,1060.0,77.0,1395.0,605.0,20.7,31.6,0.7602
1.5,984.0,6.4,832.0,91.0,1034.0,81.0,1410.0,636.0,20.0,32.7,0.7545
2.2,1116.0,10.7,1003.0,119.0,864.0,101.0,1625.0,886.0,18.6,35.4,0.7535
3.2,1181.0,13.9,1114.0,147.0,787.0,119.0,1685.0,1032.0,18.3,35.9,0.7501
3.0,1163.0,12.5,1068.0,135.0,811.0,111.0,1616.0,977.0,17.8,37.5,0.7568
2.6,1081.0,9.3,950.0,124.0,907.0,109.0,1496.0,924.0,17.3,38.8,0.7584
1.6,1017.0,6.7,842.0,89.0,1000.0,101.0,1441.0,846.0,17.3,38.8,0.7596
1.5,966.0,5.3,778.0,79.0,1057.0,89.0,1359.0,755.0,16.4,40.8,0.7542
1.2,924.0,4.0,709.0,63.0,1158.0,75.0,1318.0,610.0,16.0,41.4,0.7487
0.8,861.0,2.2,601.0,39.0,1351.0,51.0,1225.0,439.0,15.4,43.0,0.7482
0.7,826.0,1.7,560.0,25.0,1424.0,39.0,1197.0,402.0,15.7,42.5,0.7539
0.5,846.0,1.6,557.0,19.0,1385.0,32.0,1212.0,406.0,15.6,43.4,0.7651
0.7,930.0,3.3,670.0,58.0,1143.0,68.0,1339.0,746.0,15.5,47.3,0.8282
1.4,1120.0,8.9,935.0,112.0,843.0,76.0,1593.0,1126.0,14.4,53.1,0.8677
4.1,1518.0,23.4,1389.0,314.0,589.0,122.0,2101.0,1703.0,15.9,48.5,0.8704
4.6,1461.0,23.8,1398.0,240.0,630.0,129.0,2050.0,1628.0,18.1,40.3,0.8294
1.9,1075.0,7.9,896.0,128.0,938.0,94.0,1487.0,936.0,19.6,35.9,0.81
1.9,1061.0,8.2,908.0,141.0,968.0,99.0,1455.0,890.0,22.8,29.1,0.796
1.7,1066.0,8.8,931.0,118.0,979.0,81.0,1474.0,757.0,24.8,25.3,0.7793
2.4,1179.0,14.6,1137.0,132.0,829.0,87.0,1651.0,949.0,27.2,22.0,0.7785
3.0,1251.0,18.0,1238.0,150.0,773.0,107.0,1779.0,1109.0,28.2,20.4,0.7677
2.0,1120.0,12.0,1048.0,121.0,898.0,95.0,1560.0,870.0,25.4,24.2,0.7733
2.7,1187.0,14.8,1142.0,149.0,840.0,110.0,1651.0,1011.0,25.7,23.8,0.7737
2.2,1145.0,12.5,1066.0,120.0,903.0,99.0,1592.0,885.0,27.2,22.1,0.7811
2.9,1215.0,15.5,1164.0,155.0,817.0,113.0,1689.0,1015.0,27.0,22.3,0.786
3.4,1317.0,17.7,1231.0,172.0,766.0,127.0,1798.0,1155.0,24.5,27.8,0.8433
3.9,1388.0,21.6,1341.0,177.0,702.0,131.0,1955.0,1315.0,23.7,30.2,0.8718
3.6,1295.0,18.9,1266.0,181.0,716.0,137.0,1849.0,1359.0,21.5,34.5,0.8746
2.5,1153.0,12.5,1066.0,135.0,811.0,122.0,1651.0,1194.0,19.9,37.8,0.8675
1.8,1078.0,8.8,932.0,99.0,905.0,100.0,1511.0,951.0,18.9,40.6,0.8771
2.0,1133.0,10.9,1012.0,111.0,806.0,108.0,1608.0,1054.0,17.9,43.5,0.884
1.3,1055.0,8.0,899.0,72.0,880.0,83.0,1504.0,980.0,17.4,46.3,0.9112
1.0,953.0,4.4,735.0,54.0,999.0,74.0,1396.0,898.0,18.1,44.7,0.9186
0.6,892.0,2.8,639.0,41.0,1139.0,64.0,1359.0,803.0,16.5,50.1,0.9331
0.5,856.0,2.5,619.0,29.0,1191.0,39.0,1345.0,677.0,16.3,52.8,0.9722
1.1,1030.0,7.5,880.0,76.0,892.0,69.0,1539.0,996.0,13.9,60.7,0.9597
5.427979660057173,1689.0,30.4,1560.0,321.0,529.0,104.0,2396.0,1736.0,15.0,58.3,0.9876
4.2,1486.0,22.0,1351.0,274.0,571.0,100.0,2112.0,1692.0,16.1,54.8,0.996
4.6,1592.0,24.7,1423.0,322.0,577.0,146.0,2155.0,2108.0,19.3,46.4,1.0248
3.4,1469.0,18.4,1252.0,255.0,692.0,155.0,1903.0,1807.0,24.2,33.8,1.0097
2.8,1364.0,16.8,1205.0,196.0,723.0,139.0,1850.0,1566.0,26.7,28.7,0.9895
2.5,1285.0,14.2,1123.0,136.0,755.0,121.0,1741.0,1293.0,27.4,28.2,1.0098
2.4,1311.0,15.7,1170.0,119.0,748.0,108.0,1787.0,1219.0,28.1,26.9,1.0094
3.2,1416.0,21.9,1348.0,169.0,684.0,126.0,1969.0,1330.0,27.7,26.5,0.9693
3.5,1387.0,20.8,1318.0,197.0,701.0,145.0,1890.0,1299.0,28.4,23.4,0.8935
2.9,1329.0,16.2,1185.0,140.0,768.0,121.0,1750.0,1111.0,28.4,26.0,0.9922
3.6,1496.0,19.8,1292.0,178.0,680.0,145.0,1878.0,1300.0,27.3,30.0,1.0752
4.8,1676.0,28.9,1525.0,223.0,567.0,160.0,2226.0,1653.0,24.3,37.3,1.1199
5.184510229040172,1724.0,28.3,1510.0,222.0,562.0,155.0,2252.0,1716.0,23.1,42.2,1.1746
5.3,1642.0,24.9,1426.0,265.0,597.0,162.0,2117.0,1720.0,21.8,43.6,1.1226
2.7,1267.0,13.1,1088.0,151.0,764.0,129.0,1740.0,1339.0,19.8,46.8,1.0702
1.4,1146.0,8.6,923.0,79.0,845.0,96.0,1575.0,1166.0,19.6,49.8,1.1221
1.6,1216.0,9.5,960.0,87.0,788.0,92.0,1662.0,1256.0,17.9,56.2,1.142
1.5,1128.0,7.8,891.0,88.0,838.0,89.0,1574.0,1125.0,17.4,55.6,1.0963
1.0,1042.0,5.2,772.0,51.0,923.0,61.0,1495.0,968.0,16.8,59.5,1.1269
0.6,926.0,2.8,639.0,34.0,1115.0,54.0,1409.0,814.0,15.9,60.1,1.0806
0.8,959.0,4.4,734.0,76.0,1038.0,57.0,1470.0,861.0,13.3,67.0,1.0203
1.5,1097.0,9.4,956.0,139.0,827.0,68.0,1620.0,1047.0,12.9,66.5,0.9846
4.9,1674.0,29.8,1547.0,293.0,539.0,95.0,2405.0,1665.0,14.8,61.3,1.0237
7.2,1771.0,36.2,1690.0,368.0,461.0,125.0,2572.0,1982.0,16.1,56.5,1.0274
3.5,1408.0,18.0,1241.0,250.0,648.0,135.0,1886.0,1711.0,18.6,47.8,1.0143
2.1,1156.0,10.9,1009.0,145.0,875.0,118.0,1583.0,1204.0,23.8,30.2,0.8771
1.5,1042.0,9.0,941.0,110.0,971.0,91.0,1491.0,871.0,25.4,25.0,0.7966
2.0,1167.0,14.4,1128.0,104.0,829.0,89.0,1716.0,1040.0,25.6,25.5,0.8234
3.8,1398.0,22.3,1360.0,205.0,656.0,129.0,2037.0,1439.0,24.9,29.9,0.9325
3.4,1458.0,20.9,1321.0,201.0,654.0,122.0,2023.0,1516.0,22.4,37.9,1.016
4.4,1554.0,23.1,1379.0,266.0,614.0,138.0,2151.0,1693.0,21.7,44.0,1.1242
3.9,1495.0,21.2,1331.0,246.0,615.0,136.0,2069.0,1635.0,21.4,44.4,1.1176
4.9,1560.0,24.8,1424.0,247.0,579.0,143.0,2176.0,1688.0,20.8,45.3,1.1016
5.208567681737482,1664.0,28.6,1519.0,271.0,553.0,145.0,2312.0,1820.0,20.2,48.6,1.1354
5.767622715774044,1761.0,32.6,1610.0,332.0,502.0,146.0,2488.0,2006.0,20.2,50.8,1.1924
4.3,1524.0,19.2,1275.0,245.0,608.0,122.0,2046.0,1740.0,18.6,57.6,1.2233
2.9,1398.0,16.3,1189.0,180.0,646.0,112.0,1931.0,1577.0,18.2,58.8,1.2173
2.7,1342.0,13.7,1106.0,156.0,694.0,102.0,1856.0,1443.0,17.8,61.0,1.2352
2.8,1433.0,13.6,1104.0,172.0,681.0,97.0,1876.0,1411.0,17.0,70.7,1.3554
2.3,1297.0,11.1,1019.0,137.0,733.0,85.0,1823.0,1217.0,16.2,76.9,1.4051
1.7,1179.0,7.6,884.0,91.0,830.0,76.0,1696.0,1086.0,15.7,78.6,1.3943
1.2,1097.0,5.9,809.0,80.0,897.0,74.0,1628.0,1050.0,15.7,78.4,1.3917
0.8,1005.0,4.5,738.0,68.0,1005.0,66.0,1563.0,917.0,15.7,74.7,1.3194
1.7,1206.0,9.3,949.0,162.0,818.0,90.0,1771.0,1116.0,15.9,73.1,1.3136
3.0,1458.0,18.3,1249.0,213.0,662.0,111.0,2033.0,1380.0,16.6,68.2,1.2737
3.4,1405.0,19.9,1295.0,161.0,638.0,103.0,2065.0,1378.0,18.7,57.6,1.2323
3.3,1381.0,16.6,1199.0,209.0,685.0,117.0,1970.0,1365.0,17.6,65.0,1.2945
2.7,1315.0,12.6,1072.0,191.0,736.0,116.0,1833.0,1273.0,16.3,73.2,1.3458
2.6,1332.0,12.9,1082.0,215.0,707.0,109.0,1889.0,1242.0,16.0,78.5,1.4209
3.2,1362.0,14.9,1145.0,212.0,673.0,116.0,1973.0,1294.0,17.3,72.4,1.4125
3.4,1399.0,17.4,1222.0,202.0,643.0,115.0,2061.0,1413.0,19.4,60.9,1.3545
2.6,1310.0,15.4,1160.0,153.0,695.0,94.0,1939.0,1224.0,21.4,50.9,1.2823
3.4,1399.0,16.7,1201.0,185.0,699.0,121.0,1971.0,1318.0,22.7,45.8,1.2465
4.0,1524.0,18.0,1239.0,210.0,644.0,114.0,2139.0,1404.0,20.9,60.8,1.4852
4.5,1487.0,19.2,1274.0,215.0,641.0,110.0,2133.0,1471.0,21.0,54.3,1.3353
4.2,1480.0,21.0,1324.0,215.0,622.0,122.0,2162.0,1623.0,20.8,54.4,1.3194
5.7,1626.0,26.9,1476.0,281.0,555.0,135.0,2356.0,1786.0,19.8,58.6,1.3392
4.4,1449.0,19.5,1282.0,254.0,625.0,133.0,2100.0,1569.0,19.1,61.1,1.3345
3.1,1363.0,15.1,1152.0,189.0,684.0,110.0,1951.0,1495.0,18.2,65.4,1.3529
3.0,1371.0,14.6,1136.0,174.0,689.0,102.0,1927.0,1471.0,18.1,66.1,1.3579
3.1,1406.0,13.7,1107.0,167.0,718.0,108.0,1872.0,1384.0,17.7,66.9,1.3422
3.5,1425.0,15.2,1155.0,185.0,709.0,110.0,1936.0,1789.0,17.8,66.8,1.346
2.4,1179.0,9.3,951.0,129.0,826.0,84.0,1724.0,1323.0,17.3,68.3,1.3346
1.6,1047.0,6.5,833.0,85.0,939.0,71.0,1647.0,1081.0,16.5,70.2,1.3099
0.6,858.0,2.6,624.0,24.0,1205.0,32.0,1434.0,543.0,16.7,67.1,1.2619
0.6125841865893648,875.0,3.1,659.0,30.0,1180.0,35.0,1452.0,561.0,16.7,66.9,1.2631
1.2,1012.0,6.5,833.0,75.0,916.0,67.0,1632.0,862.0,16.9,66.5,1.2688
1.5,1049.0,6.5,836.0,79.0,926.0,73.0,1615.0,901.0,17.7,62.0,1.2458
1.8,1131.0,8.8,932.0,104.0,854.0,86.0,1693.0,1048.0,19.4,54.6,1.2184
2.1,1120.0,8.8,931.0,118.0,886.0,89.0,1652.0,971.0,21.6,46.1,1.1725
1.9,1117.0,9.2,946.0,105.0,909.0,86.0,1657.0,915.0,24.6,36.7,1.1202
2.0,1110.0,9.2,948.0,101.0,901.0,86.0,1632.0,891.0,26.0,31.9,1.0566
1.3,962.0,6.1,816.0,65.0,1044.0,66.0,1489.0,628.0,25.6,31.5,1.0184
1.3,963.0,6.5,835.0,59.0,1029.0,68.0,1495.0,556.0,24.8,34.8,1.0716
1.8,1050.0,9.2,948.0,80.0,928.0,82.0,1584.0,652.0,26.1,30.3,1.0101
2.0,1053.0,8.3,911.0,98.0,949.0,91.0,1603.0,683.0,25.5,33.5,1.0767
1.8,1045.0,8.3,910.0,89.0,948.0,95.0,1598.0,624.0,23.7,37.2,1.0746
2.4,1124.0,11.0,1013.0,114.0,849.0,104.0,1676.0,733.0,22.3,38.9,1.0324
4.0,1330.0,14.7,1140.0,195.0,759.0,131.0,1780.0,1062.0,20.7,42.8,1.0298
2.8,1171.0,10.8,1006.0,156.0,835.0,112.0,1674.0,988.0,19.0,51.7,1.1222
2.0,1085.0,9.4,954.0,109.0,866.0,100.0,1656.0,871.0,17.8,55.5,1.1174
3.6,1358.0,14.8,1144.0,214.86592802678086,727.0,115.0,1851.0,1243.0,17.4,57.6,1.1342
3.7,1385.0,13.3,1094.0,190.0,765.0,129.0,1769.0,1175.0,17.6,58.5,1.1645
2.3,1167.0,8.4,914.0,105.0,876.0,99.0,1599.0,1126.0,17.2,59.3,1.1551
1.8,1072.0,7.9,894.0,76.0,893.0,74.0,1646.0,1118.0,17.1,60.4,1.1633
0.9,938.0,5.5,789.0,38.0,989.0,55.0,1536.0,864.0,16.4,62.2,1.1507
0.6,815.0,2.6,628.0,33.0,1212.0,37.0,1426.0,689.0,14.7,65.2,1.0811
0.7,866.0,3.6,689.0,57.0,1138.0,45.0,1456.0,767.0,13.1,70.2,1.0554
0.8,911.0,4.8,751.0,48.0,1036.0,46.0,1518.0,817.0,14.3,66.2,1.0728
1.388861678278687,988.0,5.9,806.0,87.0,951.0,68.0,1568.0,940.0,16.0,61.6,1.1083
1.4,1046.0,6.9,851.0,94.0,920.0,77.0,1595.0,908.0,17.7,56.4,1.1342
1.6,1085.0,8.5,918.0,89.0,890.0,79.0,1639.0,871.0,21.3,44.7,1.1157
1.3,1008.0,6.1,816.0,78.0,1015.0,72.0,1531.0,689.0,23.6,36.4,1.0431
1.3,1004.0,6.2,821.0,72.0,1031.0,68.0,1510.0,629.0,24.3,34.0,1.0149
1.1,948.0,4.8,754.0,64.0,1086.0,64.0,1436.0,602.0,24.4,32.7,0.9863
1.2,1026.0,6.8,847.0,70.0,1010.0,73.0,1519.0,617.0,24.6,31.7,0.9647
1.5,1047.0,7.0,859.0,92.0,948.0,84.0,1538.0,677.0,23.9,34.3,1.002
1.1,1018.0,5.5,790.0,69.0,1047.0,67.0,1443.0,580.0,25.9,28.1,0.9258
1.9,1160.0,9.5,957.0,131.0,884.0,106.0,1637.0,861.0,24.5,32.3,0.9815
2.3,1269.0,11.9,1047.0,144.0,809.0,114.0,1721.0,1080.0,22.6,39.3,1.06
3.3,1394.0,13.8,1111.0,209.0,736.0,123.0,1853.0,1288.0,21.2,47.5,1.1828
2.6,1292.0,10.7,1003.0,170.0,789.0,108.0,1753.0,1163.0,19.9,54.9,1.2632
2.2,1212.0,9.7,966.0,152.0,840.0,100.0,1691.0,1043.0,19.4,52.1,1.1642
2.3,1137.0,10.2,985.0,171.0,858.0,118.0,1607.0,1045.0,19.4,42.6,0.9485
2.0,1080.0,8.3,910.0,153.0,923.0,121.0,1548.0,929.0,19.1,44.1,0.966
1.6,1031.0,7.1,861.0,97.0,903.0,94.0,1534.0,825.0,18.0,49.3,1.0086
0.8,917.0,3.0,654.0,37.0,1169.0,52.0,1414.0,545.0,17.6,54.6,1.0918
0.6,888.0,2.2,598.0,26.0,1228.0,39.0,1397.0,500.0,16.4,62.1,1.1493
0.7,964.0,3.7,697.0,61.0,1067.0,57.0,1516.0,717.0,15.8,64.3,1.1416
1.3,1147.0,8.2,906.0,152.0,815.0,80.0,1687.0,1126.0,16.0,65.8,1.1844
3.4,1493.0,21.1,1328.0,283.0,577.0,101.0,2193.0,1597.0,16.8,62.5,1.1869
4.7,1597.0,26.5,1466.0,320.0,518.0,109.0,2400.0,1687.0,16.9,66.1,1.2613
3.4,1483.0,17.4,1222.0,318.0,597.0,109.0,2054.0,1529.0,17.4,68.9,1.3557
2.5,1222.0,12.9,1080.0,201.0,742.0,111.0,1755.0,1366.0,21.4,45.0,1.1291
2.0,1060.0,10.9,1010.0,135.0,858.0,102.0,1623.0,1074.0,23.9,30.7,0.9002
1.9,1048.0,11.0,1013.0,127.0,886.0,96.0,1584.0,940.0,26.8,25.2,0.8721
1.7,1051.0,10.8,1008.0,102.0,911.0,90.0,1561.0,921.0,28.4,23.6,0.8983
1.4,998.0,10.0,977.0,74.0,947.0,69.0,1496.0,695.0,30.3,20.1,0.8539
1.5,1058.0,11.2,1023.0,81.0,896.0,74.0,1580.0,795.0,30.9,19.7,0.8649
2.4,1203.0,16.8,1204.0,129.0,790.0,102.0,1744.0,1079.0,30.2,20.5,0.8672
3.9,1491.0,23.6,1392.0,190.0,630.0,128.0,2149.0,1473.0,26.4,34.6,1.1724
4.2,1467.0,23.3,1385.0,192.0,623.0,130.0,2084.0,1493.0,24.9,39.4,1.2268
3.7,1407.0,19.4,1279.0,163.0,660.0,120.0,2009.0,1308.0,23.5,43.7,1.2484
3.2,1324.0,13.1,1086.0,149.0,692.0,113.0,1903.0,1189.0,19.3,63.1,1.4028
2.0,1214.0,9.8,970.0,119.0,777.0,100.0,1771.0,1076.0,18.7,64.6,1.3836
1.2786430102512727,1016.0,5.3,780.0,61.0,967.0,70.0,1566.0,806.0,19.5,57.1,1.2806
1.5,1135.0,6.7,842.0,84.0,872.0,83.0,1653.0,973.0,18.9,62.5,1.3521
1.3,1065.0,5.5,789.0,79.0,936.0,81.0,1620.0,929.0,18.4,65.8,1.3802
1.0,999.0,3.7,692.0,58.0,1038.0,69.0,1588.0,778.0,16.4,79.2,1.4681
0.6,911.0,2.2,599.0,32.0,1189.0,48.0,1517.0,633.0,16.1,80.0,1.4562
0.6,967.0,2.9,646.0,49.0,1117.0,47.0,1552.0,579.0,15.7,80.5,1.4236
1.9,1280.0,9.9,976.0,180.0,780.0,88.0,1912.0,1003.0,16.0,80.8,1.4602
4.5,1564.0,23.0,1379.0,302.0,552.0,109.0,2306.0,1393.0,16.6,78.0,1.4572
4.3,1505.0,22.3,1358.0,258.0,556.0,113.0,2248.0,1406.0,16.1,79.2,1.4398
3.2,1309.0,16.2,1186.0,192.0,649.0,104.0,1973.0,1308.0,17.7,70.8,1.4171
1.3,1035.0,7.9,895.0,84.0,898.0,65.0,1657.0,863.0,20.3,54.8,1.2867
2.2,1148.0,12.4,1062.0,128.0,753.0,87.0,1825.0,1004.0,21.2,49.3,1.2271
2.6,1152.0,13.6,1104.0,145.0,725.0,99.0,1860.0,1023.0,21.5,47.9,1.2178
2.3,1131.0,12.3,1059.0,132.0,772.0,100.0,1784.0,978.0,21.4,47.7,1.2047
2.4,1142.0,12.1,1053.0,136.0,753.0,105.0,1814.0,979.0,20.4,54.0,1.2757
2.6,1197.0,12.9,1082.0,140.0,753.0,97.0,1851.0,971.0,19.9,57.1,1.3158
1.2,960.0,6.3,828.0,55.0,971.0,54.0,1565.0,617.0,19.9,55.2,1.2701
1.6,1077.0,10.6,1001.0,67.0,836.0,59.0,1764.0,717.0,19.5,55.7,1.2512
3.9,1377.0,20.6,1313.0,191.0,612.0,109.0,2120.0,1220.0,18.3,62.8,1.3127
4.7,1405.0,22.1,1353.0,227.0,602.0,125.0,2185.0,1296.0,17.2,68.3,1.3289
5.4,1484.0,20.8,1319.0,264.0,591.0,132.0,2166.0,1413.0,16.1,75.2,1.3654
3.0,1187.0,11.8,1042.0,196.0,766.0,110.0,1840.0,1093.0,16.6,70.8,1.3253
0.9,870.0,4.3,729.0,43.0,1096.0,53.0,1475.0,586.0,18.5,56.0,1.181
1.1,932.0,5.0,765.0,58.0,1054.0,61.0,1543.0,575.0,17.3,59.5,1.1667
0.7,830.0,2.3,608.0,33.0,1282.0,41.0,1370.0,441.0,18.6,52.3,1.1121
0.5,778.0,1.4,534.0,14.0,1480.0,22.0,1294.0,358.0,19.0,49.8,1.0831
0.5,820.0,1.5,541.0,18.0,1450.0,28.0,1360.0,377.0,15.7,64.5,1.14
0.8,927.0,3.5,682.0,56.0,1109.0,54.0,1526.0,580.0,14.6,77.1,1.2727
1.3,1060.0,6.9,851.0,108.0,912.0,81.0,1673.0,805.0,14.5,78.3,1.2851
3.5,1440.0,19.1,1271.0,251.0,630.0,107.0,2163.0,1273.0,15.1,76.8,1.3061
3.9490360478521054,1384.0,18.9,1265.0,255.0,620.0,124.0,2143.0,1307.0,16.4,72.4,1.3379
2.9,1172.0,13.0,1085.0,214.0,737.0,123.0,1876.0,1102.0,16.3,68.6,1.2657
2.6,1143.0,13.0,1083.0,190.0,735.0,120.0,1887.0,1083.0,17.2,62.9,1.2228
3.0,1167.0,14.5,1134.0,182.0,709.0,113.0,1920.0,1083.0,17.4,61.1,1.206
3.7,1303.0,19.7,1288.0,202.0,618.0,114.0,2116.0,1236.0,16.8,66.8,1.2691
3.9,1264.0,19.4,1279.0,224.0,631.0,120.0,2049.0,1223.0,17.3,62.6,1.226
3.5,1242.0,16.4,1193.0,221.0,684.0,125.0,1945.0,1175.0,17.5,60.8,1.2029
2.4,1070.0,11.2,1022.0,126.0,824.0,88.0,1740.0,933.0,17.5,59.2,1.1725
1.6,981.0,10.0,978.0,41.801351228039024,857.0,72.0,1682.0,835.0,17.7,56.9,1.1392
3.0,1198.0,14.6,1136.0,137.0,717.0,103.0,1870.0,1291.0,17.1,61.5,1.1873
1.6,1000.0,8.5,918.0,68.0,881.0,67.0,1661.0,802.0,17.5,63.9,1.2667
2.1,1110.0,9.2,949.0,96.0,850.0,79.0,1733.0,842.0,15.9,70.7,1.2672
1.8,1023.0,6.9,854.0,111.0,918.0,89.0,1637.0,744.0,15.1,75.1,1.2799
1.1,861.0,3.7,695.0,56.0,1130.0,67.0,1438.0,500.0,13.9,72.5,1.1502
1.5,969.0,4.9,760.0,81.0,1059.0,83.0,1518.0,560.0,12.0,79.8,1.1175
1.4,898.0,4.6,741.0,79.0,1085.0,76.0,1468.0,589.0,12.5,75.8,1.0938
0.9,835.0,3.4,674.0,46.0,1201.0,58.0,1416.0,488.0,12.0,75.0,1.0499
0.5,766.0,1.2,523.0,19.0,1534.0,30.0,1310.0,387.0,12.6,72.2,1.0503
0.6,804.0,2.3,604.0,48.0,1366.0,50.0,1357.0,420.0,13.2,64.6,0.9774
1.3,948.0,6.1,817.0,128.0,1048.0,92.0,1546.0,695.0,13.1,65.6,0.9815
2.9,1204.0,16.8,1205.0,193.0,729.0,101.0,1984.0,1139.0,14.7,58.5,0.9688
3.6,1231.0,20.3,1304.0,203.0,652.0,121.0,2029.0,1315.0,15.9,53.1,0.9529
3.4,1176.0,16.4,1191.0,220.0,705.0,130.0,1836.0,1217.0,17.9,46.1,0.9388
2.5,1043.0,12.5,1066.0,161.0,789.0,114.0,1692.0,1014.0,20.2,37.7,0.8833
2.1,992.0,9.8,970.0,135.0,869.0,100.0,1624.0,884.0,18.5,42.8,0.9026
1.1,885.0,5.2,772.0,57.0,1035.0,56.0,1450.0,524.0,13.0,64.3,0.9586
1.8,991.0,8.9,937.0,91.0,874.0,75.0,1581.0,644.0,15.1,54.5,0.9309
3.0,1182.0,14.1,1119.0,219.0,733.0,121.0,1831.0,1032.0,13.6,65.5,1.0184
3.1,1191.0,12.7,1074.0,239.0,741.0,128.0,1816.0,1038.0,12.3,78.3,1.1154
3.6,1272.0,14.6,1136.0,209.0,730.0,139.0,1869.0,1077.0,12.7,74.2,1.0863
3.3,1138.0,12.4,1063.0,169.0,804.0,122.0,1728.0,983.0,14.4,64.2,1.049
1.8,1008.0,9.4,954.0,92.0,892.0,92.0,1626.0,834.0,15.6,58.3,1.0266
2.1,1075.0,11.0,1015.0,107.0,824.0,97.0,1722.0,949.0,15.0,61.4,1.0385
2.2,1034.0,8.9,935.0,122.0,870.0,98.0,1605.0,941.0,13.7,65.8,1.0254
1.6,934.0,6.6,841.0,100.0,973.0,93.0,1497.0,756.0,12.3,66.4,0.944
0.9,883.0,3.9,705.0,51.0,1133.0,65.0,1422.0,655.0,15.4,58.8,1.0215
1.8,1021.0,7.3,871.0,93.0,938.0,81.0,1586.0,805.0,14.1,64.9,1.0405
2.3,1059.0,8.2,907.0,145.0,879.0,102.0,1579.0,970.0,13.8,64.7,1.0168
2.0,1023.0,7.5,878.0,106.0,896.0,91.0,1568.0,969.0,13.5,67.8,1.042
0.9,855.0,3.3,669.0,46.0,1160.0,56.0,1427.0,671.0,13.7,69.4,1.0794
0.7,817.0,2.8,639.0,51.0,1260.0,48.0,1364.0,489.0,14.6,61.1,1.0075
1.5,972.0,7.5,880.0,89.0,964.0,72.0,1590.0,689.0,14.3,60.5,0.9847
3.7,1200.0,19.8,1290.0,214.0,657.0,106.0,2014.0,1196.0,14.9,56.9,0.9582
3.8920964437723855,1234.0,22.1,1355.0,196.0,621.0,107.0,2095.0,1266.0,16.4,50.2,0.9286
3.4,1164.0,15.0,1148.0,224.0,741.0,127.0,1824.0,1130.0,16.0,50.9,0.9211
2.4,976.0,9.3,952.0,174.0,878.0,114.0,1582.0,834.0,18.6,42.8,0.9091
1.3,844.0,6.3,825.0,90.0,1027.0,101.0,1405.0,536.0,19.7,33.7,0.7646
1.5,851.0,8.2,906.0,89.0,989.0,95.0,1418.0,545.0,21.2,27.7,0.6864
2.2,926.0,10.9,1010.0,132.0,904.0,110.0,1526.0,720.0,19.7,28.5,0.6445
1.8,890.0,9.3,950.0,114.0,940.0,101.0,1460.0,655.0,19.8,29.7,0.678
1.9,921.0,8.4,914.0,107.0,937.0,106.0,1481.0,614.0,19.2,35.6,0.7856
2.3,1052.0,9.4,956.0,140.0,869.0,116.0,1600.0,725.0,14.2,60.5,0.9765
3.6,1247.0,17.9,1238.0,187.0,691.0,124.0,1948.0,1036.0,12.9,69.1,1.0249
3.5489572712444604,1205.0,17.4,1222.0,222.0,684.0,133.0,1911.0,1127.0,12.7,70.4,1.0294
2.2,1016.0,10.5,995.0,117.0,857.0,96.0,1642.0,854.0,13.9,62.7,0.9905
1.5,984.0,7.5,879.0,89.0,940.0,85.0,1527.0,792.0,13.9,62.9,0.9948
2.0,1041.0,8.0,898.0,130.0,922.0,97.0,1595.0,891.0,13.4,65.2,0.9996
2.0,1027.0,7.7,887.0,133.0,927.0,97.0,1568.0,876.0,13.4,64.6,0.9864
2.1,1025.0,7.3,869.0,144.0,954.0,101.0,1531.0,851.0,13.3,63.6,0.9677
1.5,984.0,6.4,829.0,99.0,1003.0,85.0,1516.0,787.0,13.3,61.8,0.9433
2.2,969.0,5.6,791.0,102.0,1084.0,80.0,1446.0,711.0,13.6,59.7,0.9271
0.5,758.0,1.5,546.0,27.0,1483.0,33.0,1252.0,396.0,14.6,53.3,0.8807
4.4,1378.0,20.2,1303.0,257.0,633.0,117.0,2051.0,1494.0,17.8,51.1,1.0362
2.5,1132.0,13.4,1096.0,178.0,731.0,107.0,1808.0,1186.0,20.0,45.0,1.0379
2.1,1108.0,11.7,1040.0,145.0,767.0,95.0,1748.0,1051.0,20.3,44.1,1.0392
2.4,1131.0,13.4,1097.0,137.0,735.0,93.0,1797.0,1027.0,20.7,42.4,1.0248
2.2,1105.0,12.9,1080.0,139.0,751.0,104.0,1758.0,981.0,20.8,40.6,0.9888
2.2,1120.0,13.4,1096.0,130.0,753.0,102.0,1767.0,976.0,21.5,39.7,1.0042
2.3,1100.0,13.7,1108.0,148.0,800.0,109.0,1731.0,932.0,25.0,30.1,0.9394
2.1,1098.0,14.2,1124.0,120.0,810.0,97.0,1716.0,871.0,25.2,29.7,0.9371
2.5,1137.0,17.8,1234.0,132.0,749.0,104.0,1824.0,990.0,23.4,32.0,0.91
3.6,1267.0,22.0,1352.0,188.0,651.0,124.0,1961.0,1196.0,21.0,37.8,0.9298
4.0,1319.0,24.4,1413.0,204.0,597.0,135.0,2050.0,1329.0,19.2,45.7,1.0084
3.119987896144681,1160.0,16.3,1189.0,167.0,698.0,122.0,1824.0,1151.0,17.7,50.9,1.0232
2.1,1084.0,12.4,1063.0,128.0,775.0,109.0,1703.0,1031.0,16.8,53.6,1.0167
1.7,1025.0,9.6,963.0,106.0,842.0,95.0,1621.0,917.0,15.8,56.2,1.0033
1.1,953.0,6.4,830.0,88.0,986.0,86.0,1521.0,860.0,16.0,56.5,1.0166
0.9,959.0,6.0,812.0,77.0,961.0,78.0,1518.0,910.0,14.2,64.1,1.0346
0.4,834.0,2.8,637.0,36.0,1187.0,53.0,1362.0,699.0,15.0,59.8,1.0142
0.2,787.0,1.6,549.0,28.0,1366.0,43.0,1317.0,596.0,14.3,61.9,1.0031
0.6,866.0,3.6,686.0,55.0,1135.0,48.0,1405.0,741.0,12.0,68.0,0.9547
1.4,1035.0,8.4,917.0,135.0,882.0,64.0,1606.0,968.0,11.3,70.4,0.9443
4.6,1469.0,27.5,1491.0,327.0,555.0,95.0,2301.0,1561.0,12.7,65.6,0.962
5.5,1553.0,31.0,1575.0,383.0,508.0,153.63687946509998,2423.0,1779.0,14.5,59.8,0.9795
4.8,1513.0,26.0,1455.0,366.0,554.0,153.0,2182.0,1822.0,17.5,49.8,0.9877
4.5,1395.0,22.6,1368.0,322.0,605.0,163.0,2032.0,1675.0,21.9,35.2,0.9128
3.0,1209.0,18.3,1248.0,188.0,712.0,119.0,1891.0,1295.0,23.5,29.5,0.8435
2.5,1142.0,13.9,1115.0,144.0,776.0,96.0,1735.0,1091.0,24.3,29.8,0.8926
2.3,1140.0,14.4,1129.0,132.0,765.0,94.0,1728.0,1023.0,23.8,31.7,0.9212
2.0,1105.0,11.6,1035.0,117.0,826.0,86.0,1643.0,877.0,24.2,31.2,0.9257
1.9,1131.0,12.2,1058.0,121.0,824.0,91.0,1664.0,931.0,26.5,27.2,0.9282
1.9,1162.0,12.4,1064.0,124.0,832.0,97.0,1675.0,913.0,25.7,28.4,0.9248
3.5,1336.0,21.1,1326.0,188.0,674.0,125.0,1923.0,1255.0,26.3,27.5,0.9306
4.6,1533.0,29.9,1549.0,226.0,573.0,140.0,2233.0,1571.0,24.4,31.6,0.9545
6.3,1650.0,34.3,1649.0,266.0,528.0,158.0,2345.0,1779.0,23.1,35.3,0.9845
5.0,1535.0,26.1,1458.0,269.0,568.0,159.0,2120.0,1735.0,21.1,40.2,0.997
3.3,1382.0,18.1,1243.0,183.0,632.0,128.0,1941.0,1511.0,19.2,52.3,1.1516
2.7,1335.0,14.2,1122.0,167.0,673.0,114.0,1840.0,1424.0,18.1,58.7,1.2072
2.2,1267.0,12.4,1064.0,138.0,706.0,100.0,1766.0,1348.0,17.3,58.8,1.1494
1.7,1122.0,8.7,926.0,105.0,805.0,88.0,1619.0,1174.0,16.9,58.8,1.125
0.8,986.0,5.2,771.0,54.0,964.0,67.0,1518.0,947.0,17.6,57.6,1.1484
1.1023238172128964,966.0,4.6,744.0,58.0,967.0,65.0,1511.0,935.0,15.6,63.9,1.1287
0.8,967.0,4.7,749.0,84.0,996.0,78.73934326074703,1517.0,881.0,14.0,68.3,1.0884
1.5,1152.0,9.6,964.0,134.0,800.0,73.0,1705.0,1096.0,14.5,65.7,1.0804
4.1,1500.0,23.6,1393.0,279.0,560.0,95.0,2163.0,1495.0,15.5,62.2,1.0875
5.9,1754.0,37.4,1716.0,333.0,452.0,110.0,2667.0,1895.0,17.0,56.8,1.0909
4.851870035509559,1558.0,26.6,1469.0,336.0,525.0,121.0,2281.0,1758.0,18.8,52.4,1.1285
3.9,1446.0,22.0,1350.0,280.0,568.0,108.0,2140.0,1630.0,19.7,51.9,1.1796
3.4,1349.0,17.9,1236.0,275.0,627.0,125.0,1964.0,1530.0,20.9,44.6,1.0872
3.3,1452.0,22.7,1371.0,207.0,576.0,117.0,2138.0,1622.0,21.9,43.3,1.1265
5.1,1676.0,29.3,1534.0,305.0,496.0,131.0,2413.0,1828.0,20.4,55.7,1.3205
3.1,1327.0,14.7,1139.0,236.0,658.0,126.0,1894.0,1323.0,17.4,67.0,1.325
2.5,1248.0,12.6,1072.0,183.0,713.0,114.0,1797.0,1188.0,17.1,64.0,1.2413
2.4,1250.0,12.7,1074.0,162.0,724.0,123.0,1806.0,1166.0,17.3,61.1,1.1957
2.8,1222.0,13.0,1084.0,157.0,727.0,116.0,1797.0,1108.0,17.7,56.3,1.13
2.9,1159.0,13.4,1097.0,136.0,748.0,107.0,1709.0,995.0,17.4,48.6,0.9559
3.4,1192.0,14.8,1143.0,166.0,740.0,123.0,1767.0,1108.0,17.6,43.7,0.8698
2.2,1074.0,9.4,954.0,136.0,846.0,112.0,1570.0,956.0,16.7,47.2,0.892
1.6,984.0,6.9,851.0,112.0,959.0,101.0,1452.0,817.0,16.8,45.6,0.8636
1.3,970.0,5.2,773.0,87.0,1026.0,91.0,1425.0,658.0,16.1,52.0,0.946
1.3,987.0,5.7,800.0,86.0,989.0,88.0,1462.0,658.0,15.5,57.1,0.996
1.6,1003.0,6.5,836.0,98.0,949.0,96.0,1455.0,748.0,16.2,50.2,0.9156
1.2,933.0,4.7,747.0,62.0,1045.0,75.0,1405.0,569.0,16.4,50.5,0.938
0.6,859.0,2.5,620.0,32.0,1201.0,47.0,1316.0,445.0,16.2,52.8,0.9626
0.4,835.0,1.7,560.0,41.0,1409.0,49.0,1317.0,407.0,16.2,53.7,0.9799
1.0,975.0,4.5,736.0,86.0,1069.0,85.0,1459.0,611.0,15.9,55.3,0.991
2.0,1133.0,9.4,957.0,174.0,815.0,106.0,1652.0,944.0,16.2,55.6,1.0151
3.6,1347.0,17.9,1237.0,264.0,645.0,136.0,1984.0,1328.0,16.0,59.3,1.0711
2.4,1122.0,10.6,1000.0,211.0,783.0,119.0,1663.0,1085.0,16.6,55.6,1.042
2.4,1152.0,11.0,1014.0,208.0,774.0,122.0,1714.0,1139.0,17.4,51.8,1.022
1.6,1020.0,7.2,866.0,139.0,907.0,90.0,1554.0,799.0,17.6,49.7,0.9944
1.9,1066.0,8.7,927.0,138.0,846.0,97.0,1608.0,804.0,17.2,52.8,1.0236
2.4,1105.0,11.1,1016.0,142.0,789.0,98.0,1736.0,930.0,18.2,49.6,1.0268
1.7,1056.0,7.9,894.0,131.0,891.0,93.0,1576.0,771.0,19.5,45.0,1.0114
2.1,1084.0,9.8,970.0,132.0,818.0,98.0,1626.0,845.0,19.5,45.5,1.0189
3.1,1288.0,16.4,1191.0,178.0,691.0,123.0,1910.0,1192.0,19.8,44.3,1.0104
4.6,1390.0,22.6,1368.0,228.0,605.0,148.0,2092.0,1494.0,20.3,43.1,1.0114
4.5,1374.0,20.2,1303.0,232.0,636.0,148.0,2036.0,1457.0,20.3,44.4,1.0457
3.9,1378.0,21.7,1342.0,204.0,612.0,133.0,2076.0,1489.0,19.8,47.9,1.092
4.6,1428.0,21.2,1329.0,250.0,594.0,141.0,2102.0,1602.0,19.1,52.3,1.1486
3.3,1336.0,15.9,1176.0,208.0,656.0,131.0,1891.0,1468.0,18.2,54.7,1.1336
2.7,1234.0,12.0,1049.0,158.0,746.0,121.0,1733.0,1274.0,17.8,55.0,1.1097
3.3,1300.0,17.4,1221.0,197.0,648.0,123.0,1946.0,1401.0,17.5,56.4,1.1175
2.5,1246.0,15.0,1150.0,152.0,654.0,107.0,1873.0,1354.0,17.3,57.8,1.1298
2.1,1141.0,11.1,1017.0,112.0,740.0,104.0,1690.0,1188.0,16.8,57.5,1.0912
1.3,1014.0,6.9,853.0,75.0,883.0,91.0,1538.0,975.0,16.3,57.0,1.0484
1.2,983.0,6.5,833.0,116.0,894.0,102.0,1524.0,1012.0,16.0,58.3,1.0481
1.5,1033.0,8.4,917.0,118.0,882.0,95.0,1617.0,905.0,17.2,52.3,1.0169
3.7,1388.0,22.8,1372.0,272.0,601.0,140.0,2105.0,1449.0,18.5,49.4,1.0397
3.3,1148.0,13.6,1104.0,258.0,723.0,138.0,1713.0,1301.0,21.0,37.9,0.9313
2.5,1095.0,11.1,1019.0,186.0,815.0,113.0,1618.0,1181.0,22.8,32.4,0.887
1.9,987.0,10.0,979.0,130.0,923.0,101.0,1515.0,962.0,25.5,25.6,0.8218
2.0,984.0,10.5,998.0,134.0,905.0,97.0,1523.0,862.0,25.9,23.6,0.7771
2.5,1072.0,13.0,1084.0,148.0,843.0,114.0,1622.0,1017.0,27.7,20.8,0.7599
2.1,1048.0,12.5,1068.0,147.0,869.0,110.0,1573.0,993.0,27.1,21.6,0.7618
2.1,1042.0,11.4,1029.0,123.0,907.0,103.0,1540.0,879.0,28.4,20.2,0.7697
2.3,1113.0,13.1,1086.0,138.0,882.0,119.0,1584.0,926.0,28.1,21.9,0.8184
3.0,1146.0,14.9,1145.0,162.0,836.0,126.0,1647.0,1011.0,27.6,22.3,0.8116
4.1,1239.0,19.1,1272.0,214.0,748.0,144.0,1790.0,1380.0,25.2,24.3,0.7671
4.5,1302.0,21.8,1346.0,230.0,706.0,164.0,1880.0,1698.0,24.6,25.1,0.7636
3.5,1181.0,16.1,1183.0,191.0,792.0,148.0,1711.0,1432.0,23.1,27.2,0.7575
2.1,1068.0,11.6,1037.0,108.73388567860218,869.0,119.0,1567.0,1217.0,22.0,28.6,0.7483
2.3,1135.0,12.4,1065.0,138.0,803.0,111.0,1630.0,1317.0,20.8,34.5,0.8365
1.9,1121.0,10.4,992.0,126.0,844.0,115.0,1505.0,1255.0,20.4,35.3,0.8352
1.9,1131.0,9.7,965.0,107.0,843.0,103.0,1520.0,1223.0,19.1,38.3,0.8381
1.2,947.0,5.7,798.0,67.0,964.0,81.0,1395.0,930.0,18.0,40.5,0.8271
1.0,935.0,5.4,786.0,55.0,964.0,71.0,1389.0,954.0,17.4,43.4,0.8553
0.5,839.0,2.8,638.0,33.0,1171.0,44.0,1271.0,643.0,15.7,46.9,0.8329
0.6,873.0,3.9,704.0,41.0,1091.0,49.0,1322.0,756.0,15.3,49.7,0.8552
1.4,1065.0,9.1,942.0,106.0,890.0,68.0,1576.0,1067.0,16.0,47.4,0.8564
2.6,1187.0,13.6,1104.0,208.0,727.0,108.0,1721.0,1391.0,17.6,43.3,0.8647
2.8,1249.0,15.8,1174.0,193.0,712.0,117.0,1774.0,1486.0,20.3,37.4,0.8807
2.6,1157.0,12.7,1072.0,191.0,802.0,127.0,1653.0,1327.0,23.1,30.3,0.8425
1.6,988.0,8.6,924.0,113.0,1015.0,93.0,1463.0,835.0,25.0,24.2,0.7568
1.7,1025.0,9.4,955.0,111.0,997.0,94.0,1457.0,834.0,25.6,23.5,0.7611
1.7,997.0,9.2,947.0,106.0,998.0,87.0,1460.0,815.0,25.5,22.6,0.7288
1.3,916.0,6.4,829.0,82.0,1124.0,75.0,1333.0,621.0,26.1,21.1,0.7023
1.4,965.0,8.3,910.0,79.0,1056.0,81.0,1389.0,643.0,28.2,19.4,0.7303
1.4,985.0,8.1,903.0,90.0,1059.0,86.0,1437.0,712.0,27.4,20.5,0.7379
1.7,1026.0,8.5,920.0,104.0,1037.0,97.0,1455.0,746.0,26.0,22.7,0.7532
2.3,1125.0,11.0,1016.0,148.0,910.0,117.0,1564.0,991.0,23.8,27.1,0.7858
2.5,1159.0,12.1,1054.0,158.0,878.0,120.0,1603.0,1046.0,23.0,28.7,0.7976
3.3,1284.0,15.0,1149.0,234.0,780.0,149.0,1725.0,1304.0,21.7,31.8,0.8191
2.2,1101.0,10.2,986.0,163.0,852.0,124.0,1574.0,1100.0,20.9,33.2,0.8098
1.6,1101.0,9.9,972.0,95.0,879.0,97.0,1552.0,1001.0,20.2,34.3,0.8017
2.6,1183.0,12.0,1049.0,146.0,762.0,112.0,1594.0,1290.0,19.6,37.0,0.8325
2.3,1132.0,10.5,996.0,102.0,822.0,95.0,1564.0,1205.0,18.1,40.9,0.8441
1.5,998.0,7.1,859.0,90.0,919.0,88.0,1450.0,1045.0,17.0,43.3,0.8341
0.9,911.0,4.6,743.0,41.0,1052.0,54.0,1370.0,739.0,16.7,43.4,0.8193
0.4,792.0,2.2,599.0,32.0,1262.0,45.0,1235.0,564.0,13.5,50.1,0.7706
0.4,822.0,2.0,581.0,34.0,1326.0,47.0,1256.0,602.0,14.2,49.9,0.8025
0.8,918.0,4.2,721.0,57.0,1069.0,58.0,1353.0,785.0,13.8,51.4,0.8059
0.9,975.0,5.2,774.0,73.0,1001.0,69.0,1393.0,878.0,16.3,45.1,0.8286
1.6,1047.0,8.2,908.0,119.0,913.0,89.0,1458.0,981.0,19.2,35.4,0.7812
2.0,1053.0,9.8,970.0,138.0,930.0,105.0,1473.0,991.0,25.5,21.1,0.677
1.6,1017.0,7.9,897.0,96.0,1013.0,92.0,1400.0,780.0,28.2,19.0,0.7164
1.4,1021.0,7.7,889.0,80.0,1022.0,82.0,1405.0,684.0,29.5,19.8,0.8013
0.9,941.0,4.8,753.0,45.0,1173.0,56.0,1311.0,468.0,30.6,19.4,0.8348
0.9,991.0,5.3,776.0,45.0,1122.0,60.0,1375.0,468.0,29.9,22.0,0.9181
1.2,1117.0,7.1,862.0,54.0,995.0,64.0,1476.0,530.0,31.5,21.9,0.997
1.4,1217.0,9.2,947.0,66.0,887.0,85.0,1566.0,648.0,31.2,24.6,1.0987
1.9,1248.0,10.1,982.0,95.0,880.0,107.0,1617.0,746.0,30.4,26.5,1.1347
1.8,1242.0,9.9,973.0,99.0,856.0,106.0,1632.0,819.0,26.8,33.5,1.1602
2.7,1403.0,15.1,1151.0,147.0,747.0,125.0,1820.0,1125.0,25.5,37.4,1.1995
2.4,1238.0,10.6,999.0,129.0,833.0,118.0,1648.0,1013.0,23.7,39.4,1.1381
1.6,1093.0,7.0,858.0,96.0,975.0,95.0,1495.0,816.0,22.9,37.0,1.0197
1.4,1034.0,5.9,805.0,92.0,1030.0,97.0,1416.0,750.0,20.8,36.3,0.8775
1.4,934.0,5.6,795.0,88.0,1098.0,93.0,1328.0,673.0,20.3,28.5,0.6686
1.4,913.0,5.4,785.0,89.0,1110.0,85.0,1273.0,692.0,19.6,26.5,0.5974
0.9,835.0,3.7,691.0,52.0,1265.0,67.0,1182.0,517.0,19.1,25.9,0.5673
0.5,773.0,1.8,568.0,25.0,1474.0,37.0,1113.0,392.0,18.4,27.6,0.5799
0.5,930.0,3.5,684.0,65.0,1059.0,75.0,1220.0,779.0,15.8,36.5,0.6535
1.3,1009.0,7.0,859.0,132.0,944.0,102.0,1420.0,1016.0,16.0,38.1,0.6879
2.6,1196.0,14.4,1131.0,216.0,775.0,113.0,1675.0,1243.0,17.6,35.0,0.6965
2.0,1010.0,8.9,937.0,180.0,945.0,142.0,1444.0,949.0,18.5,31.2,0.6611
1.8,990.0,8.6,924.0,140.0,974.0,90.0,1404.0,861.0,19.8,28.5,0.652
1.7,988.0,8.5,918.0,141.0,1007.0,94.0,1393.0,850.0,22.3,24.1,0.6394
1.5,979.0,8.3,910.0,123.0,1028.0,92.0,1396.0,788.0,24.2,21.7,0.6451
1.9,1029.0,10.1,983.0,129.0,950.0,97.0,1470.0,879.0,25.1,20.8,0.6516
1.7,984.0,9.1,945.0,115.0,990.0,88.0,1423.0,747.0,25.8,19.5,0.6392
1.5,985.0,8.5,919.0,104.0,1028.0,86.0,1387.0,700.0,26.3,18.9,0.6344
1.7,981.0,7.7,886.0,129.0,1054.0,99.0,1363.0,695.0,25.8,18.6,0.608
1.7,1020.0,9.0,941.0,138.0,1016.0,95.0,1425.0,756.0,25.7,19.4,0.6304
2.4,1106.0,13.4,1097.0,135.0,902.0,105.0,1552.0,941.0,26.7,17.1,0.5909
3.1,1153.0,15.6,1168.0,163.0,842.0,121.0,1644.0,1021.0,24.3,19.8,0.5933
3.284120000342565,1215.0,17.8,1234.0,180.0,796.0,125.0,1735.0,1167.0,23.5,20.8,0.5937
3.0,1094.0,12.7,1072.0,170.0,888.0,122.0,1545.0,1105.0,22.0,24.0,0.6263
1.2,944.0,6.4,832.0,72.0,1072.0,81.0,1350.0,712.0,21.1,26.2,0.6481
1.2,964.0,7.1,861.0,69.0,1014.0,73.0,1398.0,735.0,20.9,28.8,0.7014
1.3,1003.0,7.4,872.0,79.0,988.0,80.0,1439.0,851.0,20.2,31.2,0.7304
1.0,914.0,5.2,774.0,53.0,1091.0,65.0,1323.0,706.0,20.0,31.5,0.7262
0.4,839.0,2.4,609.0,36.0,1276.0,59.0,1286.0,643.0,20.8,32.3,0.7813
0.3,830.0,2.0,582.0,30.0,1310.0,50.0,1264.0,608.0,20.0,34.5,0.7954
0.5,903.0,3.1,656.0,38.0,1155.0,37.0,1361.0,618.0,17.0,44.6,0.8593
0.9,1022.0,6.3,825.0,68.0,931.0,54.0,1487.0,931.0,17.1,45.3,0.8784
2.7,1378.0,19.3,1277.0,192.0,628.0,94.0,1970.0,1519.0,17.1,46.5,0.901
6.303476356708114,1745.0,38.9,1748.0,346.0,484.0,139.0,2605.0,2054.0,18.8,39.7,0.8547
3.2,1326.0,14.6,1137.0,225.0,719.0,115.0,1760.0,1550.0,20.3,38.1,0.8946
2.4,1215.0,12.3,1062.0,199.0,794.0,119.0,1650.0,1381.0,25.3,27.0,0.8565
1.9,1138.0,11.0,1015.0,140.0,854.0,103.0,1604.0,1115.0,27.4,22.8,0.8219
2.7,1244.0,15.4,1162.0,162.0,765.0,123.0,1735.0,1189.0,30.0,20.0,0.8338
2.9,1261.0,17.0,1210.0,173.0,736.0,126.0,1769.0,1200.0,30.9,19.1,0.8394
2.0,1182.0,12.5,1066.0,121.0,818.0,106.0,1663.0,965.0,30.6,20.2,0.8719
2.3,1208.0,13.8,1111.0,133.0,783.0,127.0,1653.0,1018.0,32.2,18.9,0.8964
1.9,1158.0,10.1,981.0,96.0,862.0,105.0,1573.0,775.0,31.7,19.5,0.8981
3.0,1346.0,19.3,1278.0,141.0,701.0,130.0,1873.0,1193.0,30.9,20.5,0.8996
4.4,1443.0,22.7,1371.0,221.0,664.0,160.0,1988.0,1425.0,27.5,24.7,0.8899
4.48380175012528,1440.0,25.5,1443.0,232.0,635.0,162.0,2068.0,1594.0,25.8,27.0,0.8821
3.4,1232.0,15.8,1173.0,174.0,751.0,135.0,1750.0,1284.0,23.7,30.0,0.8633
2.4,1159.0,12.3,1061.0,138.0,812.0,122.0,1648.0,1174.0,22.2,33.4,0.8806
1.2,1081.0,8.7,929.0,65.0,910.0,75.0,1518.0,937.0,21.1,36.5,0.9019
1.7,1083.0,8.3,911.0,107.0,883.0,96.0,1507.0,985.0,20.2,38.6,0.9016
1.2,1069.0,7.7,887.0,70.0,859.0,84.0,1542.0,1041.0,19.3,43.0,0.9535
0.7,940.0,4.2,724.0,44.0,1012.0,68.0,1407.0,867.0,19.2,43.6,0.9591
0.5,901.0,3.0,653.0,41.0,1094.0,65.0,1367.0,822.0,18.4,45.7,0.9599
0.3,848.0,2.2,598.0,32.0,1219.0,46.0,1318.0,628.0,17.0,49.2,0.9459
0.7,980.0,5.7,800.0,46.0,983.0,54.0,1462.0,810.0,16.4,52.1,0.9612
3.1,1408.0,20.9,1321.0,173.0,618.0,94.0,2044.0,1495.0,16.4,53.4,0.9863
6.2,1716.0,36.7,1701.0,320.0,490.0,155.0,2545.0,2018.0,18.6,46.8,0.99
4.6,1475.0,22.0,1351.0,294.0,625.0,165.0,2006.0,1696.0,21.0,41.1,1.0104
2.6,1262.0,13.4,1096.0,182.0,772.0,134.0,1711.0,1340.0,26.4,28.9,0.9785
2.1,1156.0,11.5,1034.0,154.0,813.0,122.0,1640.0,1123.0,27.7,26.3,0.9652
2.0,1192.0,13.4,1097.0,118.0,796.0,113.0,1688.0,971.0,30.1,22.1,0.9281
2.2,1233.0,15.2,1154.0,116.0,746.0,115.0,1740.0,1000.0,31.0,22.9,1.0144
2.1,1208.0,13.0,1083.0,121.0,792.0,118.0,1702.0,891.0,31.0,22.6,1.0012
2.3,1215.0,14.0,1116.0,116.0,784.0,125.0,1715.0,852.0,31.6,21.0,0.959
2.5,1251.0,15.5,1165.0,144.0,747.0,135.0,1774.0,975.0,30.4,24.7,1.0526
3.4,1358.0,19.3,1278.0,176.0,689.0,149.0,1899.0,1192.0,28.8,26.3,1.0271
4.3,1379.0,21.9,1349.0,214.0,645.0,162.0,1961.0,1373.0,26.4,30.1,1.0204
3.8,1379.0,21.1,1326.0,191.0,659.0,151.0,1961.0,1307.0,24.7,31.5,0.9672
3.8,1373.0,18.4,1252.0,205.0,670.0,154.0,1889.0,1325.0,22.9,36.5,1.0083
2.0,1197.0,9.3,950.0,110.0,823.0,118.0,1592.0,918.0,20.8,41.8,1.0155
1.7,1238.0,9.0,940.0,95.0,815.0,103.0,1622.0,877.0,19.7,47.1,1.0666
2.0,1255.0,9.6,963.0,126.0,781.0,122.0,1665.0,1024.0,18.9,52.2,1.1313
1.5,1164.0,8.2,908.0,90.0,821.0,102.0,1574.0,1019.0,18.5,50.1,1.0539
0.8,1046.0,5.8,803.0,48.0,900.0,73.0,1490.0,823.0,18.0,53.0,1.0832
0.5,956.0,3.1,661.0,38.0,1043.0,59.0,1398.0,701.0,18.4,51.7,1.0819
0.3,925.0,2.3,609.0,26.0,1168.0,35.0,1363.0,533.0,17.3,54.1,1.0582
0.9,1086.0,6.6,837.0,83.0,885.0,68.0,1553.0,906.0,15.8,59.0,1.0495
2.8,1490.0,19.6,1286.0,188.0,593.0,97.0,2053.0,1447.0,16.6,55.9,1.0486
5.4,1763.0,32.9,1617.0,253.0,489.0,146.0,2503.0,1835.0,18.7,52.8,1.1279
4.0,1462.0,18.1,1242.0,149.0,637.0,83.0,1961.0,1552.0,20.7,46.4,1.1227
2.2,1232.0,12.4,1062.0,155.0,787.0,117.0,1707.0,1092.0,26.1,30.0,0.9972
2.2,1239.0,12.5,1067.0,146.0,779.0,132.83517439444353,1702.0,1071.0,28.6,25.8,0.9989
2.0,1218.0,12.0,1051.0,121.0,796.0,108.0,1689.0,881.0,30.3,23.3,0.9869
2.0,1235.0,13.3,1094.0,111.0,756.0,107.0,1729.0,907.0,31.3,22.3,1.0043
1.9,1196.0,12.3,1061.0,116.0,791.0,120.0,1649.0,899.0,31.1,22.3,0.9888
2.7,1288.0,16.0,1179.0,167.0,717.0,150.0,1799.0,1074.0,32.4,20.4,0.9732
2.2,1248.0,13.7,1108.0,145.0,772.0,138.0,1701.0,969.0,32.6,19.3,0.935
3.5,1401.0,21.7,1342.0,192.0,663.0,148.0,1959.0,1267.0,31.2,20.3,0.9064
4.1,1401.0,23.7,1396.0,231.0,645.0,168.0,2009.0,1402.0,27.7,24.8,0.9106
4.243923860818972,1444.0,22.1,1354.0,248.0,655.0,172.0,1956.0,1437.0,25.7,27.9,0.908
4.5,1379.0,20.6,1312.0,267.0,683.0,179.0,1870.0,1382.0,24.1,29.9,0.8879
2.9,1251.0,13.4,1097.0,181.0,771.0,143.0,1680.0,1280.0,22.2,34.4,0.9072
2.6,1269.0,12.8,1077.0,163.0,773.0,137.0,1706.0,1250.0,20.7,38.0,0.9149
2.1,1242.0,12.3,1060.0,141.0,745.0,117.0,1693.0,1359.0,20.2,42.8,0.9983
1.2,1045.0,6.8,850.0,78.0,889.0,93.0,1506.0,1102.0,20.5,42.0,1.0004
0.6,937.0,3.8,698.0,42.0,1039.0,64.0,1382.0,768.0,20.1,42.0,0.9763
0.3,875.0,2.5,622.0,35.0,1167.0,58.0,1331.0,656.0,20.0,41.5,0.9571
0.3,881.0,2.6,624.0,38.0,1135.0,47.0,1319.0,656.0,16.4,50.2,0.931
0.7,998.0,7.0,856.0,65.0,894.0,62.0,1488.0,926.0,14.9,54.7,0.9203
4.2,1517.0,26.2,1460.0,296.0,551.0,113.0,2205.0,1677.0,16.4,51.3,0.9474
4.937273353342872,1522.0,28.2,1509.0,303.0,543.0,126.0,2275.0,1828.0,18.2,46.2,0.9575
3.4,1417.0,20.2,1303.0,244.0,635.0,139.0,1964.0,1752.0,20.7,40.0,0.9639
2.8,1329.0,17.1,1214.0,216.0,700.0,148.0,1845.0,1581.0,26.5,27.0,0.9217
1.8,1203.0,11.2,1023.0,137.0,825.0,117.0,1622.0,1132.0,28.5,23.8,0.915
1.9,1234.0,11.6,1037.0,120.0,788.0,106.0,1658.0,1037.0,29.7,23.7,0.9714
2.0,1286.0,13.2,1090.0,100.0,750.0,98.0,1719.0,1023.0,31.7,21.7,0.9966
2.4830141294293435,1298.0,12.7,1075.0,103.0,749.0,98.0,1690.0,1022.0,31.7,21.5,0.9902
2.0,1308.0,13.0,1084.0,123.0,757.0,110.0,1724.0,989.0,32.8,19.5,0.9515
2.3,1276.0,13.5,1099.0,136.0,783.0,114.0,1680.0,925.0,32.5,18.6,0.8948
2.7,1234.0,10.2,985.0,158.0,815.0,122.0,1572.0,795.0,30.2,22.6,0.9524
3.6,1419.0,20.1,1300.0,216.0,670.0,155.0,1923.0,1263.0,27.6,25.7,0.9382
3.8,1325.0,19.1,1273.0,211.0,716.0,145.0,1815.0,1184.0,25.9,24.9,0.8195
3.5,1346.0,17.5,1224.0,202.0,715.0,146.0,1794.0,1272.0,23.9,29.4,0.8589
2.5,1241.0,13.8,1110.0,147.0,772.0,130.0,1698.0,1177.0,22.3,32.1,0.8515
2.5,1274.0,13.3,1094.0,160.0,771.0,126.0,1682.0,1231.0,20.5,35.9,0.8565
3.0,1321.0,14.8,1144.0,162.0,732.0,127.0,1745.0,1243.0,19.8,37.2,0.8509
3.7,1424.0,18.0,1240.0,194.0,662.0,126.0,1841.0,1427.0,19.1,41.9,0.9158
3.3,1357.0,16.0,1178.0,167.0,674.0,124.0,1782.0,1454.0,17.8,46.1,0.9344
1.5,1123.0,9.7,966.0,91.0,770.0,93.0,1594.0,1183.0,17.6,47.6,0.9465
0.5,941.0,3.6,687.0,50.0,1024.0,59.0,1374.0,777.0,15.8,53.8,0.9615
0.5,986.0,4.6,745.0,61.0,959.0,66.0,1426.0,888.0,16.5,53.5,0.9928
1.2,1153.0,9.2,947.0,107.0,795.0,80.0,1643.0,1076.0,17.2,52.9,1.0276
2.2,1323.0,14.6,1137.0,139.0,696.0,94.0,1846.0,1285.0,19.3,48.3,1.0723
2.2,1315.0,11.7,1040.0,165.0,743.0,102.0,1740.0,1315.0,20.6,47.1,1.1287
2.1,1303.0,11.0,1015.0,139.0,777.0,96.0,1731.0,1250.0,23.7,40.0,1.153
1.8,1238.0,11.6,1037.0,113.0,813.0,91.0,1698.0,978.0,25.6,32.5,1.053
2.2,1259.0,12.9,1080.0,138.0,772.0,104.0,1736.0,1072.0,27.2,28.1,0.9989
2.0,1246.0,12.6,1070.0,104.0,770.0,84.0,1747.0,1064.0,27.9,28.1,1.0394
1.4,1154.0,8.3,912.0,78.0,872.0,76.0,1605.0,825.0,28.3,27.8,1.0539
1.8,1237.0,10.5,997.0,97.0,800.0,87.0,1688.0,924.0,29.2,27.0,1.081
2.1,1315.0,11.7,1041.0,115.0,773.0,101.0,1767.0,966.0,28.9,29.3,1.1503
2.8,1466.0,15.8,1174.0,152.0,680.0,115.0,1965.0,1302.0,25.4,39.8,1.2771
2.8,1409.0,13.9,1113.0,157.0,710.0,110.0,1850.0,1256.0,25.2,40.1,1.2642
3.217067499288434,1366.0,15.7,1171.0,132.0,693.0,103.0,1933.0,1068.0,24.5,39.4,1.1963
1.8,1241.0,10.9,1011.0,98.0,781.0,90.0,1748.0,1070.0,22.3,45.4,1.2088
1.2,1123.0,6.4,832.0,65.0,930.0,68.0,1565.0,792.0,21.2,48.3,1.2034
2.6,1321.0,12.7,1075.0,101.0,757.0,85.0,1891.0,1017.0,20.6,50.5,1.2082
3.1,1397.0,15.3,1159.0,134.0,681.0,100.0,1949.0,1207.0,20.2,52.9,1.234
4.1,1507.0,20.5,1311.0,177.0,608.0,114.0,2107.0,1499.0,19.8,54.5,1.2488
3.6,1405.0,15.9,1177.0,179.0,660.0,108.0,1931.0,1474.0,19.5,56.2,1.2624
1.9,1192.0,10.4,994.0,105.0,759.0,78.0,1780.0,1163.0,19.0,58.0,1.2581
0.3,864.0,2.1,591.0,27.0,1247.0,37.0,1374.0,507.0,17.7,56.0,1.1215
0.4,886.0,2.2,598.0,41.0,1257.0,53.0,1374.0,506.0,17.9,52.4,1.0655
0.8,988.0,4.0,713.0,78.0,1092.0,79.0,1455.0,716.0,18.9,49.3,1.0668
0.8,1008.0,4.3,729.0,68.0,1034.0,65.0,1490.0,795.0,20.0,48.6,1.1199
0.8,976.0,3.8,698.0,64.0,1156.0,64.0,1393.0,594.0,20.6,41.2,0.9841
0.8,978.0,4.1,718.0,67.0,1137.0,66.0,1392.0,565.0,23.6,34.0,0.9749
0.9,987.0,4.5,740.0,54.0,1105.0,53.0,1407.0,523.0,26.7,28.1,0.9688
1.2,1030.0,5.3,778.0,67.0,1071.0,69.0,1452.0,591.0,26.8,28.1,0.9785
1.0,955.0,4.2,723.0,51.0,1129.0,57.0,1393.0,559.0,27.7,25.8,0.9467
0.8,924.0,3.3,673.0,28.0,1247.0,36.0,1346.0,430.0,28.8,22.7,0.8864
1.1,1005.0,4.9,758.0,51.0,1091.0,57.0,1434.0,522.0,26.8,27.3,0.9462
1.5,1059.0,6.1,816.0,77.0,1023.0,73.0,1468.0,641.0,25.9,28.7,0.9423
1.5,1079.0,6.9,851.0,93.0,991.0,81.0,1490.0,738.0,25.8,27.7,0.9076
1.4,1070.0,6.8,850.0,94.0,997.0,91.0,1502.0,778.0,24.8,29.5,0.9077
1.1,1085.0,5.8,805.0,69.0,972.0,65.0,1528.0,718.0,25.3,36.3,1.1513
0.9,1066.0,5.5,787.0,57.0,986.0,56.0,1552.0,689.0,23.9,40.4,1.1787
1.0,1094.0,6.1,815.0,74.0,934.0,69.0,1563.0,852.0,21.4,46.6,1.1764
1.1,1110.0,6.0,814.0,75.0,948.0,73.0,1571.0,854.0,20.5,49.3,1.173
1.0,968.0,4.2,719.0,73.0,1081.0,76.0,1388.0,664.0,19.2,42.3,0.9339
0.7,906.0,4.1,714.0,56.0,1163.0,67.0,1351.0,544.0,19.2,37.9,0.8352
0.5,849.0,2.4,615.0,31.0,1285.0,44.0,1276.0,461.0,17.2,43.1,0.8394
0.2,774.0,1.0,500.0,13.0,1536.0,21.0,1169.0,352.0,15.8,45.2,0.8052
0.1,749.0,0.7,466.0,23.0,1803.0,29.0,1089.0,307.0,16.1,36.5,0.664
0.5,864.0,2.8,642.0,72.0,1288.0,69.0,1255.0,441.0,16.5,36.2,0.6752
1.6,1002.0,7.8,893.0,165.0,1010.0,111.0,1394.0,775.0,17.5,30.9,0.6111
2.0,970.0,9.7,966.0,118.0,944.0,81.0,1379.0,907.0,18.4,24.0,0.5046
1.3,898.0,6.9,853.0,85.0,1066.0,56.0,1271.0,763.0,19.2,23.8,0.5235
1.0,847.0,5.8,800.0,116.0,1155.0,90.0,1179.0,649.0,21.7,18.1,0.4642
0.9,847.0,5.5,788.0,112.0,1203.0,85.0,1162.0,598.0,22.3,17.0,0.4513
1.2,871.0,6.8,848.0,100.0,1139.0,83.0,1208.0,579.0,22.8,16.1,0.4404
1.3,869.0,7.2,866.0,109.0,1107.0,85.0,1212.0,596.0,23.8,14.5,0.4222
1.1,875.0,6.9,854.0,111.0,1160.0,85.0,1200.0,595.0,25.1,13.1,0.4129
1.2,895.0,7.5,878.0,109.0,1122.0,81.0,1238.0,607.0,25.8,12.9,0.4219
1.4,926.0,7.7,885.0,114.0,1101.0,92.0,1259.0,662.0,25.5,14.0,0.4495
2.0,996.0,12.0,1048.0,139.0,959.0,108.0,1397.0,822.0,24.5,15.4,0.4663
2.4,997.0,13.5,1100.0,157.0,896.0,106.0,1392.0,987.0,22.6,17.2,0.4656
2.1,1006.0,12.0,1048.0,147.0,925.0,114.0,1416.0,966.0,21.2,18.9,0.471
1.2,895.0,6.7,845.0,102.0,1072.0,96.0,1241.0,763.0,19.1,22.8,0.501
0.7,862.0,4.8,751.0,73.0,1154.0,77.0,1213.0,617.0,18.4,24.6,0.5169
0.7,858.0,4.8,756.0,65.0,1159.0,73.0,1209.0,564.0,17.3,25.6,0.5032
0.8,853.0,5.0,762.0,76.0,1134.0,86.0,1184.0,646.0,16.5,24.9,0.4642
0.5,859.0,4.3,727.0,65.0,1120.0,84.0,1187.0,753.0,16.7,28.3,0.5316
0.2,837.0,2.7,634.0,41.0,1200.0,56.0,1150.0,669.0,15.5,32.2,0.5641
0.1,774.0,1.7,560.0,45.0,1386.0,51.0,1107.0,532.0,11.6,40.0,0.5462
0.2,798.0,2.6,630.0,40.0,1291.0,45.0,1125.0,536.0,13.4,34.5,0.5272
1.1,1002.0,8.8,932.0,101.0,949.0,82.0,1405.0,917.0,15.2,31.0,0.5329
3.0,1210.0,22.2,1356.0,183.0,657.0,100.0,1786.0,1481.0,16.3,27.5,0.5066
2.1,1058.0,15.3,1158.0,149.0,820.0,91.0,1459.0,1187.0,19.2,20.0,0.439
2.6,1106.0,14.0,1118.0,207.0,885.0,130.0,1451.0,1220.0,24.9,13.0,0.4038
3.2,1153.0,18.5,1253.0,289.0,815.0,155.0,1541.0,1381.0,28.3,9.9,0.3754
2.1,1047.0,13.5,1101.0,159.0,913.0,114.0,1391.0,1103.0,29.2,9.8,0.3914
2.2,1091.0,15.8,1172.0,162.0,874.0,127.0,1459.0,1105.0,31.6,9.2,0.419
2.4,1162.0,18.5,1253.0,173.0,796.0,138.0,1595.0,1248.0,32.6,9.3,0.4499
2.2,1137.0,14.9,1146.0,188.0,1144.0,136.0,1392.0,1327.0,26.1,23.8,0.7938
1.8,1139.0,13.8,1109.0,159.0,1118.0,135.0,1436.0,1292.0,28.8,21.1,0.8193
1.6,1099.0,12.3,1059.0,146.0,1156.0,115.0,1416.0,1114.0,29.6,19.4,0.7897
1.8,1088.0,14.0,1116.0,127.0,1128.0,112.0,1449.0,1060.0,31.6,16.4,0.7489
1.6,1027.0,11.8,1041.0,128.0,1237.0,112.0,1345.0,915.0,32.3,13.3,0.6303
1.6,1014.0,12.0,1049.0,120.0,1200.0,109.0,1366.0,893.0,31.8,13.5,0.6249
1.3,969.0,9.7,968.0,115.0,1276.0,112.0,1325.0,768.0,31.8,13.8,0.6394
1.7,1026.0,12.3,1061.0,133.0,982.0,115.0,1564.0,814.0,29.6,18.9,0.7692
1.7,1039.0,12.2,1055.0,131.0,966.0,117.0,1590.0,845.0,28.0,23.2,0.8613
2.1,1148.0,12.5,1067.0,133.0,887.0,105.0,1790.0,956.0,23.6,41.0,1.1786
2.2,1176.0,13.9,1114.0,141.0,843.0,114.0,1805.0,1102.0,21.5,48.1,1.2148
1.8,1100.0,11.4,1028.0,112.0,900.0,103.0,1710.0,994.0,22.1,44.1,1.1573
1.8,1081.0,10.4,992.0,147.0,959.0,119.0,1680.0,935.0,20.2,47.2,1.1043
0.9,976.0,7.0,858.0,104.0,1070.0,102.0,1547.0,839.0,20.0,47.6,1.103
1.0,979.0,7.0,857.0,97.0,1082.0,96.0,1546.0,797.0,19.8,46.8,1.0697
2.0,1092.0,11.3,1024.0,128.0,937.0,109.0,1706.0,968.0,19.6,47.0,1.0606
1.8,1044.0,9.2,946.0,138.0,1009.0,119.0,1594.0,886.0,19.3,46.3,1.0279
1.1,940.0,6.8,849.0,93.0,1091.0,103.0,1509.0,764.0,18.5,48.7,1.0286
0.6,892.0,5.1,767.0,71.0,1180.0,84.0,1466.0,657.0,18.0,51.4,1.0504
0.1,762.0,2.0,581.0,41.0,1588.0,45.0,1277.0,434.0,17.9,46.1,0.9383
0.5,841.0,4.0,713.0,84.0,1293.0,80.0,1356.0,559.0,18.4,43.9,0.9192
0.6,843.0,4.0,712.0,77.0,1303.0,77.0,1343.0,548.0,18.9,42.1,0.9081
0.5,841.0,4.0,713.0,73.0,1326.0,68.0,1330.0,525.0,19.2,39.7,0.8728
0.7,862.0,4.2,721.0,72.0,1329.0,66.0,1335.0,522.0,20.8,36.6,0.8878
0.7,869.0,4.5,740.0,77.0,1296.0,70.0,1366.0,535.0,21.3,35.8,0.8975
0.9,894.0,6.0,810.0,82.0,1204.0,74.0,1421.0,585.0,21.8,34.9,0.9004
0.7,844.0,4.8,755.0,67.0,1284.0,64.0,1350.0,521.0,22.8,31.4,0.8615
0.4,823.0,3.8,699.0,59.0,1382.0,60.0,1311.0,493.0,22.9,31.3,0.862
0.5,843.0,4.2,719.0,61.0,1353.0,63.0,1330.0,501.0,22.9,30.7,0.8461
0.6,865.0,5.1,767.0,76.0,1279.0,75.0,1369.0,559.0,23.8,29.2,0.8499
0.6,873.0,5.6,792.0,73.0,1247.0,79.0,1397.0,589.0,23.2,30.2,0.8442
0.8,899.0,5.8,803.0,87.0,1221.0,83.0,1426.0,596.0,22.4,31.3,0.8365
1.0,921.0,7.0,856.0,98.0,1163.0,93.0,1437.0,681.0,21.7,32.2,0.825
1.2,937.0,7.9,893.0,123.0,1106.0,112.0,1463.0,783.0,20.8,33.2,0.8061
1.0,901.0,6.5,834.0,102.0,1177.0,103.0,1408.0,738.0,20.1,35.0,0.8149
1.3,955.0,8.5,918.0,102.0,1056.0,93.0,1511.0,762.0,19.5,36.9,0.8258
2.7,1065.0,13.7,1106.0,142.0,897.0,112.0,1707.0,929.0,19.0,38.2,0.8327
2.7,1035.0,13.8,1110.0,148.0,907.0,125.0,1652.0,1044.0,18.5,39.4,0.832
1.6,956.0,9.1,945.0,107.0,1030.0,107.0,1509.0,892.0,17.8,41.7,0.844
0.6,869.0,6.5,835.0,61.0,1078.0,76.0,1437.0,807.0,19.2,42.0,0.9248
0.1,781.0,3.1,661.0,25.0,1271.0,37.0,1299.0,568.0,17.2,47.2,0.9178
0.1,781.0,2.9,645.0,32.0,1295.0,45.0,1320.0,575.0,17.3,47.6,0.9295
0.2,828.0,3.6,690.0,48.0,1263.0,61.0,1353.0,658.0,18.6,44.2,0.9385
0.3,803.0,2.7,635.0,60.0,1417.0,67.0,1272.0,537.0,20.2,37.8,0.8837
0.3,811.0,3.0,653.0,52.0,1411.0,60.0,1269.0,486.0,22.0,31.9,0.8335
0.4,844.0,3.7,696.0,58.0,1353.0,64.0,1292.0,507.0,25.5,25.9,0.8339
0.3,833.0,3.8,697.0,54.0,1361.0,64.0,1294.0,496.0,27.5,22.8,0.8249
0.3,832.0,4.2,719.0,52.0,1318.0,59.0,1299.0,502.0,28.7,20.7,0.8024
0.1,771.0,2.6,626.0,34.0,1502.0,41.0,1210.0,430.0,29.1,19.6,0.7771
0.1,783.0,2.8,637.0,41.0,1498.0,46.0,1215.0,439.0,29.8,18.4,0.7595
0.2,815.0,4.2,723.0,41.0,1378.0,46.0,1256.0,471.0,32.0,15.0,0.7028
0.6,912.0,6.2,819.0,65.0,1224.0,77.0,1368.0,589.0,30.3,17.0,0.7232
0.5,894.0,5.2,774.0,65.0,1239.0,83.0,1339.0,598.0,31.7,16.2,0.745
0.9,963.0,7.7,885.0,84.0,1102.0,90.0,1447.0,695.0,29.2,19.6,0.7817
1.1,990.0,8.8,930.0,89.0,1045.0,95.0,1506.0,739.0,27.4,23.8,0.858
1.3,1025.0,10.1,980.0,114.0,986.0,113.0,1591.0,891.0,25.0,26.9,0.8408
1.5,997.0,9.8,971.0,127.0,993.0,128.0,1573.0,930.0,23.6,30.1,0.8663
1.2,976.0,8.4,916.0,117.0,1044.0,117.0,1515.0,880.0,22.3,33.6,0.8913
0.4,878.0,5.4,784.0,46.0,1181.0,64.0,1407.0,610.0,21.4,36.9,0.9271
0.2,836.0,4.3,728.0,16.0,1213.0,28.0,1353.0,518.0,20.6,39.9,0.9597
0.3,855.0,4.8,751.0,27.0,1107.0,46.0,1418.0,664.0,19.7,43.2,0.9812
0.5,909.0,6.5,834.0,82.0,1031.0,60.0,1527.0,763.0,16.6,52.1,0.9785
1.6,1108.0,14.2,1123.0,167.0,804.0,83.0,1801.0,1111.0,17.4,50.9,1.0017
3.6,1252.0,22.7,1369.0,248.0,681.0,129.0,2120.0,1390.0,19.3,46.0,1.0185
2.2,1175.0,16.3,1188.0,213.0,790.0,137.0,1901.0,1251.0,20.9,43.6,1.0683
1.6,1111.0,14.1,1120.0,161.0,839.0,121.0,1790.0,1141.0,25.6,33.3,1.0773
1.4,1044.0,12.6,1069.0,144.0,889.0,123.0,1683.0,942.0,28.9,26.0,1.0188
1.4,1018.0,13.1,1088.0,127.0,909.0,120.0,1677.0,795.0,30.3,22.8,0.9695
1.5,1060.0,14.2,1122.0,116.0,863.0,119.0,1721.0,836.0,30.9,24.4,1.0724
1.3,1071.0,13.8,1110.0,124.0,864.0,121.0,1733.0,847.0,30.5,26.2,1.1278
1.2,1006.0,12.1,1054.0,115.0,921.0,111.0,1636.0,769.0,30.7,23.4,1.015
1.8,1104.0,15.7,1171.0,150.0,827.0,128.0,1803.0,968.0,28.1,29.8,1.1132
3.0,1196.0,21.4,1336.0,221.0,739.0,159.0,1971.0,1157.0,26.9,32.2,1.1267
3.5,1243.0,25.0,1429.0,227.0,687.0,161.0,2093.0,1367.0,26.0,34.6,1.1485
2.4,1124.0,16.6,1199.0,156.0,794.0,116.0,1858.0,1101.0,24.5,37.7,1.1454
1.1,1020.0,10.7,1003.0,97.0,904.0,96.0,1716.0,916.0,21.7,46.9,1.2044
0.8,1035.0,7.5,878.0,78.0,977.0,69.0,1694.0,825.0,19.3,68.8,1.519
0.4,986.0,5.3,781.0,60.0,1063.0,58.0,1633.0,693.0,17.6,81.6,1.6296
0.6,1017.0,6.5,834.0,61.0,986.0,59.0,1676.0,734.0,17.8,80.3,1.6212
0.3,922.0,4.7,750.0,46.0,1085.0,45.0,1585.0,685.0,18.6,75.7,1.6074
0.1,854.0,2.4,613.0,39.0,1272.0,41.0,1515.0,565.0,16.8,81.3,1.5452
0.3,985.0,6.1,816.0,107.0,987.0,65.0,1677.0,799.0,17.3,78.6,1.5412
1.4,1225.0,12.5,1067.0,190.0,760.0,94.0,1922.0,1102.0,16.9,80.9,1.5472
2.7,1313.0,19.5,1283.0,236.0,671.0,100.0,2180.0,1299.0,17.1,79.8,1.542
2.3,1199.0,15.2,1156.0,227.0,758.0,103.0,1958.0,1272.0,18.5,70.3,1.4826
1.8,1182.0,12.0,1051.0,211.0,829.0,89.0,1870.0,1206.0,19.6,66.7,1.5023
1.6,1173.0,12.4,1063.0,201.0,814.0,86.0,1905.0,1218.0,20.4,63.1,1.4969
1.9,1259.0,15.9,1178.0,191.0,722.0,89.0,2060.0,1367.0,21.6,61.8,1.5775
2.5,1263.0,15.7,1171.0,192.0,759.0,102.3010343248569,2029.0,1290.0,24.0,49.3,1.4509
1.6,1156.0,13.5,1100.0,143.0,800.0,73.0,1884.0,1175.0,25.7,43.8,1.4262
1.5,1167.0,12.4,1065.0,148.0,808.0,78.0,1886.0,1139.0,24.6,47.5,1.4487
2.5,1278.0,17.1,1213.0,183.0,733.0,95.0,2041.0,1293.0,24.8,47.4,1.4628
3.6,1342.0,22.0,1351.0,216.0,657.0,109.0,2201.0,1419.0,23.7,50.5,1.4636
3.5,1353.0,19.9,1292.0,184.0,683.0,95.0,2178.0,1326.0,23.0,53.8,1.4968
4.763809993769369,1501.0,27.9,1501.0,248.0,588.0,101.0,2486.0,1517.0,21.5,65.8,1.6688
3.7,1355.0,19.7,1289.0,221.0,678.0,88.0,2158.0,1391.0,21.0,66.9,1.6436
2.1,1230.0,15.7,1169.0,159.0,737.0,77.0,2020.0,1275.0,20.6,68.1,1.6329
1.6,1148.0,12.0,1048.0,136.0,822.0,75.0,1883.0,1168.0,20.5,66.9,1.5914
2.2,1171.0,13.1,1088.0,168.0,822.0,81.0,1889.0,1132.0,20.2,65.2,1.5251
0.8,1021.0,9.2,949.0,95.0,927.0,57.0,1764.0,977.0,19.5,68.0,1.5269
0.7,852.0,4.5,739.0,37.0,1095.0,63.0,1525.0,837.0,19.6,54.8,1.236
0.7,858.0,4.9,757.0,57.0,1066.0,71.0,1542.0,904.0,19.3,57.3,1.265
1.2,963.0,7.9,894.0,131.0,942.0,91.0,1702.0,1065.0,19.7,58.4,1.3254
1.5,966.0,7.4,874.0,171.0,969.0,79.98949077078348,1682.0,999.0,19.8,59.4,1.3554
1.5,983.0,8.0,901.0,187.0,954.0,96.0,1691.0,986.0,20.9,54.8,1.3387
1.6,990.0,7.6,881.0,133.0,985.0,81.0,1685.0,874.0,22.4,47.9,1.2817
1.1,891.0,5.3,780.0,87.0,1110.0,68.0,1543.0,689.0,24.1,41.3,1.2202
1.1,883.0,5.3,778.0,61.0,1130.0,57.0,1545.0,608.0,25.9,36.9,1.2133
1.4,914.0,8.0,900.0,86.0,1010.0,68.0,1596.0,706.0,30.7,26.0,1.1287
1.4,896.0,8.4,917.0,83.0,1017.0,72.0,1577.0,704.0,30.3,25.2,1.0652
1.0,841.0,6.0,811.0,61.0,1135.0,62.0,1463.0,609.0,30.1,25.4,1.0641
1.3,926.0,7.3,868.0,80.0,1048.0,75.0,1599.0,687.0,27.6,35.1,1.2764
1.9,1133.0,10.2,984.0,110.0,838.0,92.0,1897.0,976.0,26.6,47.6,1.6315
1.7,1042.0,9.0,939.0,108.0,917.0,89.0,1744.0,860.0,30.4,31.3,1.3331
2.3,1124.0,14.0,1118.0,134.0,793.0,105.0,1915.0,1021.0,27.8,35.0,1.282
2.4,1157.0,16.1,1183.0,133.0,738.0,111.0,1970.0,1079.0,26.6,37.9,1.2994
1.8,989.0,8.2,906.0,118.0,954.0,102.0,1681.0,826.0,23.4,44.4,1.2646
0.6,841.0,3.8,699.0,17.0,1123.0,30.0,1508.0,558.0,23.0,51.1,1.4175
0.8,916.0,5.6,791.0,26.0,1007.0,43.0,1588.0,679.0,22.1,53.5,1.4087
1.7,1008.0,8.0,900.0,55.0,907.0,67.0,1681.0,850.0,21.6,53.6,1.3674
1.1,895.0,5.6,792.0,39.0,975.0,58.0,1574.0,733.0,21.9,52.7,1.365
0.6,810.0,3.8,702.0,15.0,1093.0,24.0,1529.0,612.0,21.3,54.9,1.3707
1.1,968.0,6.6,840.0,47.0,891.0,58.0,1727.0,788.0,17.5,79.1,1.5709
1.0,892.0,5.2,773.0,49.0,926.0,62.0,1660.0,724.0,17.1,81.8,1.5816
0.5,806.0,2.4,615.0,21.0,1172.0,34.0,1525.0,543.0,16.6,80.2,1.5002
0.7,827.0,3.1,659.0,33.0,1115.0,46.0,1552.0,616.0,16.8,77.4,1.4739
1.0,881.0,5.2,776.0,63.0,1037.0,62.0,1623.0,677.0,18.3,66.5,1.381
1.2,877.0,5.9,808.0,73.0,1011.0,70.0,1614.0,723.0,20.4,55.8,1.3196
0.7,784.0,2.8,638.0,51.0,1314.0,54.0,1412.0,529.0,21.6,45.3,1.1533
0.9,806.0,3.4,675.0,61.0,1270.0,61.0,1414.0,528.0,23.1,39.4,1.0983
0.8,775.0,3.0,653.0,52.0,1349.0,53.0,1365.0,491.0,25.4,31.6,1.0058
0.8,773.0,3.4,676.0,49.0,1331.0,49.0,1374.0,489.0,26.6,29.0,0.9928
0.5,734.0,2.3,603.0,40.0,1471.0,48.0,1303.0,450.0,25.9,28.8,0.9475
0.5,757.0,2.7,635.0,36.0,1445.0,45.0,1345.0,451.0,27.0,28.0,0.981
0.7,817.0,3.6,688.0,51.0,1299.0,60.0,1435.0,512.0,23.6,38.1,1.0917
0.9,815.0,4.2,720.0,56.0,1225.0,59.0,1418.0,525.0,25.9,32.0,1.0529
1.0,844.0,4.9,757.0,71.0,1186.0,67.0,1445.0,556.0,26.3,31.5,1.0643
1.2,880.0,5.9,807.0,79.0,1123.0,72.0,1510.0,599.0,23.9,36.8,1.0774
1.3,906.0,6.6,838.0,117.0,1084.0,88.0,1547.0,694.0,23.7,36.8,1.0609
1.6,904.0,7.6,882.0,127.0,1048.0,94.0,1549.0,744.0,22.5,37.8,1.0157
1.4,877.0,7.0,858.0,118.0,1080.0,89.0,1535.0,724.0,21.8,39.2,1.0115
1.7,918.0,7.5,879.0,130.0,1030.0,96.0,1569.0,804.0,20.9,42.6,1.04
1.7,930.0,8.4,914.0,131.0,991.0,98.0,1631.0,862.0,20.0,45.6,1.0555
1.4,870.0,7.0,858.0,102.0,1061.0,95.0,1557.0,811.0,19.3,47.9,1.059
0.8,793.0,3.9,703.0,48.0,1222.0,64.0,1439.0,627.0,18.7,49.0,1.0462
0.4,760.0,2.6,626.0,22.0,1263.0,38.0,1386.0,575.0,17.8,54.1,1.0938
0.5,732.0,2.4,613.0,44.0,1273.0,40.0,1413.0,605.0,18.2,54.1,1.1155
1.5,933.0,9.6,962.0,167.0,867.0,76.0,1705.0,974.0,17.3,57.6,1.1289
2.6,1061.0,15.4,1162.0,220.0,777.0,90.0,1898.0,1132.0,19.9,49.4,1.1354
4.3,1201.0,25.0,1428.0,285.0,664.0,118.0,2249.0,1378.0,21.7,44.2,1.1321
3.1,1065.0,15.1,1151.0,272.0,801.0,118.0,1894.0,1160.0,23.5,40.0,1.1386
2.9,1075.0,17.4,1222.0,238.0,774.0,122.0,1943.0,1213.0,28.4,29.7,1.1345
2.5,998.0,14.1,1119.0,207.0,832.0,120.0,1780.0,1057.0,31.6,24.1,1.0994
1.9,922.0,11.8,1042.0,152.0,887.0,132.0,1744.0,832.0,31.3,24.1,1.0816
2.5,1023.0,14.9,1147.0,185.0,829.0,115.0,1842.0,983.0,34.4,20.4,1.0857
2.5,1039.0,16.0,1180.0,184.0,833.0,127.0,1815.0,1047.0,33.7,21.3,1.0988
2.8,1054.0,16.5,1195.0,205.0,815.0,126.0,1848.0,1078.0,35.9,18.9,1.0999
2.3,1022.0,15.2,1155.0,172.0,871.0,113.0,1840.0,979.0,34.3,19.4,1.0279
3.3,1082.0,18.9,1266.0,227.0,788.0,124.0,1910.0,1139.0,33.5,19.9,1.0112
2.8,1056.0,19.0,1268.0,187.0,786.0,108.0,1896.0,1111.0,30.5,24.2,1.0386
4.8,1243.0,28.9,1524.0,290.0,647.0,142.0,2281.0,1470.0,30.3,26.2,1.1161
2.5,1029.0,13.4,1097.0,155.0,825.0,125.0,1827.0,980.0,27.0,36.7,1.2898
2.0,1004.0,10.9,1011.0,108.0,867.0,116.0,1754.0,893.0,24.6,41.9,1.2752
1.8,979.0,8.9,937.0,94.0,919.0,101.0,1683.0,858.0,23.3,44.5,1.2566
1.7,972.0,8.5,919.0,103.0,934.0,101.0,1668.0,904.0,22.4,46.9,1.2544
1.3,942.0,6.7,846.0,78.0,980.0,77.48906944021056,1615.0,905.0,21.7,50.8,1.3019
0.7,825.0,4.2,720.0,38.0,1129.0,55.0,1511.0,678.0,21.0,51.9,1.2794
0.5,780.0,2.5,621.0,26.0,1277.0,42.0,1452.0,586.0,20.5,54.3,1.2926
0.3,734.0,1.4,538.0,19.0,1449.0,30.0,1400.0,514.0,21.0,53.1,1.3031
0.5,785.0,2.8,640.0,35.0,1265.0,40.0,1467.0,588.0,19.6,57.1,1.2851
1.4,946.0,8.8,931.0,126.0,917.0,69.0,1745.0,884.0,18.2,62.3,1.2903
3.3,1201.0,19.4,1279.0,309.0,683.0,100.0,2144.0,1338.0,19.5,57.7,1.2966
5.5808514692241,1377.0,36.1,1688.0,376.0,525.0,125.0,2746.0,1708.0,21.6,51.7,1.313
4.899980356650508,1346.0,27.1,1481.0,441.0,602.0,174.0,2367.0,1681.0,23.9,44.4,1.3029
3.5,1230.0,19.0,1268.0,309.0,698.0,171.0,2049.0,1509.0,28.1,35.2,1.312
3.082402096460115,1160.0,16.9,1208.0,220.0,728.0,149.0,1925.0,1330.0,31.4,28.6,1.298
2.5,1146.0,15.7,1171.0,168.0,761.0,124.0,1902.0,1138.0,33.7,25.5,1.3095
2.3,1078.0,14.1,1121.0,149.0,818.0,119.0,1806.0,963.0,35.9,20.8,1.2103
2.4,1111.0,16.5,1194.0,105.75225920474958,794.0,130.0,1875.0,1015.0,37.5,18.1,1.1529
2.6,1083.0,14.8,1141.0,177.0,825.0,143.0,1793.0,1008.0,37.7,17.7,1.1383
3.5,1220.0,21.4,1334.0,176.0,695.0,183.0,2066.0,1215.0,36.6,20.6,1.2445
3.9567625427191766,1268.0,23.6,1393.0,202.0,650.0,161.0,2144.0,1334.0,32.5,26.0,1.2502
4.5,1256.0,25.0,1430.0,255.0,660.0,170.0,2151.0,1380.0,30.8,27.2,1.1832
3.8,1213.0,21.6,1341.0,210.0,683.0,143.0,2090.0,1601.0,28.8,30.2,1.1761
2.8,1145.0,15.7,1170.0,157.0,751.0,123.0,1894.0,1376.0,26.7,35.4,1.2233
1.7,1050.0,10.9,1011.0,96.0,836.0,89.0,1739.0,1161.0,25.3,40.7,1.291
1.2,972.0,8.1,902.0,59.0,933.0,67.0,1647.0,878.0,24.9,41.2,1.2809
1.6,1020.0,10.2,984.0,81.0,853.0,81.0,1753.0,1031.0,23.7,45.1,1.3033
1.0,934.0,7.5,878.0,40.0,940.0,54.0,1644.0,847.0,22.5,49.0,1.3151
0.9,914.0,5.8,801.0,42.0,965.0,57.0,1609.0,908.0,22.3,50.6,1.3486
0.5,817.0,3.3,672.0,31.0,1113.0,51.0,1501.0,751.0,20.8,54.4,1.3229
0.5,833.0,4.0,708.0,54.0,1084.0,58.0,1525.0,799.0,20.3,56.0,1.3204
1.0,935.0,8.1,905.0,88.0,899.0,69.0,1675.0,954.0,20.5,54.8,1.3073
3.5,1297.0,22.3,1359.0,261.0,630.0,107.0,2214.0,1425.0,21.7,50.6,1.2981
6.4,1496.0,36.9,1705.0,357.0,507.0,151.0,2691.0,2147.0,23.4,46.1,1.3091
2.9,1201.0,17.5,1224.0,265.0,701.0,146.0,1987.0,1532.0,25.1,43.0,1.3488
3.4,1267.0,19.3,1276.0,247.0,676.0,165.0,2059.0,1570.0,30.1,32.8,1.3795
2.8,1224.0,17.6,1228.0,204.28642071639098,711.0,159.0,1972.0,1380.0,34.7,25.9,1.4069
2.8,1247.0,18.6,1257.0,168.0,701.0,174.0,2000.0,1337.0,37.2,23.2,1.4478
2.8,1183.0,18.0,1241.0,183.0,721.0,167.0,1937.0,1308.0,39.5,18.3,1.2917
2.3,1078.0,14.0,1116.0,157.0,815.0,137.0,1761.0,1013.0,40.6,15.3,1.1485
1.8,1076.0,10.9,1012.0,113.0,894.0,116.0,1665.0,816.0,40.3,16.1,1.1896
2.0,1052.0,11.1,1019.0,140.0,896.0,125.0,1610.0,836.0,40.3,14.2,1.0494
3.5,1287.0,21.6,1340.0,230.0,699.0,194.0,2008.0,1267.0,39.6,16.7,1.1867
4.9,1460.0,27.6,1493.0,277.0,586.0,222.0,2288.0,1649.0,37.3,23.4,1.4672
4.6,1357.0,25.6,1445.0,295.0,620.0,206.0,2195.0,1622.0,33.7,27.7,1.4213
3.4,1234.0,18.6,1257.0,212.0,695.0,162.0,2019.0,1349.0,30.7,32.2,1.3983
2.7,1151.0,15.2,1154.0,151.0,747.0,132.0,1894.0,1186.0,28.4,35.7,1.3549
1.9,1065.0,11.7,1038.0,110.0,805.0,107.0,1763.0,1026.0,26.5,38.6,1.3154
1.5,984.0,8.7,929.0,83.0,917.0,84.0,1654.0,817.0,25.4,40.1,1.2822
1.0,938.0,7.6,881.0,48.0,956.0,61.0,1607.0,662.0,24.1,43.3,1.2839
0.7,878.0,5.2,774.0,27.0,1065.0,42.0,1527.0,552.0,23.9,45.6,1.3328
1.0,919.0,5.9,807.0,48.0,967.0,66.0,1598.0,775.0,22.0,52.8,1.3752
0.9,872.0,5.4,782.0,75.0,1001.0,76.0,1607.0,874.0,19.5,59.4,1.3328
1.2,949.0,8.7,929.0,101.0,887.0,78.0,1711.0,973.0,20.0,56.6,1.3095
2.9,1227.0,19.9,1292.0,214.0,661.0,104.0,2087.0,1327.0,21.7,53.9,1.3848
4.8,1360.0,30.4,1561.0,290.0,545.0,139.0,2525.0,1626.0,23.7,49.0,1.4152
4.3,1318.0,24.6,1420.0,297.9212340994067,586.0,166.0,2316.0,1640.0,25.9,44.3,1.4544
3.1,1196.0,16.9,1208.0,234.0,705.0,151.0,1981.0,1341.0,30.1,34.3,1.4414
2.4,1152.0,13.6,1102.0,157.0,770.0,134.0,1868.0,1113.0,33.5,27.2,1.3859
2.8,1220.0,15.3,1157.0,165.0,715.0,148.0,1935.0,1224.0,35.4,26.1,1.4806
2.5,1182.0,14.1,1120.0,137.0,735.0,111.54714931477001,1893.0,1095.0,37.9,23.2,1.502
2.6,1167.0,17.0,1210.0,149.0,719.0,144.0,1944.0,1152.0,39.7,18.7,1.3306
2.3,1142.0,13.8,1109.0,140.0,782.0,133.0,1789.0,1047.0,40.4,17.2,1.2774
2.4,1157.0,13.6,1105.0,139.0,779.0,139.0,1792.0,982.0,40.0,18.8,1.363
3.5,1274.0,21.2,1329.0,221.0,670.0,178.0,2054.0,1320.0,38.9,18.8,1.29
4.8,1372.0,25.9,1451.0,318.0,631.0,206.0,2183.0,1541.0,35.8,22.1,1.2792
5.1,1373.0,25.4,1440.0,363.0,635.0,211.0,2183.0,1510.0,33.1,25.9,1.2923
4.7,1290.0,23.6,1393.0,341.0,655.0,180.0,2146.0,1511.0,30.9,28.2,1.2388
2.4,1056.0,12.0,1051.0,163.0,826.0,116.0,1758.0,1078.0,27.5,32.6,1.176
2.5,1116.0,14.2,1123.0,157.0,768.0,118.0,1826.0,1235.0,26.3,34.3,1.1605
2.7,1106.0,14.2,1122.0,202.0,783.0,115.0,1813.0,1202.0,25.5,34.1,1.0968
1.5,1018.0,10.4,992.0,102.0,839.0,96.0,1710.0,1103.0,24.7,39.3,1.2065
1.1,919.0,7.5,880.0,70.0,915.0,86.0,1628.0,1013.0,24.2,39.5,1.1764
0.6,807.0,3.5,681.0,41.0,1092.0,65.0,1435.0,765.0,24.8,37.8,1.1639
0.4,789.0,2.6,623.0,36.0,1146.0,53.0,1407.0,663.0,22.0,44.3,1.1553
0.6,825.0,4.0,709.0,68.0,1050.0,74.0,1491.0,813.0,19.3,51.4,1.1364
1.0,912.0,7.0,858.0,92.0,923.0,69.0,1608.0,894.0,19.8,50.4,1.1525
4.6,1339.0,24.8,1425.0,332.0,595.0,131.0,2264.0,1495.0,20.5,48.2,1.1474
4.8109914225209085,1355.0,28.9,1526.0,333.0,567.0,134.0,2397.0,1658.0,22.8,42.7,1.1667
4.0,1250.0,21.5,1336.0,242.12956913643671,632.0,148.0,2104.0,1506.0,25.6,35.8,1.1548
2.0,1096.0,13.1,1087.0,120.0,801.0,111.0,1759.0,910.0,35.9,19.6,1.1422
2.0,1093.0,13.3,1094.0,108.0,797.0,110.0,1769.0,912.0,37.2,18.2,1.1389
1.9,1027.0,12.5,1066.0,109.0,837.0,110.0,1689.0,814.0,37.3,16.6,1.0435
1.9,1026.0,13.0,1085.0,124.0,848.0,116.0,1654.0,1341.0,37.4,14.9,0.9413
1.9,1015.0,12.3,1062.0,127.0,877.0,120.0,1668.0,847.0,36.4,15.1,0.9005
2.6,1028.0,15.2,1155.0,185.0,832.0,142.0,1691.0,925.0,35.4,14.7,0.8323
3.2,1074.0,19.1,1270.0,230.0,776.0,146.0,1833.0,1087.0,34.2,14.2,0.7502
3.4,1124.0,19.7,1289.0,265.0,765.0,153.0,1863.0,1132.0,31.1,18.7,0.8302
3.4,1111.0,18.6,1256.0,261.0,765.0,158.0,1851.0,1197.0,29.1,22.0,0.8702
2.9,1062.0,16.1,1183.0,219.0,794.0,140.0,1731.0,1229.0,27.2,22.5,0.7962
2.7,1072.0,15.0,1148.0,180.0,805.0,127.0,1683.0,1171.0,25.3,24.6,0.7796
1.3,936.0,7.3,871.0,108.0,990.0,97.0,1430.0,921.0,24.9,27.2,0.8429
1.3,988.0,8.9,937.0,98.0,894.0,91.0,1543.0,1008.0,23.5,32.2,0.922
0.9,924.0,6.6,839.0,57.0,957.0,68.0,1453.0,849.0,23.5,32.7,0.9349
0.6,839.0,4.3,725.0,36.0,1052.0,52.0,1368.0,668.0,24.1,32.0,0.9467
0.5,853.0,4.1,716.0,45.0,1047.0,58.0,1414.0,707.0,20.8,40.2,0.9725
0.9,918.0,6.0,810.0,87.0,936.0,78.0,1524.0,939.0,18.8,46.6,1.0027
0.7,890.0,5.6,791.0,62.0,950.0,61.0,1489.0,886.0,19.8,46.0,1.0524
0.6,865.0,4.8,752.0,65.0,996.0,64.0,1451.0,837.0,21.3,42.3,1.0625
1.3,1003.0,8.9,937.0,125.0,850.0,108.63820507506054,1622.0,1005.0,21.3,41.8,1.0449
1.9,1123.0,13.1,1088.0,157.0,746.0,92.0,1789.0,1191.0,24.0,36.6,1.0772
2.1,1146.0,14.1,1119.0,171.0,746.0,101.0,1823.0,1200.0,27.2,30.7,1.0884
1.8,1110.0,11.2,1021.0,119.0,820.0,96.0,1724.0,971.0,32.3,23.6,1.1271
1.8,1126.0,10.0,979.0,110.0,849.0,101.0,1700.0,907.0,31.9,25.8,1.2023
1.6,1067.0,9.6,962.0,95.0,860.0,91.0,1658.0,802.0,35.1,21.8,1.2093
1.2,1008.0,7.2,866.0,58.0,937.0,68.0,1573.0,695.0,36.0,20.5,1.1995
1.2,1062.0,8.6,924.0,69.0,892.0,76.0,1683.0,777.0,37.0,20.1,1.2423
1.4,1082.0,9.0,939.0,76.0,869.0,84.0,1678.0,818.0,36.4,21.0,1.2515
1.3,1042.0,7.9,897.0,63.0,901.0,76.0,1605.0,681.0,35.2,22.6,1.267
1.1,1022.0,6.2,823.0,51.0,964.0,61.0,1599.0,631.0,32.5,27.6,1.3229
1.1,1024.0,6.3,828.0,46.0,936.0,52.0,1601.0,641.0,29.1,35.1,1.3919
1.1,1048.0,6.3,828.0,52.0,922.0,59.0,1618.0,683.0,26.9,39.7,1.3898
1.8,1153.0,11.2,1022.0,84.0,765.0,89.0,1806.0,1013.0,26.1,42.2,1.4039
2.3,1195.0,12.8,1077.0,130.0,731.0,113.0,1860.0,1151.0,25.5,43.8,1.4095
2.6,1245.0,13.2,1091.0,147.0,734.0,112.0,1870.0,1134.0,24.9,45.6,1.4135
2.0,1086.0,9.2,946.0,126.0,847.0,89.0,1729.0,945.0,25.2,45.2,1.4262
1.0,972.0,5.8,804.0,47.0,955.0,53.0,1620.0,734.0,25.4,45.5,1.457
0.6,880.0,3.4,677.0,24.0,1109.0,36.0,1500.0,554.0,26.2,43.6,1.4599
0.5,879.0,3.1,658.0,25.0,1121.0,39.0,1511.0,564.0,24.4,48.3,1.4499
0.4,842.0,2.2,597.0,21.0,1237.0,33.0,1444.0,512.0,23.3,51.0,1.4346
0.4,797.0,1.5,543.0,25.0,1466.0,37.0,1347.0,410.0,21.6,48.1,1.2259
0.4,796.0,1.3,526.0,25.0,1534.0,36.0,1322.0,392.0,21.4,47.8,1.2005
0.4,767.0,1.2,520.0,30.0,1526.0,42.0,1287.0,377.0,20.5,46.8,1.1152
0.5,784.0,1.7,562.0,42.0,1460.0,52.0,1286.0,389.0,20.8,40.7,0.9882
0.6,811.0,2.5,622.0,52.0,1315.0,60.0,1307.0,432.0,22.3,35.3,0.9371
0.7,838.0,2.5,620.0,62.0,1292.0,74.0,1325.0,502.0,21.7,38.3,0.9842
0.7,821.0,2.7,632.0,67.0,1295.0,65.0,1302.0,469.0,24.4,29.6,0.8921
0.6,793.0,1.9,579.0,47.0,1380.0,52.0,1303.0,427.0,23.4,34.9,0.991
0.5,794.0,1.8,567.0,35.0,1426.0,40.0,1306.0,406.0,23.5,35.2,1.0019
0.6,821.0,2.4,614.0,45.0,1309.0,49.0,1350.0,430.0,22.4,39.0,1.04
0.8,849.0,2.6,628.0,53.0,1274.0,56.0,1379.0,453.0,22.0,41.7,1.0865
0.8,852.0,3.0,651.0,57.0,1246.0,59.0,1387.0,470.0,21.7,42.7,1.0949
1.0,847.0,2.9,645.0,71.0,1245.0,68.0,1364.0,480.0,20.7,43.4,1.047
1.0,849.0,3.5,682.0,67.0,1215.0,72.0,1378.0,472.0,20.3,42.6,1.0045
1.0,865.0,3.6,687.0,75.0,1191.0,78.0,1388.0,521.0,20.3,44.1,1.0392
0.9,848.0,3.6,689.0,65.0,1180.0,71.0,1403.0,520.0,20.1,45.2,1.0538
0.7,807.0,2.3,606.0,45.0,1340.0,54.0,1337.0,440.0,19.8,45.7,1.0424
0.8,814.0,2.6,627.0,46.0,1305.0,57.0,1351.0,446.0,19.6,45.3,1.0244
0.7,785.0,2.0,582.0,33.0,1377.0,45.0,1311.0,417.0,19.4,45.9,1.0242
0.5,748.0,1.2,515.0,19.0,1580.0,30.0,1261.0,381.0,19.7,44.8,1.0172
0.3,716.0,0.7,461.0,9.0,1795.0,16.0,1235.0,350.0,19.5,46.3,1.0363
0.3,748.0,0.8,477.0,21.0,1703.0,28.0,1301.0,380.0,19.1,52.7,1.1545
0.7,888.0,3.5,683.0,66.0,1196.0,62.0,1483.0,563.0,20.3,49.3,1.1596
1.5,973.0,7.0,858.0,137.0,941.0,92.0,1584.0,779.0,21.1,46.2,1.1389
1.8,993.0,8.7,927.0,151.0,886.0,96.0,1665.0,842.0,21.5,44.5,1.129
1.4,929.0,6.3,825.0,115.0,992.0,87.0,1561.0,692.0,22.4,43.6,1.1637
1.5,962.0,7.0,858.0,118.0,941.0,84.0,1613.0,779.0,24.8,39.1,1.2039
1.2,906.0,5.5,786.0,95.0,1026.0,73.0,1538.0,633.0,23.9,42.1,1.2335
1.2,915.0,5.3,776.0,86.0,1029.0,72.0,1544.0,616.0,25.5,38.3,1.2328
1.3,928.0,5.5,787.0,85.0,1012.0,68.0,1585.0,606.0,25.4,39.2,1.2534
1.0,855.0,3.8,698.0,66.0,1134.0,62.0,1449.0,526.0,25.6,37.0,1.2006
1.4,920.0,5.4,783.0,74.0,1046.0,70.0,1550.0,588.0,24.5,38.4,1.1669
1.6,917.0,6.7,842.0,108.0,985.0,83.0,1563.0,674.0,23.9,39.9,1.1639
2.7,1072.0,12.2,1057.0,150.0,812.0,92.0,1820.0,885.0,24.2,39.2,1.1665
2.3,1000.0,10.2,985.0,157.0,846.0,103.0,1726.0,879.0,23.5,41.2,1.1759
1.5,914.0,6.7,845.0,93.0,972.0,82.0,1583.0,703.0,22.3,44.9,1.1973
1.4,888.0,5.7,799.0,76.0,1023.0,74.0,1531.0,637.0,21.7,46.5,1.1917
1.0,851.0,4.1,718.0,57.0,1134.0,67.0,1471.0,561.0,22.0,44.9,1.1699
1.1,870.0,4.7,749.0,64.0,1096.0,74.0,1487.0,612.0,22.2,44.1,1.1654
1.2,883.0,5.2,773.0,59.0,1062.0,72.0,1514.0,621.0,21.8,45.6,1.1763
1.2,886.0,5.1,767.0,68.0,1055.0,79.0,1532.0,702.0,21.6,46.0,1.1742
0.7,792.0,2.8,637.0,31.0,1249.0,43.0,1400.0,559.0,21.6,45.8,1.1715
0.5,754.0,1.4,535.0,21.0,1490.0,33.0,1335.0,435.0,20.7,48.3,1.168
0.4,770.0,2.0,586.0,24.0,1326.0,38.0,1392.0,527.0,20.8,48.5,1.18
0.5,797.0,3.0,654.0,38.0,1097.0,51.0,1450.0,720.0,20.8,49.4,1.1994
1.0,915.0,7.5,877.0,92.0,897.0,69.0,1651.0,937.0,19.9,51.8,1.1911
4.4,1287.0,24.7,1423.0,311.0,610.0,116.0,2319.0,1482.0,20.9,49.3,1.2049
4.0,1195.0,24.8,1424.0,260.0,609.0,119.0,2244.0,1489.0,23.7,39.9,1.1508
2.4,1003.0,10.9,1009.0,181.0,823.0,96.0,1710.0,1015.0,25.3,35.8,1.1421
2.1,1037.0,11.9,1046.0,177.0,838.0,109.0,1763.0,1004.0,28.8,29.1,1.1349
2.7,1114.0,16.0,1181.0,180.0,747.0,115.0,1928.0,1129.0,30.3,26.9,1.1399
2.8,1085.0,15.7,1171.0,174.0,767.0,118.0,1863.0,1068.0,32.8,23.3,1.138
2.3,1024.0,13.1,1087.0,140.0,824.0,118.0,1745.0,924.0,33.9,21.4,1.1135
2.0,1017.0,12.2,1057.0,122.0,859.0,112.0,1698.0,861.0,35.3,19.6,1.1036
2.6,1053.0,15.8,1173.0,189.0,785.0,140.0,1808.0,981.0,34.0,20.8,1.0898
2.7,1065.0,16.6,1198.0,169.0,766.0,137.0,1852.0,1043.0,35.3,18.8,1.0572
3.1,1136.0,18.4,1250.0,172.0,722.0,143.0,1940.0,1124.0,32.6,24.1,1.1688
3.1,1100.0,16.7,1202.0,154.0,732.0,148.0,1856.0,1004.0,30.8,28.7,1.2507
3.6,1143.0,20.8,1319.0,192.0,673.0,158.0,2001.0,1190.0,28.7,31.2,1.2099
2.9,1083.0,15.3,1157.0,160.0,742.0,127.0,1884.0,1072.0,26.8,35.1,1.2201
2.2,1009.0,11.5,1034.0,54.57953473138093,806.0,109.0,1763.0,925.0,25.3,39.4,1.2524
2.0,969.0,10.1,983.0,97.0,853.0,101.0,1680.0,862.0,23.9,40.9,1.1966
2.1,1029.0,10.4,993.0,124.0,816.0,102.7893572474753,1728.0,969.0,23.0,44.4,1.2354
1.9,1064.0,9.4,956.0,108.0,812.0,104.0,1770.0,932.0,22.2,53.9,1.4237
1.4,986.0,6.9,853.0,61.0,865.0,81.0,1645.0,794.0,20.9,59.8,1.4659
0.8,872.0,4.0,709.0,34.0,1034.0,51.0,1522.0,599.0,21.3,58.1,1.457
0.6,812.0,2.6,626.0,24.0,1134.0,40.0,1471.0,625.0,20.3,58.9,1.3878
0.5,810.0,2.4,612.0,27.0,1163.0,34.0,1462.0,595.0,21.3,54.5,1.3682
1.0,936.0,6.8,849.0,70.0,882.0,61.0,1640.0,886.0,20.6,57.4,1.3753
2.7,1244.0,18.9,1265.0,176.0,640.0,95.0,2084.0,1257.0,21.3,56.9,1.4226
5.0,1440.0,30.2,1556.0,310.0,517.0,142.0,2530.0,1561.0,22.9,52.4,1.4442
3.3,1180.0,14.9,1145.0,221.0,713.0,128.0,1929.0,1191.0,24.1,46.5,1.3802
2.4,1126.0,12.2,1058.0,168.0,765.0,115.0,1879.0,1061.0,27.1,38.8,1.3705
1.7,1005.0,8.3,910.0,109.0,881.0,84.0,1670.0,751.0,28.4,34.4,1.314
1.7,1032.0,9.0,940.0,102.0,862.0,85.0,1703.0,733.0,30.1,30.9,1.2958
2.4,1087.0,13.7,1106.0,129.0,755.0,110.0,1839.0,906.0,32.7,25.8,1.2547
2.2,1090.0,14.1,1119.0,117.0,756.0,107.0,1811.0,902.0,32.4,25.7,1.2271
2.2,1072.0,12.0,1050.0,112.0,802.0,107.0,1748.0,836.0,33.6,24.4,1.2472
2.3,1101.0,12.2,1057.0,122.0,797.0,113.0,1772.0,863.0,33.0,26.0,1.2877
2.6,1111.0,13.1,1086.0,114.0,787.0,107.0,1802.0,824.0,33.2,23.7,1.1855
2.3,1048.0,12.6,1070.0,111.0,807.0,106.0,1737.0,842.0,31.3,25.4,1.1415
3.3,1197.0,18.3,1249.0,158.0,698.0,125.0,1986.0,1132.0,28.3,31.7,1.1968
3.5,1173.0,17.2,1217.0,188.06622461764948,695.0,139.0,1930.0,1175.0,26.5,35.0,1.1981
2.5,1075.0,12.9,1079.0,166.0,764.0,117.0,1798.0,1111.0,24.4,40.0,1.2079
2.5,1067.0,13.7,1106.0,143.0,745.0,107.0,1840.0,1125.0,23.3,43.4,1.2251
2.4,1060.0,13.4,1099.0,122.0,742.0,98.0,1838.0,1077.0,22.5,45.3,1.2226
2.5,1081.0,13.5,1099.0,113.0,749.0,97.0,1854.0,1087.0,21.8,47.8,1.2325
2.1,1017.0,9.9,975.0,109.0,822.0,95.0,1722.0,1014.0,20.9,51.0,1.2446
1.0,836.0,4.4,734.0,53.0,1035.0,68.0,1501.0,801.0,20.8,51.7,1.2572
0.5,798.0,3.4,677.0,35.0,1092.0,44.0,1473.0,696.0,20.2,53.8,1.2569
1.3,966.0,9.3,951.0,123.0,812.0,77.0,1735.0,996.0,18.3,60.8,1.2635
3.6,1277.0,23.4,1388.0,254.0,611.0,100.0,2241.0,1513.0,20.2,54.5,1.2777
4.610888812022902,1335.0,27.7,1496.0,300.0,562.0,125.0,2385.0,1598.0,21.9,49.9,1.2957
3.7,1297.0,22.1,1353.0,281.0,588.0,154.0,2128.0,1690.0,25.2,43.0,1.3548
1.9,1041.0,10.0,979.0,169.0,837.0,125.0,1705.0,1053.0,28.0,36.6,1.3603
1.7,1027.0,8.9,936.0,152.0,867.0,117.0,1696.0,931.0,27.1,38.3,1.3548
1.9,1037.0,9.8,969.0,127.0,841.0,105.0,1728.0,865.0,27.4,37.0,1.3319
1.8,1014.0,9.4,954.0,118.0,865.0,103.0,1697.0,818.0,29.4,32.9,1.3244
1.7,1007.0,9.8,971.0,120.0,866.0,106.0,1682.0,802.0,31.3,28.7,1.2885
1.8,998.0,9.5,958.0,125.0,881.0,107.0,1657.0,778.0,31.5,28.7,1.3058
1.7,1014.0,9.5,958.0,117.0,878.0,102.0,1684.0,767.0,30.9,30.3,1.3306
2.8,1157.0,15.4,1160.0,166.0,738.0,124.0,1936.0,1000.0,31.4,30.3,1.3689
3.6,1225.0,19.4,1281.0,180.0,683.0,133.0,2082.0,1143.0,30.7,31.4,1.3686
3.3,1131.0,16.5,1194.0,172.0,726.0,125.0,1907.0,1009.0,29.0,33.4,1.3169
2.9,1111.0,14.3,1126.0,160.0,754.0,124.0,1883.0,1076.0,27.3,37.5,1.342
1.7,976.0,8.2,909.0,103.0,878.0,97.0,1675.0,830.0,25.8,40.9,1.3389
1.7,1016.0,8.7,929.0,87.0,868.0,94.0,1724.0,853.0,25.2,43.0,1.358
2.8,1177.0,15.2,1156.0,147.0,684.0,120.0,1983.0,1310.0,24.6,45.8,1.394
1.8,1013.0,10.6,999.0,120.0,791.0,105.0,1751.0,1119.0,24.0,47.3,1.3914
1.0,886.0,6.0,813.0,63.0,936.0,81.0,1592.0,918.0,23.5,48.3,1.3777
0.5,791.0,3.1,658.0,30.0,1140.0,43.0,1467.0,609.0,24.0,45.8,1.3467
0.3,740.0,1.8,568.0,19.0,1259.0,32.0,1404.0,510.0,22.8,48.1,1.3184
0.4,775.0,2.6,628.0,27.0,1178.0,36.0,1437.0,554.0,21.9,50.1,1.3002
0.8,872.0,6.5,833.0,65.0,947.0,59.0,1598.0,760.0,20.4,54.1,1.28
2.2,1123.0,14.5,1134.0,169.0,711.0,92.0,1922.0,1170.0,20.8,52.6,1.2758
4.4,1306.0,28.8,1522.0,244.0,535.0,121.0,2450.0,1545.0,22.8,47.9,1.3156
3.7,1237.0,21.3,1332.0,274.0,605.0,126.14973348328918,2157.0,1508.0,25.2,42.9,1.3552
2.5,1143.0,14.9,1146.0,202.0,701.0,142.0,1917.0,1292.0,29.3,34.8,1.397
2.8803442700134867,1170.0,15.6,1168.0,186.0,703.0,141.0,1949.0,1287.0,33.3,27.8,1.4013
2.3,1116.0,14.3,1128.0,153.0,739.0,129.0,1856.0,1042.0,34.9,24.9,1.363
2.0,1054.0,12.6,1069.0,112.0,785.0,106.0,1766.0,817.0,36.1,22.7,1.3324
2.0,1083.0,13.4,1097.0,117.0,765.0,125.0,1810.0,847.0,37.6,21.1,1.3478
2.1,1078.0,12.6,1069.0,109.0,782.0,126.0,1780.0,806.0,37.3,21.9,1.3761
2.4,1104.0,14.8,1143.0,133.0,747.0,147.0,1840.0,896.0,37.2,21.6,1.3514
3.1,1170.0,18.6,1257.0,185.0,693.0,180.0,1956.0,1069.0,35.6,23.4,1.341
2.9,1091.0,16.7,1201.0,167.0,738.0,164.0,1834.0,945.0,33.1,24.3,1.2087
3.5,1216.0,20.8,1318.0,218.0,673.0,180.0,2043.0,1168.0,30.5,29.5,1.2635
2.9,1125.0,16.0,1179.0,171.0,719.0,153.0,1921.0,1065.0,28.7,35.8,1.3834
1.5,971.0,7.6,881.0,78.0,916.0,105.0,1635.0,672.0,26.6,42.2,1.4452
1.7,1062.0,10.2,984.0,84.0,816.0,98.0,1796.0,842.0,25.2,46.6,1.4733
2.2,1140.0,13.8,1109.0,110.0,714.0,107.0,1892.0,1123.0,24.7,47.7,1.4649
1.6,1038.0,10.4,992.0,87.0,802.0,87.0,1731.0,1007.0,24.4,47.4,1.4301
1.0,935.0,6.5,836.0,58.0,909.0,80.0,1604.0,855.0,23.3,49.9,1.4135
0.6,861.0,4.3,729.0,39.0,1043.0,62.0,1528.0,689.0,23.8,47.3,1.3783
0.6,850.0,3.9,703.0,38.0,1021.0,54.0,1511.0,658.0,21.2,55.0,1.3689
0.5,817.0,3.0,651.0,41.0,1109.0,56.0,1472.0,628.0,21.7,52.6,1.35
0.5,825.0,3.2,667.0,47.0,1079.0,62.0,1475.0,659.0,22.8,48.9,1.3424
0.9,921.0,5.6,792.0,72.0,943.0,72.0,1595.0,799.0,23.5,47.6,1.3611
1.4,1031.0,9.1,945.0,100.0,806.0,86.0,1697.0,964.0,24.6,44.9,1.3661
1.6,1092.0,9.7,967.0,104.0,801.0,99.0,1774.0,910.0,27.0,39.9,1.402
1.6,1095.0,8.6,923.0,109.0,843.0,98.0,1736.0,999.0,29.3,35.9,1.4411
1.7,1097.0,9.6,964.0,103.0,822.0,102.0,1743.0,853.0,31.2,32.4,1.4517
1.7,1101.0,9.8,972.0,75.0,819.0,84.0,1714.0,752.0,34.4,26.6,1.423
1.5,1060.0,10.3,991.0,72.0,833.0,83.0,1718.0,778.0,36.1,22.1,1.3004
0.3,732.0,1.5,544.0,15.0,1353.0,24.0,1367.0,466.0,18.9,55.2,1.1895
0.5,809.0,3.5,681.0,52.0,1108.0,43.0,1463.0,609.0,18.2,57.6,1.193
1.3,934.0,8.3,911.0,85.0,857.0,64.0,1639.0,863.0,18.6,56.0,1.1865
2.5,1132.0,17.3,1220.0,177.0,691.0,91.0,1910.0,1203.0,20.8,48.0,1.1702
3.8379053227734237,1221.0,23.3,1386.0,232.0,626.0,109.0,2138.0,1412.0,23.3,38.6,1.0919
2.5,1024.0,13.8,1111.0,201.0,770.0,110.0,1753.0,1069.0,25.1,32.4,1.017
1.8,938.0,10.2,987.0,134.0,862.0,111.0,1597.0,817.0,27.8,25.8,0.9473
1.5,869.0,7.9,897.0,104.0,965.0,106.0,1480.0,649.0,29.6,21.0,0.8548
1.5,846.0,8.8,930.0,89.0,947.0,104.0,1467.0,598.0,30.2,18.0,0.7613
1.1179156386443236,838.0,7.2,868.0,66.0,1005.0,76.0,1454.0,540.0,30.1,18.5,0.7747
1.4,875.0,8.3,912.0,85.0,978.0,84.0,1504.0,601.0,29.5,19.4,0.7872
1.6,907.0,9.6,961.0,105.0,920.0,102.0,1564.0,668.0,31.1,18.2,0.8079
1.6,889.0,9.0,939.0,99.0,920.0,102.0,1492.0,647.0,30.3,19.0,0.8103
2.2,969.0,12.4,1064.0,132.0,834.0,124.0,1645.0,816.0,30.1,19.3,0.8083
3.0,1051.0,15.3,1157.0,186.0,760.0,147.0,1787.0,963.0,28.6,22.3,0.859
3.0,1043.0,16.1,1181.0,174.0,736.0,138.0,1813.0,1010.0,26.1,28.3,0.9407
2.7,1043.0,14.1,1121.0,149.0,736.0,126.0,1793.0,967.0,24.5,35.7,1.0807
2.1,1007.0,11.4,1027.0,114.0,798.0,112.0,1737.0,904.0,23.1,41.5,1.1582
1.6,966.0,9.5,959.0,92.0,838.0,95.0,1686.0,852.0,21.8,46.3,1.1913
1.3,920.0,7.4,875.0,75.0,915.0,80.0,1594.0,744.0,20.9,48.9,1.1945
1.1,889.0,6.4,831.0,74.0,956.0,79.0,1570.0,760.0,20.5,49.9,1.1903
0.7,825.0,4.1,715.0,35.0,1062.0,49.0,1462.0,613.0,20.0,50.9,1.1794
0.4,758.0,1.9,580.0,22.0,1215.0,36.0,1374.0,531.0,22.1,44.3,1.1665
0.2,719.0,1.2,522.0,24.0,1385.0,40.0,1343.0,509.0,19.8,50.3,1.1444
0.3,757.0,2.2,596.0,30.0,1236.0,37.0,1381.0,560.0,19.0,52.8,1.1489
0.9,890.0,6.4,831.0,93.0,922.0,67.0,1594.0,826.0,17.8,56.5,1.1375
3.1,1181.0,18.5,1255.0,332.0,632.0,106.0,2002.0,1334.0,18.2,55.8,1.1529
5.0,1332.0,30.2,1556.0,387.0,523.0,134.0,2394.0,1660.0,20.6,47.7,1.1448
2.8,1128.0,14.2,1124.0,267.0,717.0,123.0,1832.0,1362.0,22.8,41.9,1.1496
2.8,1128.0,14.3,1126.0,269.0,725.0,136.0,1856.0,1316.0,27.1,31.7,1.1147
2.1,1064.0,12.6,1069.0,193.0,766.0,109.0,1766.0,1089.0,30.4,26.4,1.131
3.2087371307600803,1139.0,18.0,1240.0,239.0,702.0,144.0,1940.0,1129.0,31.1,26.2,1.1647
3.0,1121.0,17.1,1214.0,232.0,707.0,154.0,1912.0,1120.0,31.4,25.3,1.1444
2.1,1032.0,13.0,1083.0,152.0,776.0,126.0,1772.0,916.0,30.8,26.7,1.168
1.7,1040.0,11.2,1022.0,115.0,826.0,98.0,1747.0,812.0,31.8,25.6,1.1868
2.2,1076.0,13.6,1105.0,169.0,762.0,120.0,1782.0,959.0,33.5,22.9,1.1649
3.5,1177.0,20.5,1310.0,226.0,656.0,145.0,2011.0,1189.0,33.1,23.5,1.1673
3.6,1196.0,20.2,1303.0,218.0,654.0,139.0,2017.0,1199.0,31.7,25.9,1.1883
4.1,1204.0,23.1,1381.0,245.0,623.0,148.0,2085.0,1283.0,29.0,30.4,1.2013
4.0,1166.0,20.3,1304.0,236.0,646.0,139.0,2016.0,1291.0,27.4,33.6,1.2095
1.8,959.0,9.3,949.0,104.0,857.0,93.0,1640.0,949.0,25.2,36.4,1.1528
1.7,1004.0,10.5,997.0,104.0,813.0,96.0,1726.0,1018.0,24.0,39.6,1.1662
2.4,1050.0,13.6,1105.0,144.0,729.0,104.0,1807.0,1122.0,23.8,39.6,1.1558
1.2,965.0,8.0,900.0,79.0,864.0,83.0,1631.0,968.0,22.9,43.6,1.1974
0.8,849.0,4.6,744.0,51.0,1004.0,66.0,1496.0,806.0,22.8,43.9,1.202
0.5,809.0,3.2,666.0,38.0,1093.0,55.0,1455.0,714.0,21.8,47.3,1.2189
0.4,768.0,2.2,597.0,30.0,1155.0,40.0,1396.0,606.0,21.7,46.8,1.2031
1.0,917.0,6.7,842.0,73.0,934.0,51.0,1656.0,819.0,20.3,52.3,1.2367
3.8,1252.0,23.1,1380.0,305.0,579.0,117.0,2210.0,1462.0,20.5,52.3,1.245
3.2,1224.0,19.0,1268.0,295.0,605.0,110.0,2046.0,1478.0,21.7,49.6,1.2673
3.5,1277.0,20.1,1300.0,331.0,608.0,136.0,2090.0,1598.0,24.0,43.1,1.2677
3.2,1149.0,16.4,1192.0,304.0,672.0,152.0,1944.0,1449.0,28.5,31.7,1.2144
2.3,1091.0,13.0,1082.0,210.0,746.0,119.0,1790.0,1221.0,32.2,25.1,1.189
2.2,1053.0,13.1,1087.0,43.59120760986397,763.0,106.0,1762.0,1023.0,34.9,20.5,1.1279
2.1,1023.0,11.8,1042.0,132.0,796.0,101.0,1711.0,910.0,35.4,19.9,1.1222
1.9,1085.0,12.7,1075.0,126.0,767.0,110.0,1786.0,913.0,34.4,22.5,1.205
2.4,1116.0,14.1,1120.0,150.0,724.0,124.0,1854.0,1035.0,34.8,22.8,1.2488
2.5,1111.0,14.4,1131.0,171.0,735.0,137.0,1825.0,1085.0,34.3,22.4,1.1907
3.6,1210.0,20.7,1316.0,234.0,645.0,159.0,2030.0,1278.0,32.5,25.3,1.2165
3.9,1250.0,21.6,1339.0,251.0,616.0,152.0,2075.0,1383.0,31.3,27.3,1.2234
4.4,1297.0,24.2,1408.0,294.0,595.0,166.0,2134.0,1473.0,30.2,29.0,1.2224
4.8,1313.0,21.8,1345.0,300.0,603.0,163.0,2118.0,1507.0,28.5,33.3,1.2775
2.5,1146.0,13.0,1084.0,159.0,713.0,121.0,1829.0,1215.0,27.3,35.3,1.2606
2.8,1199.0,15.1,1152.0,176.0,685.0,125.0,1897.0,1242.0,26.1,37.8,1.2575
3.2,1274.0,16.6,1197.0,192.0,626.0,120.0,2023.0,1356.0,24.7,47.1,1.44
2.6,1243.0,12.7,1072.0,152.0,675.0,103.0,1978.0,1195.0,23.6,59.8,1.7193
1.5,1054.0,8.6,923.0,63.0,783.0,64.0,1793.0,899.0,23.3,60.5,1.706
1.0,962.0,5.3,778.0,35.0,929.0,44.0,1645.0,726.0,23.3,59.4,1.6753
0.6,871.0,2.8,639.0,21.0,1062.0,35.0,1528.0,684.0,23.7,53.5,1.546
0.6,877.0,3.1,658.0,41.0,1047.0,46.0,1530.0,779.0,21.2,60.9,1.5092
0.7,893.0,3.7,696.0,48.0,1008.0,54.0,1548.0,801.0,22.1,56.2,1.48
1.2,1030.0,6.9,851.0,102.0,824.0,68.0,1700.0,983.0,21.9,57.0,1.4742
1.5,1059.0,8.6,926.0,111.0,783.0,77.0,1750.0,989.0,24.7,45.9,1.4061
1.3,1020.0,7.1,860.0,93.0,864.0,74.0,1649.0,875.0,27.0,40.8,1.4286
1.6,1045.0,6.6,840.0,118.0,879.0,92.0,1656.0,807.0,29.1,37.4,1.4833
1.5,1029.0,7.2,866.0,93.0,874.0,83.0,1651.0,727.0,31.1,32.4,1.4351
1.2,959.0,5.0,763.0,56.0,976.0,58.0,1561.0,549.0,31.9,30.3,1.4125
1.1,975.0,5.7,798.0,51.0,939.0,55.0,1576.0,570.0,32.8,28.9,1.412
1.2,988.0,6.0,813.0,52.0,927.0,61.0,1596.0,596.0,33.4,27.8,1.4119
1.3,971.0,6.1,818.0,59.0,942.0,65.0,1565.0,585.0,35.3,23.7,1.3331
1.4,999.0,8.0,899.0,62.0,869.0,74.0,1629.0,637.0,35.8,22.4,1.2915
1.6,989.0,7.8,889.0,85.0,889.0,89.0,1602.0,664.0,35.3,20.8,1.1664
2.1,1075.0,11.1,1020.0,109.0,802.0,103.0,1732.0,797.0,33.3,23.9,1.2085
3.0,1190.0,15.9,1177.0,168.0,695.0,128.0,1934.0,1046.0,30.3,30.8,1.3044
2.8,1172.0,13.7,1108.0,166.0,706.0,122.0,1878.0,1058.0,28.3,34.5,1.3084
3.8,1256.0,21.6,1340.0,149.0,594.0,125.0,2176.0,1214.0,27.1,38.9,1.3758
3.2,1190.0,16.8,1203.0,118.0,658.0,119.0,1967.0,1056.0,25.4,43.2,1.3805
4.1,1249.0,20.5,1310.0,160.0,601.0,126.0,2114.0,1280.0,24.6,45.3,1.3767
2.6,1072.0,14.1,1120.0,124.0,711.0,100.0,1838.0,1045.0,23.7,46.0,1.3346
2.0,1035.0,10.9,1011.0,95.0,750.0,94.0,1752.0,1039.0,23.0,48.1,1.3322
0.9,839.0,3.6,690.0,34.0,1030.0,52.0,1457.0,640.0,24.8,43.4,1.3366
0.6,804.0,2.4,616.0,45.0,1144.0,64.0,1427.0,662.0,21.7,50.2,1.2917
0.6,811.0,3.0,651.0,35.0,1097.0,46.0,1442.0,579.0,21.9,50.7,1.3138
1.6,1028.0,8.9,934.0,141.0,818.0,88.0,1743.0,987.0,20.1,57.0,1.3216
2.6,1138.0,14.8,1141.0,199.0,671.0,113.43680613698123,1927.0,1197.0,21.5,51.8,1.3129
2.9,1203.0,16.2,1185.0,224.0,649.0,125.0,1968.0,1328.0,22.9,48.7,1.3416
2.8,1193.0,14.6,1136.0,245.0,667.0,151.0,1924.0,1370.0,25.7,41.0,1.3351
1.9,1049.0,8.0,898.0,153.0,858.0,113.0,1671.0,921.0,29.9,33.2,1.3793
1.9,1090.0,9.1,942.0,145.0,828.0,102.0,1713.0,876.0,32.9,28.0,1.3789
2.1,1070.0,10.0,976.0,130.0,808.0,108.0,1688.0,819.0,34.0,25.6,1.3363
1.9,1014.0,9.8,970.0,95.0,826.0,93.0,1684.0,763.0,34.7,22.6,1.2297
1.6,972.0,8.3,912.0,88.0,882.0,89.0,1596.0,675.0,35.5,20.3,1.1586
1.6,951.0,7.5,880.0,89.0,920.0,84.0,1539.0,637.0,35.9,18.8,1.0912
2.1,1033.0,11.7,1038.0,127.0,802.0,111.0,1690.0,826.0,36.2,18.6,1.0945
2.4,983.0,13.3,1094.0,149.0,817.0,115.0,1659.0,854.0,35.4,15.3,0.8613
2.8,973.0,14.4,1128.0,170.0,813.0,127.0,1642.0,894.0,32.9,15.5,0.7649
3.4,1083.0,17.9,1237.0,210.0,737.0,129.0,1786.0,1077.0,29.9,19.8,0.8211
3.4,1062.0,15.9,1176.0,230.0,763.0,140.0,1743.0,1121.0,28.1,22.4,0.8394
2.7,1011.0,14.2,1122.0,203.0,808.0,137.0,1680.0,1071.0,26.1,24.7,0.8233
2.6,1054.0,13.8,1110.0,174.0,765.0,130.0,1670.0,1167.0,25.0,28.7,0.8944
2.3,1013.0,11.7,1038.0,164.0,793.0,121.0,1598.0,1162.0,24.3,31.0,0.9268
1.2,870.0,6.2,823.0,76.0,975.0,79.0,1398.0,848.0,24.0,31.2,0.919
1.0,857.0,5.1,769.0,52.0,1006.0,69.0,1390.0,759.0,22.4,34.9,0.9362
0.9,835.0,4.5,739.0,47.0,1036.0,61.0,1382.0,694.0,21.2,37.6,0.9355
0.4,769.0,2.3,606.0,41.0,1171.0,58.0,1314.0,610.0,19.5,42.4,0.9515
0.9,891.0,5.5,790.0,74.0,960.0,70.0,1466.0,816.0,18.6,45.8,0.9723
1.8,1037.0,10.4,993.0,168.0,779.0,104.0,1680.0,1158.0,19.7,44.1,1.0039
2.2,1090.0,12.4,1065.0,176.0,728.0,109.0,1773.0,1228.0,21.9,39.4,1.0243
2.4,1117.0,14.0,1118.0,184.0,716.0,129.0,1791.0,1323.0,24.5,34.3,1.0407
2.3,1109.0,12.7,1074.0,187.0,761.0,144.0,1734.0,1274.0,30.0,25.6,1.0674
1.6,961.0,9.0,939.0,118.0,912.0,101.0,1508.0,846.0,34.5,18.9,1.0168
1.4,985.0,8.5,919.0,89.0,918.0,90.0,1540.0,737.0,36.3,17.5,1.0411
1.4,960.0,8.2,909.0,70.0,910.0,86.0,1523.0,675.0,37.7,16.0,1.0231
1.0,927.0,5.9,806.0,51.0,1013.0,69.0,1446.0,559.0,38.3,15.8,1.0465
1.0,958.0,5.6,795.0,52.0,1002.0,65.0,1481.0,604.0,38.4,17.5,1.1609
1.2,1019.0,6.7,842.0,70.0,935.0,73.0,1565.0,729.0,37.2,20.5,1.2813
1.3,1010.0,6.1,816.0,80.0,955.0,73.0,1567.0,741.0,34.0,26.4,1.3781
1.5,1030.0,6.7,844.0,90.0,917.0,78.0,1599.0,747.0,32.3,30.4,1.445
1.9,1100.0,9.2,946.0,111.0,827.0,98.0,1726.0,932.0,30.5,33.9,1.4564
1.8,1079.0,8.2,909.0,107.0,861.0,99.0,1686.0,928.0,29.2,37.8,1.5098
1.4,1036.0,7.0,859.0,73.0,900.0,83.0,1645.0,860.0,28.4,39.1,1.4881
1.7,1085.0,9.5,959.0,75.0,827.0,88.0,1747.0,963.0,27.7,40.6,1.4828
2.7,1214.0,15.1,1151.0,144.0,683.0,117.0,1938.0,1309.0,27.2,42.5,1.5069
2.1,1127.0,11.7,1041.0,120.0,728.0,97.0,1830.0,1266.0,26.5,44.8,1.528
1.4,1038.0,9.3,950.0,71.0,776.0,75.0,1750.0,1181.0,25.5,47.6,1.5318
1.0,948.0,6.4,829.0,40.0,873.0,53.0,1638.0,937.0,25.2,47.8,1.5076
0.8,869.0,4.2,723.0,34.0,975.0,45.0,1522.0,789.0,23.2,52.3,1.4668
0.5,809.0,2.6,628.0,27.0,1127.0,42.0,1490.0,682.0,24.0,50.3,1.4811
0.6,833.0,2.8,641.0,30.0,1088.0,44.0,1496.0,717.0,23.5,51.2,1.4634
0.6,857.0,3.1,661.0,40.0,1083.0,50.0,1511.0,696.0,23.5,50.8,1.452
1.0,966.0,6.2,820.0,56.0,913.0,60.0,1634.0,807.0,24.7,47.6,1.4597
1.6,1063.0,7.9,894.0,104.0,823.0,100.0,1688.0,1025.0,27.2,41.1,1.4611
1.9,1110.0,10.5,996.0,121.0,782.0,111.0,1771.0,1090.0,31.0,32.4,1.4294
1.7,1055.0,9.0,941.0,100.0,844.0,110.0,1648.0,932.0,35.2,24.8,1.3854
1.1,939.0,6.3,828.0,59.0,991.0,74.0,1486.0,639.0,37.8,18.5,1.1977
0.8,816.0,3.5,684.0,42.0,1195.0,56.0,1285.0,467.0,39.0,15.1,1.0424
0.7,841.0,4.0,712.0,38.0,1175.0,50.0,1339.0,476.0,41.3,12.8,0.9933
0.7,842.0,4.2,722.0,40.0,1163.0,54.0,1294.0,490.0,41.8,11.9,0.9476
1.2,990.0,6.9,852.0,70.0,967.0,90.0,1488.0,669.0,42.2,14.2,1.1609
1.6,1042.0,7.9,894.0,95.0,916.0,109.0,1537.0,800.0,41.4,15.5,1.2089
1.6,1089.0,7.9,893.0,90.0,879.0,110.0,1609.0,791.0,38.9,21.4,1.4605
1.7,1102.0,10.3,990.0,90.0,799.0,103.0,1685.0,849.0,34.3,26.0,1.3865
2.0,1095.0,10.5,996.0,111.0,799.0,120.0,1695.0,934.0,32.7,27.7,1.3439
2.3,1116.0,12.7,1075.0,135.0,761.0,134.0,1784.0,1081.0,30.5,30.4,1.3031
2.3800556275163163,1105.0,11.9,1046.0,146.0,777.0,137.0,1751.0,1102.0,29.0,33.6,1.3277
1.7,1018.0,9.3,950.0,100.0,830.0,99.0,1636.0,914.0,28.2,36.6,1.3781
1.2,991.0,7.9,896.0,69.0,857.0,78.0,1616.0,926.0,27.2,38.9,1.3821
1.0,923.0,5.0,765.0,47.0,952.0,63.0,1508.0,786.0,26.7,40.0,1.3754
0.6,874.0,3.4,679.0,26.0,1049.0,41.0,1444.0,619.0,26.0,41.2,1.3598
0.4,838.0,2.7,632.0,24.0,1079.0,39.0,1438.0,634.0,24.0,46.6,1.37
0.5,827.0,3.1,656.0,55.0,1075.0,60.0,1447.0,722.0,24.0,46.4,1.3689
0.7,901.0,5.0,763.0,47.0,984.0,54.0,1552.0,717.0,23.7,47.1,1.3602
3.7359088374202187,1291.0,20.7,1316.0,209.0,603.0,119.0,2172.0,1445.0,23.6,47.3,1.3634
5.310728357258585,1441.0,32.4,1606.0,348.0,503.0,159.0,2568.0,1786.0,25.5,43.1,1.3891
4.6,1363.0,24.2,1410.0,337.0,565.0,182.0,2199.0,1791.0,28.5,36.8,1.4128
3.3,1218.0,16.6,1198.0,280.0,671.0,133.18760316380528,1907.0,1413.0,32.6,28.0,1.3566
2.1,1132.0,13.2,1091.0,169.0,751.0,144.0,1795.0,1092.0,36.3,23.4,1.3902
1.9,1103.0,12.3,1060.0,126.0,770.0,118.0,1748.0,940.0,37.5,21.5,1.3673
1.9,1081.0,12.1,1053.0,108.0,770.0,106.0,1773.0,883.0,39.6,19.0,1.3447
1.6,1079.0,11.1,1018.0,93.0,793.0,97.0,1739.0,850.0,40.1,19.3,1.4013
2.0,1167.0,13.1,1087.0,112.0,741.0,129.0,1820.0,928.0,40.4,20.0,1.4854
2.1131614591627685,1148.0,11.6,1037.0,110.0,772.0,130.0,1720.0,835.0,39.9,20.1,1.4495
2.9,1221.0,17.7,1230.0,188.0,670.0,163.0,1905.0,1157.0,39.1,19.6,1.3542
3.4,1255.0,19.5,1283.0,203.0,640.0,160.0,2023.0,1232.0,37.0,21.9,1.3503
3.1,1245.0,19.7,1287.0,167.0,635.0,140.0,2067.0,1288.0,33.9,26.8,1.3899
2.5,1162.0,15.1,1151.0,116.0,687.0,115.0,1912.0,1143.0,31.9,30.6,1.4201
1.8,1079.0,11.1,1020.0,89.0,754.0,92.0,1760.0,1014.0,29.7,33.9,1.3874
1.8,1091.0,11.7,1038.0,103.0,744.0,99.0,1786.0,1088.0,28.6,36.8,1.416
2.0,1085.0,11.7,1039.0,100.0,745.0,96.0,1790.0,1092.0,27.8,38.7,1.4187
1.5,1050.0,9.7,966.0,86.0,780.0,80.0,1748.0,1090.0,27.8,40.0,1.4691
0.8,941.0,6.0,814.0,52.0,873.0,65.0,1592.0,979.0,27.5,41.3,1.4962
0.4,891.0,3.9,705.0,27.0,980.0,46.0,1534.0,806.0,27.3,41.6,1.4906
0.5,863.0,3.0,652.0,42.0,1055.0,54.0,1504.0,816.0,25.9,45.1,1.4889
0.7,956.0,5.4,784.0,57.0,928.0,62.0,1634.0,934.0,25.3,47.6,1.5108
3.4,1384.0,23.5,1391.0,228.0,552.0,102.0,2316.0,1548.0,24.7,49.5,1.5201
5.7,1502.0,33.5,1631.0,350.0,459.0,140.0,2622.0,1858.0,27.1,43.1,1.5224
3.2,1219.0,15.5,1163.0,232.0,642.0,121.0,1963.0,1410.0,28.3,39.8,1.5053
2.7,1237.0,15.3,1157.0,206.0,663.0,132.0,1968.0,1334.0,32.4,32.3,1.5484
2.1,1181.0,12.8,1078.0,159.0,706.0,122.0,1870.0,1140.0,35.4,27.8,1.5733
2.8,1251.0,15.2,1154.0,184.0,682.0,148.0,1955.0,1111.0,35.5,27.4,1.5635
2.5,1214.0,15.7,1170.0,136.0,681.0,133.0,1963.0,1054.0,37.8,24.4,1.5722
2.1,1166.0,12.3,1062.0,124.0,726.0,130.0,1825.0,924.0,37.2,25.5,1.5914
2.5,1226.0,15.3,1157.0,133.0,683.0,141.0,1912.0,1041.0,37.2,25.6,1.6014
2.7,1265.0,17.6,1229.0,156.0,636.0,172.0,2040.0,1282.0,38.0,25.0,1.6312
3.846357365102788,1317.0,21.5,1338.0,200.0,593.0,198.0,2132.0,1362.0,37.1,26.9,1.6635
3.7,1372.0,23.2,1382.0,202.0,568.0,181.0,2268.0,1441.0,36.9,27.8,1.7099
4.6,1443.0,25.6,1443.0,286.0,543.0,202.0,2332.0,1559.0,34.7,31.9,1.7325
2.6,1200.0,14.3,1126.0,141.0,664.0,120.0,1979.0,1198.0,31.9,38.4,1.7897
2.5,1216.0,14.4,1130.0,117.0,655.0,115.0,1994.0,1246.0,30.5,42.3,1.8173
2.3,1160.0,12.6,1070.0,110.0,687.0,112.0,1929.0,1192.0,29.3,45.8,1.8362
2.2,1194.0,13.7,1106.0,100.0,667.0,97.0,1985.0,1194.0,28.2,48.1,1.8144
2.5,1199.0,13.1,1087.0,112.0,658.0,100.0,1954.0,1252.0,27.3,51.0,1.8287
0.9,965.0,6.1,818.0,35.0,844.0,47.0,1681.0,777.0,26.8,52.4,1.8141
0.8,961.0,5.8,801.0,33.0,850.0,44.0,1683.0,798.0,26.0,54.9,1.8141
0.5,864.0,2.6,629.0,28.0,1052.0,42.0,1558.0,728.0,26.9,51.8,1.805
0.7,952.0,4.6,742.0,49.0,892.0,57.0,1656.0,953.0,24.6,59.1,1.8013
0.9,1009.0,7.4,875.0,81.0,797.0,61.0,1738.0,1060.0,26.4,53.1,1.7987
2.2,1225.0,15.2,1155.0,178.0,643.0,106.0,1992.0,1338.0,27.3,46.4,1.6542
2.8,1245.0,16.7,1202.0,223.0,628.0,136.0,2039.0,1622.0,28.4,40.4,1.5442
2.9,1265.0,17.0,1209.0,290.0,638.0,157.0,2015.0,1812.0,30.8,37.1,1.6169
2.9,1276.0,18.0,1241.0,274.0,642.0,171.0,2024.0,1784.0,34.2,30.7,1.6252
3.0,1232.0,16.1,1183.0,278.0,675.0,190.0,1920.0,1509.0,37.0,26.5,1.6352
2.5,1193.0,13.4,1097.0,152.0,698.0,155.0,1832.0,1139.0,36.6,27.8,1.676
2.3,1162.0,14.0,1117.0,118.0,700.0,139.0,1857.0,1044.0,36.9,26.9,1.6477
2.1,1126.0,13.4,1097.0,141.0,723.0,152.0,1810.0,1015.0,39.3,22.2,1.552
1.9,1089.0,10.4,993.0,131.0,801.0,143.0,1675.0,825.0,38.5,22.4,1.5018
2.3,1134.0,12.7,1073.0,171.0,747.0,168.0,1765.0,1022.0,39.7,20.4,1.4594
4.2,1388.0,24.5,1418.0,287.0,568.0,226.0,2250.0,1913.0,38.8,24.2,1.6433
4.9,1506.0,27.8,1499.0,267.0,506.0,207.0,2485.0,2043.0,33.5,38.0,1.939
4.151767424177645,1352.0,23.3,1385.0,280.0,563.0,197.0,2205.0,1661.0,34.0,32.9,1.7251
3.5,1217.0,17.6,1227.0,224.0,641.0,158.0,2040.0,1404.0,31.9,33.7,1.5663
2.5,1149.0,14.5,1132.0,137.0,688.0,124.0,1936.0,1233.0,30.2,37.6,1.587
2.5,1156.0,14.4,1129.0,118.0,688.0,110.0,1941.0,1181.0,28.9,41.0,1.6096
2.6,1180.0,14.2,1122.0,128.0,678.0,112.0,1921.0,1272.0,27.8,45.2,1.6604
2.3,1109.0,12.9,1080.0,111.0,696.0,102.0,1874.0,1190.0,27.1,47.4,1.6701
1.5,1032.0,9.9,974.0,66.0,763.0,77.0,1800.0,982.0,26.2,49.4,1.6555
0.9,893.0,5.1,767.0,36.0,918.0,50.0,1607.0,805.0,26.9,49.3,1.7196
0.6,850.0,3.2,664.0,31.0,1038.0,40.0,1568.0,727.0,24.9,54.6,1.6908
0.8,938.0,5.4,782.0,75.0,879.0,66.0,1685.0,1001.0,23.4,58.6,1.6651
0.9,948.0,6.4,828.0,66.0,858.0,60.0,1711.0,994.0,24.4,55.2,1.6604
2.4,1225.0,17.1,1214.0,154.0,625.0,85.0,2090.0,1322.0,25.1,54.3,1.7057
3.9,1380.0,22.3,1359.0,239.0,538.0,120.0,2337.0,1617.0,26.6,51.2,1.7565
2.9,1276.0,14.6,1138.0,246.0,628.0,134.0,2021.0,1430.0,28.2,47.1,1.7752
2.7,1246.0,13.3,1093.0,261.0,667.0,149.0,1942.0,1357.0,31.6,39.4,1.7969
2.0,1141.0,10.5,996.0,179.0,767.0,125.0,1805.0,994.0,34.2,31.8,1.6837
2.4,1199.0,14.2,1124.0,159.0,680.0,132.0,1940.0,1054.0,36.6,27.1,1.6352
2.0,1156.0,12.2,1056.0,111.0,710.0,114.0,1842.0,945.0,37.6,26.9,1.715
1.8,1158.0,10.1,983.0,101.0,751.0,110.0,1803.0,808.0,38.1,26.3,1.7213
1.9,1163.0,11.7,1039.0,118.0,723.0,121.0,1814.0,888.0,37.8,26.9,1.7392
1.8,1078.0,10.9,1009.0,120.0,767.0,127.0,1730.0,787.0,37.8,22.7,1.4653
2.9,1244.0,17.3,1219.0,177.0,651.0,157.0,1949.0,1077.0,36.9,24.7,1.5134
3.3,1236.0,18.0,1239.0,186.0,637.0,169.0,1986.0,1106.0,34.5,28.5,1.531
4.4,1364.0,22.9,1376.0,235.0,580.0,179.0,2168.0,1356.0,32.5,30.9,1.4875
3.4,1193.0,16.5,1196.0,195.0,675.0,149.0,1888.0,1152.0,30.9,30.4,1.338
1.9,1078.0,10.2,985.0,106.0,778.0,111.0,1697.0,925.0,28.7,34.7,1.3457
2.1,1140.0,11.6,1035.0,107.0,726.0,112.0,1779.0,1059.0,27.7,39.3,1.4372
2.5,1239.0,14.3,1127.0,134.0,648.0,120.0,1930.0,1201.0,26.8,45.1,1.5645
2.3,1171.0,13.3,1093.0,117.0,669.0,105.0,1862.0,1205.0,26.1,45.3,1.5115
1.7,1065.0,10.0,977.0,83.0,736.0,90.0,1733.0,1103.0,25.9,46.1,1.5174
1.5,1024.0,7.6,882.0,77.0,791.0,87.0,1662.0,1072.0,25.3,47.6,1.513
0.5,887.0,2.9,647.0,50.0,1046.0,61.0,1500.0,740.0,25.1,48.0,1.5115
1.1251566251317753,993.0,5.6,795.0,60.0,888.0,63.0,1629.0,770.0,24.8,50.6,1.5654
2.6,1299.0,17.5,1225.0,179.0,620.0,102.0,2077.0,1327.0,25.7,49.7,1.615
4.9,1529.0,29.0,1526.0,300.0,476.0,149.0,2559.0,1763.0,27.4,45.5,1.6396
2.9,1320.0,17.0,1210.0,263.0,595.0,147.0,2052.0,1477.0,29.3,40.0,1.6082
2.8,1226.0,15.6,1168.0,265.0,650.0,158.0,1952.0,1311.0,33.6,28.7,1.4693
1.8,1105.0,10.1,980.0,164.0,777.0,112.0,1745.0,980.0,34.6,27.7,1.4991
1.8,1160.0,11.7,1040.0,122.0,720.0,108.0,1810.0,961.0,35.6,27.2,1.5557
1.9,1125.0,12.0,1051.0,125.0,730.0,120.0,1771.0,923.0,36.9,23.3,1.4313
1.7,1099.0,11.0,1015.0,125.0,763.0,117.0,1732.0,839.0,38.8,20.7,1.4036
1.7,1124.0,11.2,1021.0,115.0,745.0,119.0,1735.0,827.0,38.1,22.6,1.4868
1.9,1105.0,10.5,995.0,162.0,778.0,149.0,1681.0,821.0,37.1,23.0,1.4229
2.1,1035.0,11.8,1043.0,149.0,804.0,174.0,1647.0,749.0,34.8,19.3,1.0543
2.4,1065.0,13.8,1110.0,161.0,757.0,163.0,1691.0,871.0,33.6,20.7,1.059
3.0,1051.0,17.3,1220.0,201.0,739.0,161.0,1729.0,1077.0,31.4,18.5,0.8376
2.8,1073.0,14.2,1124.0,209.0,752.0,154.0,1688.0,1175.0,29.5,23.8,0.9623
1.9,1008.0,10.7,1004.0,133.0,817.0,124.0,1588.0,1125.0,27.4,27.1,0.9736
2.1,1090.0,12.7,1073.0,133.0,745.0,122.0,1693.0,1124.0,26.1,31.1,1.0338
1.8,1048.0,10.1,983.0,134.0,780.0,119.0,1643.0,1064.0,25.5,34.0,1.0935
2.5,1131.0,13.1,1087.0,164.0,705.0,131.0,1738.0,1240.0,24.0,37.8,1.1125
1.1,953.0,7.4,874.0,72.0,854.0,84.0,1528.0,899.0,24.2,37.3,1.1118
0.7,897.0,4.6,745.0,50.0,968.0,77.0,1461.0,807.0,23.4,40.6,1.1571
0.4,828.0,2.8,639.0,27.0,1077.0,41.0,1371.0,573.0,22.6,43.0,1.1629
0.7,892.0,4.5,739.0,74.0,964.0,68.0,1479.0,768.0,20.2,50.7,1.1844
0.7,914.0,5.9,809.0,69.0,912.0,69.0,1530.0,807.0,20.5,49.3,1.176
1.8,1096.0,11.1,1017.0,162.0,722.0,101.0,1743.0,1204.0,21.4,48.0,1.2086
2.3,1173.0,14.4,1130.0,208.0,648.0,120.0,1885.0,1401.0,23.2,43.9,1.2344
1.9,1125.0,11.1,1016.0,168.0,712.0,124.0,1725.0,1256.0,25.3,40.7,1.2921
1.7,1079.0,9.9,976.0,139.0,781.0,113.0,1669.0,999.0,29.9,31.1,1.2883
1.3,974.0,8.8,930.0,104.0,872.0,97.0,1536.0,712.0,33.9,21.3,1.1067
1.5,977.0,9.9,973.0,99.0,865.0,94.0,1550.0,712.0,36.3,16.0,0.9465
1.3,912.0,7.4,873.0,89.0,946.0,86.0,1436.0,614.0,36.6,15.2,0.9177
0.8,896.0,6.1,817.0,57.0,992.0,70.0,1426.0,554.0,37.4,15.8,0.9998
0.8,896.0,6.2,822.0,64.0,1002.0,70.0,1391.0,722.0,37.9,15.0,0.9721
1.1,956.0,7.1,862.0,65.0,930.0,82.0,1479.0,636.0,38.0,16.8,1.0933
1.2,970.0,8.0,900.0,79.0,909.0,93.0,1524.0,664.0,36.9,17.5,1.0789
1.2,929.0,7.3,869.0,80.0,942.0,89.0,1454.0,624.0,35.3,17.0,0.9561
1.4,947.0,8.7,926.0,81.0,905.0,90.0,1484.0,659.0,31.9,20.4,0.9462
1.1,1003.0,7.5,880.0,59.0,864.0,67.0,1537.0,695.0,29.1,29.6,1.1792
1.5,1045.0,9.0,940.0,90.0,822.0,94.0,1658.0,920.0,27.4,33.4,1.2022
2.0,1125.0,11.6,1035.0,122.0,728.0,109.0,1726.0,1150.0,26.7,35.8,1.2318
1.9,1138.0,10.2,985.0,120.0,742.0,103.0,1710.0,1141.0,25.2,42.7,1.3473
2.2,1217.0,12.3,1060.0,126.0,660.0,101.0,1840.0,1227.0,24.0,51.9,1.5252
1.1,983.0,6.4,831.0,68.0,847.0,71.0,1585.0,887.0,24.5,44.4,1.3476
1.1,1007.0,7.2,864.0,65.0,816.0,71.0,1639.0,987.0,22.6,51.0,1.3805
0.6,914.0,4.3,725.0,38.0,949.0,49.0,1550.0,780.0,21.2,56.8,1.4094
0.6,886.0,3.8,702.0,31.0,971.0,43.0,1528.0,767.0,20.3,59.6,1.3994
0.6,899.0,4.0,708.0,40.0,972.0,44.0,1559.0,780.0,21.3,56.7,1.4178
0.6,942.0,4.2,723.0,36.0,968.0,42.0,1573.0,698.0,23.0,54.6,1.5177
1.1,1022.0,6.1,817.0,64.0,835.0,69.0,1669.0,821.0,23.7,54.3,1.5731
1.0,1009.0,6.0,810.0,56.0,859.0,65.0,1634.0,772.0,25.4,49.3,1.5732
1.0,1025.0,5.9,809.0,56.0,877.0,68.0,1606.0,690.0,29.6,37.7,1.544
1.0,977.0,5.4,783.0,43.0,939.0,58.0,1543.0,586.0,33.9,26.2,1.3664
0.8,936.0,4.9,757.0,40.0,1007.0,52.0,1459.0,523.0,35.8,22.4,1.2933
0.7,884.0,3.9,703.0,34.0,1076.0,46.0,1394.0,488.0,37.9,18.8,1.222
0.4,809.0,3.2,664.0,28.0,1185.0,40.0,1270.0,427.0,38.5,14.8,0.9942
0.5,852.0,4.1,718.0,32.0,1109.0,47.0,1307.0,468.0,39.3,14.5,1.0149
0.6,872.0,4.0,708.0,39.0,1106.0,56.0,1331.0,489.0,38.9,15.6,1.0613
0.7,839.0,4.8,752.0,52.0,1102.0,64.0,1298.0,515.0,37.9,12.7,0.8211
0.9,854.0,5.5,788.0,60.0,1064.0,71.0,1310.0,562.0,35.8,13.4,0.7749
1.6,971.0,9.1,942.0,104.0,900.0,103.0,1541.0,776.0,32.3,19.7,0.9345
1.6,985.0,9.1,944.0,102.0,866.0,118.74759993573073,1541.0,833.0,30.1,23.5,0.9869
1.7,1027.0,10.1,981.0,120.0,817.0,108.0,1631.0,1023.0,28.2,28.7,1.0806
1.3,1012.0,7.4,876.0,89.0,853.0,87.0,1580.0,967.0,26.0,35.7,1.1842
1.9,1086.0,9.9,973.0,121.0,766.0,104.0,1656.0,1089.0,25.3,39.2,1.2452
1.5,1025.0,9.0,939.0,107.0,790.0,93.0,1635.0,1103.0,24.7,38.7,1.1845
0.6,848.0,3.7,692.0,41.0,1034.0,55.0,1412.0,734.0,25.5,35.7,1.1499
0.4,839.0,3.0,652.0,34.0,1075.0,49.0,1405.0,671.0,22.5,43.2,1.1589
0.4,799.0,2.4,613.0,38.0,1120.0,43.0,1387.0,641.0,21.6,45.7,1.1665
0.7,879.0,5.6,792.0,59.0,906.0,57.0,1521.0,825.0,21.1,47.3,1.1654
2.0,1104.0,14.3,1125.0,165.0,697.0,80.0,1815.0,1179.0,21.6,44.1,1.1269
3.9,1344.0,27.7,1496.0,287.0,519.0,134.0,2311.0,1651.0,23.7,37.9,1.0988
3.6,1226.0,19.1,1272.0,317.0,632.0,157.0,1901.0,1474.0,26.0,30.1,0.9953
3.2,1157.0,15.9,1176.0,330.0,691.0,154.36711895473226,1779.0,1370.0,30.6,23.2,1.001
2.2,1059.0,12.3,1060.0,204.0,798.0,147.0,1638.0,1141.0,34.1,19.1,1.0048
2.2,1076.0,12.2,1057.0,189.0,778.0,140.0,1633.0,1076.0,36.2,18.0,1.0636
2.1,1066.0,11.7,1041.0,165.0,783.0,137.0,1641.0,1036.0,37.4,17.3,1.0914
1.8,1049.0,10.4,994.0,139.0,813.0,127.9519375290843,1580.0,881.0,39.5,15.6,1.102
2.0,1097.0,12.7,1074.0,156.0,776.0,138.0,1671.0,960.0,40.4,14.9,1.1033
1.8,1087.0,11.1,1018.0,130.0,791.0,132.0,1624.0,883.0,40.1,16.1,1.1699
3.0,1269.0,19.0,1269.0,173.0,633.0,174.0,1942.0,1221.0,39.3,18.9,1.3251
4.3,1328.0,24.1,1405.0,302.0,584.0,203.0,2072.0,1518.0,37.3,19.9,1.2437
3.5,1200.0,19.1,1270.0,239.0,654.0,176.0,1906.0,1264.0,33.6,22.9,1.1747
2.5,1098.0,13.6,1105.0,139.0,732.0,125.0,1768.0,1061.0,30.7,28.9,1.2501
1.8,1058.0,10.7,1004.0,92.0,776.0,98.0,1684.0,947.0,28.8,32.8,1.2776
1.9,1081.0,11.3,1025.0,104.0,738.0,103.0,1757.0,1059.0,27.3,36.8,1.3207
1.8910695036087615,1062.0,9.6,962.0,108.0,776.0,104.0,1674.0,1030.0,26.2,39.7,1.3249
1.9,1078.0,9.8,971.0,107.0,752.0,105.0,1694.0,1065.0,25.4,43.0,1.37
0.9,917.0,4.9,761.0,55.0,931.0,75.0,1497.0,893.0,25.8,41.0,1.3461
0.7,881.0,4.1,718.0,43.0,965.0,60.0,1510.0,837.0,23.3,48.4,1.3677
0.4,829.0,2.2,602.0,23.0,1123.0,36.0,1410.0,596.0,23.5,46.7,1.3361
0.7,913.0,4.6,743.0,65.0,931.0,66.0,1540.0,884.0,21.8,52.3,1.3539
1.6,1077.0,10.2,985.0,165.0,742.0,97.0,1780.0,1170.0,21.8,52.5,1.3529
3.8,1337.0,23.3,1386.0,274.0,565.0,115.0,2196.0,1596.0,22.9,49.1,1.3546
5.1,1467.0,31.0,1575.0,369.0,472.0,145.0,2460.0,1873.0,24.9,43.3,1.3422
3.4,1257.0,17.6,1227.0,308.0,611.0,162.0,1954.0,1608.0,26.7,39.4,1.3556
2.6,1227.0,14.3,1125.0,227.0,675.0,147.0,1835.0,1470.0,30.5,32.9,1.4135
2.5424851363935006,1188.0,13.7,1108.0,178.0,693.0,132.0,1818.0,1275.0,34.2,27.2,1.4404
3.4,1301.0,19.3,1276.0,267.0,631.0,179.0,1953.0,1407.0,38.2,20.9,1.3701
3.4,1201.0,19.3,1278.0,278.0,657.0,174.0,1892.0,1302.0,39.6,16.9,1.2028
1.8,1058.0,11.3,1026.0,165.0,794.0,132.0,1622.0,931.0,39.9,15.8,1.141
2.0,1037.0,12.7,1075.0,172.0,789.0,151.0,1604.0,917.0,40.2,13.9,1.02
2.4,1055.0,15.3,1157.0,216.0,762.0,168.0,1674.0,985.0,39.6,13.2,0.9332
3.6192424046500373,1179.0,22.5,1364.0,306.0,661.0,192.0,1845.0,1265.0,39.5,12.6,0.8894
4.4,1298.0,25.0,1430.0,317.0,632.0,194.0,1946.0,2475.0,37.9,13.9,0.9015
3.9,1213.0,21.1,1327.0,251.0,654.0,155.0,1864.0,2021.0,34.2,17.9,0.9444
4.0,1233.0,23.8,1398.0,230.0,613.0,159.0,1975.0,1834.0,32.6,20.6,0.9939
2.5,1086.0,14.9,1145.0,154.0,737.0,125.0,1717.0,1426.0,30.4,23.2,0.9889
2.1,1056.0,12.8,1078.0,137.0,765.0,108.0,1668.0,1272.0,28.8,25.1,0.9793
2.4,1138.0,14.3,1128.0,133.0,681.0,110.0,1737.0,1490.0,27.8,29.9,1.1018
2.1,1112.0,14.3,1128.0,117.0,675.0,99.0,1771.0,1440.0,26.9,32.6,1.1381
1.6,992.0,9.2,948.0,106.0,773.0,95.0,1609.0,1271.0,26.3,33.7,1.1377
0.8,895.0,5.1,767.0,55.0,931.0,69.0,1463.0,985.0,25.7,33.9,1.1065
0.4,828.0,2.6,626.0,27.0,1073.0,45.0,1362.0,754.0,25.5,34.6,1.1096
0.5,894.0,4.0,709.0,46.0,997.0,53.0,1432.0,853.0,24.0,37.8,1.1077
1.3,1072.0,9.9,976.0,144.0,740.0,88.0,1673.0,1340.0,23.9,39.3,1.1522
4.1,1425.0,27.3,1486.0,392.0,512.0,136.0,2305.0,1869.0,24.8,38.4,1.1808
4.1,1428.0,27.9,1500.0,358.0,496.0,141.0,2275.0,2021.0,26.9,34.4,1.2036
4.0,1359.0,24.5,1415.0,381.0,572.0,154.40637736826798,2081.0,1902.0,29.6,28.7,1.1706
2.2,1182.0,14.2,1122.0,261.0,730.0,166.0,1707.0,1527.0,34.6,21.1,1.1398
2.0,1117.0,11.9,1045.0,207.0,761.0,154.0,1623.0,1260.0,38.3,17.0,1.1216
2.0,1119.0,13.1,1088.0,155.0,741.0,149.0,1640.0,1124.0,40.4,14.5,1.0736
2.2,1068.0,15.1,1152.0,193.0,739.0,142.0,1683.0,1309.0,42.6,9.6,0.8012
2.2,1090.0,14.1,1120.0,195.0,743.0,130.0,1629.0,1283.0,42.5,10.2,0.8478
1.8,1056.0,11.3,1024.0,159.0,792.0,121.0,1555.0,1068.0,41.0,11.6,0.8872
1.8,1098.0,10.8,1007.0,120.0,799.0,116.0,1546.0,937.0,41.3,13.0,1.0154
3.3,1318.0,21.5,1339.0,228.0,635.0,177.0,1925.0,1416.0,39.2,14.5,1.0106
4.3,1348.0,21.8,1347.0,348.0,599.0,164.34370781839058,1903.0,1611.0,36.9,17.9,1.096
5.3,1502.0,29.8,1546.0,337.0,538.0,223.0,2199.0,1919.0,35.6,20.4,1.1646
4.3,1373.0,22.5,1364.0,282.0,597.0,184.0,2005.0,1745.0,33.7,22.6,1.1658
3.6,1397.0,21.8,1346.0,228.0,580.0,165.0,2017.0,1837.0,31.5,27.8,1.2671
2.4,1286.0,17.1,1214.0,168.0,620.0,132.0,1880.0,1759.0,31.1,29.3,1.3055
2.1,1222.0,15.4,1161.0,173.0,661.0,122.0,1827.0,1593.0,30.2,30.9,1.3026
1.2,1069.0,10.2,983.0,87.0,749.0,88.0,1627.0,1357.0,29.8,30.2,1.2502
0.9,1011.0,7.2,864.0,65.0,809.0,79.0,1532.0,1231.0,28.4,32.5,1.2361
0.6,962.0,5.8,803.0,43.0,853.0,60.0,1507.0,1066.0,27.5,34.0,1.231
0.6,986.0,5.4,784.0,66.0,839.0,74.0,1503.0,1204.0,25.6,38.8,1.2545
0.6,990.0,6.2,821.0,57.0,848.0,62.0,1511.0,1079.0,27.5,34.6,1.2518
2.2,1296.0,16.9,1208.0,231.0,603.0,115.0,1914.0,1593.0,25.9,37.4,1.2289
3.2,1371.0,23.2,1384.0,219.0,545.0,119.0,2082.0,1745.0,28.5,32.5,1.2441
3.0,1385.0,18.0,1240.0,288.0,596.0,155.0,1919.0,1847.0,29.5,32.7,1.3229
2.7,1381.0,17.6,1227.0,312.0,595.0,162.0,1903.0,1845.0,29.8,33.1,1.3693
3.2,1396.0,20.3,1306.0,361.0,587.0,189.0,1934.0,1886.0,33.4,26.8,1.3586
1.4,1070.0,10.6,1000.0,147.0,801.0,115.0,1538.0,1039.0,40.3,15.8,1.1604
1.3,1076.0,9.9,972.0,111.0,819.0,109.0,1525.0,923.0,41.8,15.0,1.1989
1.4,1126.0,10.7,1004.0,98.0,788.0,108.0,1609.0,926.0,41.1,15.7,1.2071
2.1,1225.0,16.5,1196.0,156.0,673.0,145.0,1775.0,1277.0,41.9,14.8,1.1944
2.4,1202.0,16.9,1206.0,213.0,671.0,167.0,1807.0,1301.0,40.9,14.6,1.114
3.1,1308.0,20.5,1310.0,330.71935924433893,628.0,200.0,1891.0,1385.0,39.1,16.9,1.1705
3.5,1440.0,19.4,1281.0,253.0,580.0,178.0,2021.0,1474.0,36.4,27.3,1.6308
5.1,1611.0,30.0,1552.0,451.8869189474633,487.0,206.0,2371.0,1948.0,34.9,29.3,1.611
4.5,1387.0,24.6,1419.0,394.68457427874813,559.0,192.0,2113.0,1677.0,33.6,26.4,1.3515
2.9,1268.0,16.9,1206.0,201.0,648.0,137.0,1900.0,1434.0,32.2,27.6,1.3044
2.6,1237.0,15.8,1175.0,173.0,660.0,128.0,1834.0,1424.0,30.5,29.7,1.2742
2.7,1302.0,16.6,1198.0,156.0,628.0,121.0,1934.0,1504.0,29.4,35.6,1.4383
3.2,1347.0,19.5,1282.0,190.0,575.0,136.0,1996.0,1661.0,29.1,34.8,1.38
2.3,1355.0,16.6,1198.0,129.0,564.0,109.0,1905.0,1714.0,27.7,41.9,1.537
1.0,1023.0,6.2,822.0,65.0,823.0,74.0,1585.0,1050.0,27.9,41.6,1.5425
0.4,876.0,2.3,605.0,29.0,1144.0,40.0,1432.0,456.0,27.4,42.2,1.5177
0.6,932.0,3.9,707.0,58.0,1011.0,61.0,1509.0,554.0,26.6,42.8,1.4713
1.0,1020.0,7.2,866.0,92.0,847.0,83.0,1636.0,744.0,26.9,40.3,1.4041
2.9,1264.0,18.1,1241.0,183.46950113238265,609.0,129.0,1989.0,1280.0,27.0,37.3,1.3081
1.8,1079.0,9.7,966.0,154.0,785.0,115.0,1640.0,927.0,27.4,32.0,1.1545
1.8,1036.0,9.4,955.0,166.0,829.0,130.0,1527.0,840.0,30.5,24.7,1.0592
1.7,1002.0,9.6,964.0,149.0,828.0,137.0,1546.0,786.0,32.9,20.1,0.9902
1.5,995.0,9.5,959.0,111.0,856.0,116.0,1544.0,690.0,33.9,18.4,0.9587
1.7,1008.0,9.6,962.0,145.0,845.0,129.0,1545.0,742.0,34.4,19.3,1.0325
1.3,978.0,9.6,962.0,105.0,846.0,117.0,1527.0,680.0,34.2,19.6,1.0399
1.5,989.0,10.3,990.0,113.0,822.0,138.0,1577.0,705.0,33.2,20.4,1.0195
1.5,961.0,10.2,985.0,115.0,845.0,139.0,1554.0,677.0,32.4,19.1,0.915
2.3,1009.0,14.0,1116.0,202.0,779.0,180.0,1602.0,877.0,32.2,17.1,0.8124
2.2,970.0,14.0,1117.0,180.0,786.0,162.0,1579.0,844.0,31.0,17.1,0.7526
2.8,1097.0,16.6,1199.0,190.0,699.0,158.0,1738.0,1006.0,28.3,24.9,0.9412
2.7,1065.0,13.6,1105.0,207.0,723.0,162.0,1672.0,987.0,26.6,30.2,1.033
1.7,1036.0,10.2,986.0,113.0,776.0,112.0,1614.0,868.0,24.8,36.8,1.1357
1.5,1049.0,9.5,958.0,98.0,794.0,104.0,1648.0,861.0,23.7,43.4,1.2495
2.3,1147.0,11.8,1043.0,152.0,727.0,125.0,1719.0,1042.0,23.0,46.2,1.2815
2.3,1118.0,13.0,1082.0,161.0,694.0,127.0,1792.0,1080.0,22.7,47.7,1.2977
1.5,1016.0,9.6,963.0,91.0,776.0,95.0,1661.0,811.0,22.2,49.5,1.3081
1.0,940.0,6.7,845.0,57.0,845.0,70.0,1539.0,704.0,21.6,51.9,1.3254
0.3,831.0,2.6,626.0,22.0,1126.0,33.0,1406.0,484.0,22.4,49.7,1.3333
0.4,877.0,4.0,711.0,41.0,1018.0,45.0,1475.0,580.0,21.7,52.0,1.3313
0.5,872.0,4.3,725.0,53.0,976.0,56.0,1471.0,668.0,21.1,53.2,1.3181
0.9,958.0,5.9,805.0,92.0,886.0,74.0,1551.0,835.0,22.0,51.0,1.3296
1.1,959.0,6.8,848.0,91.0,859.0,84.0,1572.0,739.0,25.0,41.6,1.301
1.4,997.0,8.8,933.0,89.0,799.0,93.0,1612.0,763.0,26.7,36.4,1.2596
1.1,916.0,6.7,843.0,81.0,891.0,97.0,1511.0,614.0,29.1,29.7,1.1751
0.9,895.0,6.4,831.0,66.0,946.0,83.0,1473.0,566.0,31.2,23.4,1.0487
0.8,855.0,6.0,812.0,53.0,982.0,71.0,1416.0,508.0,32.4,20.5,0.9806
0.8,861.0,6.0,811.0,61.0,997.0,78.0,1409.0,509.0,33.3,19.2,0.9634
0.6,821.0,5.0,766.0,48.0,1071.0,62.0,1323.0,457.0,33.1,16.8,0.8391
0.6,835.0,4.4,731.0,39.0,1108.0,54.0,1323.0,438.0,33.1,18.3,0.9081
0.5,813.0,4.4,732.0,41.0,1118.0,59.0,1303.0,427.0,32.4,18.0,0.8599
0.7,833.0,5.5,786.0,48.0,1064.0,69.0,1328.0,453.0,31.8,18.7,0.8624
0.8,859.0,5.8,803.0,50.0,1032.0,67.0,1363.0,479.0,30.3,21.4,0.9064
0.9,887.0,5.3,778.0,51.0,978.0,58.0,1387.0,500.0,27.2,28.2,1.0013
1.3,970.0,8.0,900.0,70.0,856.0,77.0,1559.0,647.0,26.1,33.7,1.1228
1.3,990.0,7.2,866.0,89.0,866.0,94.0,1551.0,728.0,24.7,38.8,1.1929
1.4,1022.0,8.0,899.0,100.0,846.0,97.0,1588.0,820.0,23.4,43.2,1.229
1.9,1075.0,10.4,993.0,139.0,781.0,110.0,1682.0,946.0,23.1,44.2,1.2317
2.3,1088.0,11.6,1035.0,176.0,751.0,116.0,1713.0,1018.0,22.7,45.3,1.2299
1.0,925.0,6.4,831.0,71.0,880.0,74.0,1513.0,789.0,21.6,47.5,1.2118
0.5,853.0,4.1,716.0,37.0,994.0,51.0,1423.0,647.0,22.0,45.8,1.1965
0.4,796.0,2.7,636.0,30.0,1092.0,40.0,1387.0,576.0,20.6,50.3,1.2041
0.3,796.0,2.6,628.0,29.0,1136.0,36.0,1385.0,555.0,20.6,50.6,1.2119
0.2,795.0,2.3,606.0,25.0,1152.0,35.0,1369.0,552.0,21.3,48.8,1.2189
0.4,842.0,3.1,656.0,40.0,1080.0,48.0,1427.0,620.0,20.4,52.6,1.247
0.3,850.0,3.1,659.0,32.0,1077.0,38.0,1402.0,557.0,23.5,44.0,1.2596
0.6,884.0,4.0,709.0,43.0,1027.0,54.0,1442.0,556.0,25.7,37.9,1.2334
0.6,907.0,4.6,741.0,44.0,983.0,57.0,1486.0,573.0,27.9,33.6,1.2433
0.6,846.0,3.9,703.0,35.0,1034.0,54.0,1380.0,514.0,29.0,28.3,1.1116
0.5,827.0,3.8,697.0,32.0,1070.0,46.0,1371.0,478.0,29.5,25.9,1.0489
0.4,804.0,2.8,636.0,21.0,1185.0,36.0,1321.0,424.0,31.8,22.3,1.0366
0.2,775.0,2.5,619.0,10.0,1254.0,19.0,1272.0,386.0,32.2,20.0,0.9488
0.4,802.0,3.0,651.0,22.0,1206.0,34.0,1282.0,403.0,32.4,19.3,0.922
0.6,844.0,4.7,751.0,46.0,1064.0,63.0,1327.0,462.0,33.0,17.7,0.8758
0.9,881.0,5.0,765.0,66.0,1029.0,86.0,1359.0,489.0,32.0,19.8,0.9273
0.7,877.0,4.5,736.0,49.0,1077.0,65.0,1347.0,463.0,29.6,24.1,0.9831
1.2,931.0,7.7,885.0,86.0,892.0,101.0,1467.0,585.0,26.9,27.1,0.948
1.6,1011.0,9.7,967.0,111.0,818.0,116.0,1565.0,748.0,25.3,30.9,0.9815
1.8,1035.0,11.0,1015.0,143.0,757.0,124.0,1651.0,940.0,24.2,35.9,1.0684
2.4,1153.0,11.8,1042.0,184.0,733.0,136.0,1700.0,1022.0,23.2,43.2,1.2104
1.5,1020.0,8.7,929.0,134.0,805.0,108.0,1615.0,929.0,22.7,43.9,1.1962
0.9,954.0,7.5,879.0,78.0,837.0,82.0,1550.0,834.0,21.6,44.0,1.1244
0.8,903.0,5.7,800.0,50.0,911.0,68.0,1478.0,751.0,20.7,46.4,1.1198
0.2,779.0,2.0,581.0,13.0,1204.0,22.0,1323.0,505.0,21.2,46.2,1.1482
0.5,835.0,3.3,672.0,43.0,1053.0,43.0,1423.0,628.0,20.0,51.8,1.1967
1.4,1004.0,9.4,955.0,146.0,758.0,84.0,1671.0,1043.0,18.5,57.4,1.2076
3.3,1272.0,21.1,1328.0,269.54473774907615,567.0,108.0,2085.0,1463.0,19.6,54.3,1.2278
3.6,1173.0,17.2,1217.0,298.0,625.0,112.0,1945.0,1358.0,21.3,49.7,1.2452
1.7,986.0,8.5,922.0,178.0,820.0,104.0,1586.0,971.0,21.7,46.3,1.1867
1.5,942.0,6.8,849.0,177.0,907.0,107.0,1496.0,894.0,23.4,39.4,1.1172
1.6,957.0,7.4,875.0,172.0,891.0,102.0,1525.0,871.0,25.7,33.0,1.0763
2.1,1024.0,12.1,1052.0,183.0,779.0,104.0,1690.0,952.0,28.5,27.3,1.0479
2.1,962.0,9.6,963.0,164.0,835.0,96.0,1592.0,843.0,27.0,27.9,0.9812
1.6,958.0,7.4,873.0,122.0,868.0,80.0,1550.0,750.0,24.2,36.9,1.0966
1.3,933.0,6.4,831.0,105.0,888.0,72.0,1514.0,710.0,26.0,34.9,1.1509
1.6,942.0,8.3,912.0,144.0,842.0,106.0,1551.0,814.0,24.8,33.1,1.0222
3.1,1073.0,14.0,1117.0,220.0,693.0,119.0,1762.0,1052.0,24.0,36.3,1.0708
3.3,1086.0,15.3,1159.0,207.0,686.0,119.0,1782.0,1060.0,23.6,35.5,1.0187
3.4,1091.0,15.4,1161.0,210.0,682.0,128.0,1797.0,1153.0,23.6,35.7,1.0282
2.8,980.0,10.9,1009.0,175.0,786.0,112.0,1625.0,986.0,23.3,34.5,0.9768
1.5,904.0,7.5,877.0,117.0,890.0,95.0,1488.0,781.0,22.5,36.8,0.988
1.3,865.0,5.2,773.0,93.0,991.0,85.0,1414.0,653.0,21.3,38.7,0.9686
1.6,898.0,7.1,863.0,118.0,911.0,101.0,1493.0,777.0,20.9,39.4,0.9596
1.5,945.0,7.6,883.0,132.0,837.0,94.0,1563.0,1015.0,19.8,47.7,1.093
1.0,854.0,5.0,764.0,88.0,932.0,76.0,1476.0,922.0,19.3,51.4,1.1387
0.5,751.0,2.0,587.0,43.0,1165.0,50.0,1353.0,678.0,18.4,53.4,1.117
0.6,754.0,2.5,620.0,44.0,1102.0,51.0,1372.0,725.0,16.3,59.8,1.1042
0.7,758.0,3.3,670.0,50.0,1070.0,42.0,1365.0,688.0,16.6,56.8,1.0629
1.3,873.0,7.3,871.0,101.0,871.0,62.0,1528.0,887.0,16.2,57.4,1.0515
3.9753329864651583,1176.0,23.8,1398.0,339.0,567.0,111.0,2120.0,1494.0,17.3,54.3,1.0631
4.610448216705702,1257.0,27.6,1495.0,379.0,524.0,146.72484607446643,2245.0,1647.0,19.2,48.8,1.0751
3.6,1137.0,16.7,1200.0,321.0,648.0,135.0,1821.0,1489.0,21.7,42.4,1.0859
2.8,1064.0,14.3,1126.0,272.0,711.0,139.0,1656.0,1361.0,26.4,29.9,1.0138
2.6,1026.0,13.3,1094.0,151.66251039801156,769.0,134.0,1629.0,1224.0,31.3,19.1,0.8634
2.7,986.0,14.5,1133.0,253.0,773.0,141.0,1619.0,1174.0,33.7,15.4,0.7913
2.3,908.0,11.5,1031.0,187.0,857.0,112.0,1469.0,901.0,34.5,13.3,0.7158
2.0,888.0,10.8,1007.0,149.0,870.0,105.0,1448.0,794.0,33.8,13.9,0.7172
0.8982179522175275,843.0,6.4,830.0,89.0,995.0,72.0,1339.0,577.0,30.1,19.4,0.8157
1.7,905.0,8.8,931.0,124.0,876.0,90.0,1460.0,776.0,28.3,21.3,0.8054
2.8,1023.0,14.3,1127.0,206.0,760.0,126.0,1635.0,982.0,31.9,18.3,0.8523
3.8,1125.0,19.4,1279.0,241.0,662.0,154.0,1840.0,1256.0,32.0,20.1,0.9364
4.9,1211.0,27.1,1483.0,303.0,586.0,173.0,2092.0,1483.0,28.9,24.1,0.9495
4.3,1140.0,19.7,1289.0,294.0,634.0,162.0,1884.0,1390.0,27.3,27.1,0.967
2.6,1029.0,13.6,1105.0,203.0,737.0,128.0,1666.0,1195.0,26.0,28.5,0.9484
2.4,981.0,12.1,1054.0,176.0,768.0,120.0,1592.0,1135.0,25.2,28.6,0.9008
1.9,971.0,11.0,1014.0,155.0,788.0,111.0,1585.0,1115.0,24.3,31.1,0.9316
1.4,927.0,8.8,930.0,108.0,840.0,89.0,1522.0,1026.0,23.6,33.8,0.9685
1.1,868.0,6.7,846.0,72.0,925.0,69.0,1448.0,836.0,23.0,33.8,0.9406
0.9,863.0,6.3,824.0,65.0,905.0,70.0,1469.0,925.0,22.2,38.4,1.0126
0.5,777.0,2.9,645.0,39.0,1076.0,59.0,1334.0,781.0,20.5,42.3,1.0091
0.8,855.0,5.0,762.0,79.0,942.0,73.0,1444.0,959.0,18.8,49.0,1.0505
1.3,960.0,9.9,973.0,140.0,769.0,89.0,1616.0,1155.0,18.8,49.4,1.0624
4.640251121751392,1310.0,27.5,1492.0,427.0,527.0,142.0,2194.0,1686.0,19.9,46.5,1.071
4.903412690065029,1339.0,30.4,1561.0,366.0,498.0,145.0,2357.0,1791.0,22.1,41.7,1.098
3.7,1211.0,19.8,1290.0,311.0,606.0,156.0,1913.0,1643.0,24.0,36.4,1.0706
2.8,1068.0,15.7,1171.0,275.0,711.0,148.0,1717.0,1360.0,30.2,22.8,0.9616
1.8,932.0,11.3,1026.0,195.0,851.0,122.0,1523.0,944.0,33.4,17.1,0.8627
1.9,949.0,12.6,1069.0,144.0,819.0,106.0,1547.0,905.0,35.1,15.0,0.8381
2.0,944.0,11.9,1045.0,162.0,829.0,106.0,1525.0,884.0,34.1,16.0,0.8408
2.0,966.0,14.4,1131.0,200.0,800.0,127.0,1612.0,968.0,35.7,13.6,0.7836
2.1,940.0,12.4,1063.0,176.0,848.0,113.0,1539.0,929.0,35.3,13.8,0.7767
2.1,934.0,11.7,1041.0,203.0,865.0,136.0,1496.0,936.0,32.3,16.7,0.7946
3.2,1052.0,18.4,1252.0,237.0,739.0,153.0,1729.0,1107.0,36.0,13.3,0.7773
4.0,1109.0,22.9,1374.0,263.0,676.0,172.0,1795.0,1225.0,35.8,13.7,0.7868
3.964522751430982,1169.0,25.0,1430.0,300.0,636.0,190.0,1901.0,1372.0,32.3,18.4,0.8753
3.0,1093.0,15.5,1163.0,189.0,717.0,160.0,1705.0,1139.0,29.7,25.0,1.0246
2.9,1084.0,16.7,1200.0,185.0,686.0,159.0,1753.0,1505.0,27.8,26.6,0.9748
1.9,970.0,11.2,1023.0,134.0,787.0,123.0,1552.0,1074.0,26.3,27.3,0.9238
1.6119601010257807,951.0,9.0,939.0,96.0,849.0,101.0,1488.0,868.0,25.3,30.0,0.9508
2.1,1038.0,12.1,1053.0,122.0,744.0,116.0,1631.0,1095.0,24.0,34.9,1.0271
1.2,950.0,8.9,937.0,64.0,802.0,80.0,1566.0,989.0,23.4,38.6,1.0968
0.6,831.0,3.7,695.0,30.0,1033.0,51.0,1355.0,658.0,23.5,38.3,1.0972
0.4,824.0,3.1,660.0,36.0,1033.0,46.0,1342.0,618.0,21.4,45.6,1.1493
0.7,879.0,5.7,796.0,58.0,912.0,64.0,1454.0,747.0,21.1,47.1,1.1641
2.3,1132.0,15.6,1166.0,168.0,652.0,108.0,1827.0,1229.0,21.3,48.4,1.2119
4.0,1291.0,25.2,1434.0,306.0,526.0,151.0,2239.0,1494.0,22.9,47.9,1.3208
2.8,1193.0,15.4,1160.0,231.0,630.0,153.0,1927.0,1281.0,24.4,45.5,1.3721
1.6,1057.0,8.4,914.0,157.0,796.0,116.0,1665.0,954.0,27.6,38.0,1.3818
1.6,1027.0,8.0,899.0,132.0,822.0,116.0,1563.0,810.0,31.1,29.6,1.318
2.0,1084.0,12.1,1052.0,136.0,736.0,130.0,1677.0,882.0,33.4,24.7,1.2516
2.0,1032.0,12.6,1071.0,127.0,742.0,131.0,1619.0,840.0,35.7,18.9,1.0865
1.7,977.0,10.6,998.0,125.0,810.0,131.0,1554.0,743.0,36.2,18.1,1.0724
2.0,1039.0,12.6,1069.0,138.0,773.0,135.0,1646.0,880.0,37.1,17.7,1.094
2.2,1056.0,14.3,1127.0,163.0,734.0,152.0,1694.0,928.0,36.5,18.1,1.0887
3.2,1164.0,20.3,1306.0,259.0,648.0,198.0,1886.0,1218.0,35.5,19.1,1.0888
3.216914095958571,1124.0,20.5,1309.0,236.0,655.0,143.85013060565018,1845.0,1170.0,33.7,20.0,1.0275
3.8,1152.0,22.1,1355.0,245.0,628.0,175.0,1879.0,1620.0,30.5,22.7,0.9763
4.069162585560126,1223.0,23.8,1399.0,344.0,592.0,193.0,1940.0,1508.0,28.7,26.2,1.0144
2.599540686474731,1058.0,14.7,1139.0,188.0,696.0,140.0,1699.0,1318.0,26.7,28.9,0.9981
2.6,1049.0,15.1,1152.0,149.0,693.0,128.0,1730.0,1189.0,25.7,31.6,1.0285
1.9,1010.0,10.8,1006.0,102.0,779.0,100.0,1589.0,1000.0,24.5,35.7,1.0807
1.7,981.0,10.2,985.0,99.0,779.0,97.0,1572.0,1020.0,24.3,36.3,1.0852
1.0,886.0,6.5,834.0,48.0,904.0,67.0,1440.0,767.0,23.8,36.9,1.0748
0.7,821.0,3.9,706.0,36.0,1021.0,58.0,1360.0,674.0,23.7,37.3,1.076
0.4,771.0,2.1,593.0,30.0,1155.0,45.0,1291.0,545.0,21.6,42.2,1.0762
0.6,819.0,3.4,677.0,56.0,1048.0,62.0,1379.0,685.0,20.3,46.8,1.1
0.7,836.0,4.7,747.0,51.0,961.0,59.0,1384.0,702.0,20.7,45.9,1.1088
2.4,1114.0,15.8,1174.0,172.0,667.0,102.0,1819.0,1188.0,20.5,47.7,1.1419
4.4,1319.0,26.6,1470.0,316.0,520.0,154.0,2276.0,1589.0,22.4,46.6,1.247
3.1,1211.0,14.8,1143.0,269.0,632.0,157.0,1860.0,1331.0,24.2,48.5,1.4452
2.0,1051.0,9.3,950.0,196.0,802.0,138.0,1593.0,1040.0,28.8,33.0,1.2825
2.1,1108.0,12.0,1049.0,206.0,749.0,142.0,1701.0,1137.0,32.8,25.2,1.2325
2.1,1014.0,10.9,1012.0,156.0,795.0,125.0,1548.0,851.0,34.4,19.9,1.0647
2.1,1003.0,11.9,1047.0,120.0,769.0,120.0,1578.0,782.0,36.5,16.7,1.0045
2.2,1021.0,13.2,1092.0,161.0,764.0,150.0,1606.0,908.0,37.5,14.3,0.9099
1.6,986.0,8.9,937.0,114.0,833.0,120.0,1473.0,806.0,38.0,15.5,1.0119
2.4,1098.0,13.0,1084.0,191.0,754.0,137.7082082718715,1648.0,985.0,38.1,16.5,1.0828
3.3,1157.0,18.2,1245.0,236.0,665.0,187.0,1782.0,1211.0,37.3,17.3,1.084
3.8474890348148536,1190.0,23.7,1395.0,287.0,606.0,206.0,1914.0,1411.0,35.9,17.7,1.0316
4.1,1183.0,21.6,1341.0,266.0,628.0,187.0,1881.0,1395.0,32.4,21.5,1.0303
4.2,1231.0,21.6,1341.0,274.0,626.0,170.0,1937.0,1578.0,30.3,25.6,1.0879
2.9,1102.0,16.5,1195.0,196.0,690.0,149.0,1762.0,1325.0,28.5,27.8,1.0665
2.3,1041.0,12.3,1060.0,144.0,748.0,124.0,1629.0,1185.0,26.9,30.5,1.0671
2.2,1090.0,13.6,1103.0,142.0,695.0,119.0,1686.0,1235.0,25.7,33.5,1.0918
2.1,1074.0,12.8,1078.0,124.0,685.0,108.0,1673.0,1317.0,24.7,36.9,1.1302
1.6,977.0,9.4,956.0,93.0,765.0,93.0,1581.0,1114.0,23.6,39.2,1.1306
1.2,949.0,8.3,910.0,71.0,816.0,77.0,1552.0,1015.0,22.2,43.0,1.1363
0.9,863.0,4.6,746.0,56.0,919.0,76.0,1415.0,961.0,21.3,45.9,1.1471
0.6,834.0,3.6,689.0,46.0,988.0,58.0,1367.0,796.0,21.6,45.0,1.151
0.7,865.0,5.0,764.0,51.0,917.0,63.0,1430.0,826.0,21.3,46.5,1.1608
1.3,974.0,8.2,908.0,83.0,793.0,75.0,1546.0,1057.0,21.1,46.9,1.1585
2.0,1079.0,10.7,1004.0,175.0,713.0,111.0,1628.0,1302.0,22.8,43.0,1.1731
1.9,1084.0,10.3,990.0,148.0,734.0,116.0,1633.0,1284.0,25.0,38.3,1.198
2.2,1107.0,12.9,1080.0,167.0,714.0,138.0,1675.0,1348.0,30.9,26.9,1.1835
1.9,1040.0,11.0,1015.0,120.0,775.0,117.0,1543.0,1025.0,35.1,19.2,1.0664
1.5,1019.0,8.3,913.0,78.0,840.0,94.0,1428.0,759.0,36.9,17.2,1.0576
1.4,1003.0,8.2,907.0,76.0,862.0,91.0,1427.0,680.0,39.3,13.9,0.9715
1.0,925.0,5.2,772.0,45.0,1001.0,60.0,1308.0,516.0,40.3,12.6,0.9302
1.0,910.0,4.6,743.0,54.0,1039.0,66.0,1282.0,500.0,39.7,13.5,0.965
1.4,1012.0,7.2,868.0,70.0,884.0,87.0,1435.0,700.0,41.1,13.1,1.0124
1.6,1100.0,9.4,954.0,87.0,809.0,106.0,1512.0,1360.0,40.1,14.9,1.0828
1.6,1046.0,8.0,901.0,69.0,849.0,94.0,1464.0,722.0,37.4,17.0,1.0757
2.1,1083.0,10.7,1003.0,95.0,787.0,112.0,1524.0,842.0,34.0,19.2,1.0073
2.0,1050.0,9.6,962.0,107.0,810.0,120.0,1496.0,879.0,31.7,21.6,0.9959
1.9,1050.0,8.7,927.0,88.0,830.0,106.0,1475.0,836.0,29.7,24.2,0.9926
2.3,1142.0,11.6,1035.0,100.0,746.0,112.0,1611.0,1062.0,27.9,27.6,1.0252
2.4,1165.0,11.8,1043.0,125.0,717.0,120.0,1644.0,1188.0,26.8,29.9,1.0402
2.2,1136.0,10.5,995.0,132.0,727.0,114.0,1591.0,1236.0,25.8,33.0,1.0826
1.2,986.0,5.5,790.0,57.0,869.0,70.0,1422.0,853.0,26.3,33.1,1.1199
1.1,971.0,5.5,790.0,46.0,871.0,64.0,1447.0,875.0,24.3,38.1,1.1398
0.6,900.0,3.4,674.0,33.0,974.0,50.0,1355.0,679.0,21.1,45.6,1.1246
0.7,935.0,4.1,716.0,50.0,915.0,62.0,1415.0,877.0,20.2,48.5,1.1319
0.4,939.0,4.1,718.0,39.0,927.0,53.0,1395.0,826.0,21.3,45.5,1.1405
0.6,982.0,4.7,750.0,84.0,893.0,85.0,1417.0,881.0,22.6,31.0,0.8372
0.9,1088.0,7.1,862.0,93.0,786.0,102.0,1519.0,1110.0,25.7,34.8,1.1292
0.9,1065.0,7.4,872.0,82.0,831.0,97.0,1481.0,927.0,31.6,23.8,1.0842
0.8,1016.0,7.3,868.0,73.0,889.0,91.0,1407.0,665.0,36.3,16.3,0.9727
0.4,930.0,4.2,723.0,43.0,1035.0,62.0,1263.0,474.0,37.9,15.0,0.9728
0.3,928.0,4.1,716.0,39.0,1060.0,57.0,1252.0,459.0,39.4,13.7,0.9639
0.1,889.0,3.8,698.0,27.0,1132.0,40.0,1234.0,437.0,40.2,12.3,0.8983
0.5,966.0,5.8,802.0,46.0,968.0,60.0,1383.0,607.0,41.3,11.9,0.9252
0.4,973.0,5.6,792.0,53.0,977.0,70.0,1356.0,620.0,41.4,11.8,0.9282
0.3,950.0,4.8,754.0,38.0,1003.0,53.0,1325.0,551.0,40.1,13.6,0.9953
0.4,982.0,5.3,780.0,39.0,974.0,54.0,1374.0,532.0,37.6,16.4,1.0458
0.6,990.0,6.1,814.0,49.0,929.0,58.0,1399.0,578.0,33.9,20.3,1.0522
0.8,1017.0,7.4,873.0,68.0,874.0,73.0,1464.0,721.0,31.6,22.9,1.0469
1.2,1067.0,9.0,938.0,102.0,825.0,99.0,1520.0,912.0,29.7,24.8,1.016
1.6,1147.0,11.7,1040.0,123.0,745.0,102.0,1635.0,1155.0,29.0,27.0,1.063
1.2,1132.0,11.0,1014.0,106.0,728.0,101.0,1628.0,1279.0,27.9,30.4,1.1249
0.5,976.0,6.0,814.0,66.0,855.0,77.0,1448.0,1018.0,28.0,30.6,1.1396
0.3,920.0,4.3,730.0,43.0,944.0,55.0,1393.0,842.0,26.8,32.3,1.1235
0.1,879.0,2.8,642.0,33.0,1031.0,51.0,1343.0,740.0,26.6,33.0,1.1338
0.1,880.0,2.9,649.0,33.0,1022.0,50.0,1374.0,739.0,22.2,42.8,1.1317
0.3,925.0,4.1,717.0,75.0,936.0,75.0,1455.0,970.0,21.2,46.3,1.1501
0.8,1044.0,8.3,912.0,111.0,758.0,89.0,1604.0,1177.0,21.4,46.5,1.172
2.3,1279.0,16.6,1197.0,250.0,599.0,112.0,1906.0,1518.0,22.9,43.0,1.1826
3.4,1403.0,25.6,1443.0,313.0,508.0,142.0,2234.0,1811.0,25.2,38.6,1.2215
2.5,1282.0,17.7,1230.0,263.0,594.0,145.0,1924.0,1696.0,27.1,34.9,1.231
2.4,1262.0,16.2,1187.0,282.0,633.0,165.0,1842.0,1603.0,32.4,24.8,1.1886
2.1,1195.0,15.1,1153.0,226.0,678.0,159.0,1732.0,1370.0,36.8,18.0,1.0945
4.1,1301.0,17.0,1210.0,124.0,623.0,140.0,1813.0,1153.0,39.6,18.8,1.3413
3.8,1416.0,21.5,1339.0,165.0,544.0,163.0,1998.0,1492.0,36.1,25.5,1.4949
3.4,1301.0,18.6,1256.0,164.0,593.0,144.0,1914.0,1382.0,33.3,29.9,1.5079
2.9,1261.0,15.3,1158.0,122.0,628.0,120.0,1837.0,1303.0,31.2,33.2,1.4831
3.1,1295.0,17.0,1211.0,134.0,602.0,120.0,1917.0,1404.0,30.1,35.8,1.5034
2.586876480620555,1239.0,14.4,1129.0,121.0,637.0,106.0,1839.0,1308.0,28.9,39.1,1.537
2.4,1229.0,13.6,1103.0,112.0,627.0,95.0,1866.0,1320.0,27.8,43.3,1.5929
1.6987419982852803,1125.0,9.6,963.0,62.0,713.0,70.0,1719.0,1179.0,26.9,46.1,1.608
1.3,1044.0,6.4,832.0,50.0,794.0,67.0,1580.0,1160.0,26.4,47.1,1.5947
1.0,1015.0,5.4,781.0,72.0,796.0,70.0,1595.0,1181.0,23.8,55.4,1.6073
0.8,954.0,4.1,715.0,48.0,867.0,50.0,1527.0,1010.0,24.9,50.6,1.5755
1.1,1032.0,6.3,826.0,58.0,781.0,60.0,1627.0,1075.0,25.0,49.2,1.5418
4.6645561464138785,1518.0,26.9,1476.0,306.0,469.0,127.0,2388.0,1839.0,24.7,50.9,1.5593
3.3,1394.0,19.9,1294.0,266.0,555.0,190.0,2031.0,1834.0,34.0,29.9,1.5614
2.1,1205.0,12.6,1070.0,159.0,682.0,127.0,1735.0,1268.0,37.3,22.9,1.4373
2.1,1210.0,14.0,1118.0,144.0,658.0,130.0,1742.0,1422.0,40.1,19.0,1.3849
2.0,1138.0,12.2,1055.0,117.0,712.0,125.0,1624.0,1028.0,42.0,15.8,1.2759
1.5,1079.0,11.1,1019.0,108.0,749.0,113.0,1559.0,929.0,42.8,14.3,1.2003
2.1,1158.0,14.3,1126.0,153.0,693.0,143.0,1654.0,1150.0,44.3,13.0,1.183
2.443009980323022,1186.0,15.1,1151.0,166.0,680.0,157.0,1686.0,1235.0,44.6,12.6,1.1684
2.8,1261.0,18.6,1258.0,179.0,629.0,170.0,1813.0,1315.0,43.4,14.8,1.2882
3.6,1339.0,22.0,1352.0,225.0,569.0,187.0,1990.0,1469.0,40.6,18.2,1.368
4.0,1342.0,23.0,1377.0,261.0,567.0,181.0,2017.0,1515.0,37.1,21.3,1.3223
3.7,1317.0,21.1,1327.0,228.0,575.0,158.0,1996.0,1510.0,34.5,25.5,1.368
2.5,1210.0,15.0,1148.0,137.0,639.0,112.0,1849.0,1327.0,32.2,30.4,1.4433
2.3,1220.0,13.6,1105.0,116.0,643.0,100.0,1838.0,1318.0,30.4,35.4,1.5144
2.5,1276.0,14.6,1135.0,143.0,625.0,105.0,1887.0,1436.0,29.4,38.7,1.5581
2.7,1270.0,16.3,1189.0,157.0,592.0,107.0,1917.0,1608.0,28.6,38.7,1.4921
1.3,1053.0,8.8,933.0,72.0,743.0,72.0,1658.0,1257.0,27.7,40.5,1.4835
0.8,956.0,6.0,813.0,42.0,846.0,59.0,1544.0,1094.0,28.0,39.8,1.4803
0.5,912.0,3.9,706.0,34.0,891.0,55.0,1500.0,1022.0,25.6,45.8,1.4801
0.8,973.0,5.8,802.0,74.0,806.0,70.0,1597.0,1139.0,23.6,51.5,1.4852
1.0,1037.0,8.2,906.0,75.0,743.0,59.0,1707.0,1158.0,25.1,46.5,1.4615
2.9,1306.0,20.1,1299.0,199.0,519.0,95.0,2116.0,1602.0,24.5,48.3,1.4593
3.8,1367.0,25.5,1441.0,262.0,470.0,120.0,2283.0,1770.0,26.6,42.8,1.4675
3.5,1335.0,21.6,1340.0,236.0,519.0,133.0,2141.0,1651.0,29.0,37.6,1.4866
2.4,1250.0,15.5,1166.0,186.0,626.0,133.0,1925.0,1435.0,34.2,28.5,1.5071
1.8,1142.0,11.2,1021.0,132.0,712.0,120.0,1670.0,1159.0,37.3,22.9,1.4369
2.1,1168.0,15.4,1160.0,140.0,671.0,132.0,1784.0,1193.0,40.1,17.5,1.2721
2.1,1125.0,14.6,1137.0,143.0,691.0,135.0,1696.0,1094.0,42.2,14.6,1.192
1.5,1083.0,12.5,1066.0,99.0,725.0,121.0,1621.0,912.0,41.9,15.2,1.2173
1.5,1080.0,12.3,1059.0,107.0,733.0,123.0,1622.0,908.0,43.1,13.8,1.1803
1.8,1085.0,13.2,1091.0,130.0,723.0,129.0,1638.0,1010.0,42.8,13.8,1.1681
2.1,1115.0,14.7,1140.0,133.0,682.0,129.0,1746.0,1020.0,41.1,16.5,1.2701
3.0,1259.0,19.9,1295.0,188.0,600.0,156.0,1990.0,1280.0,38.7,20.3,1.3743
2.8,1241.0,19.1,1271.0,155.0,606.0,131.0,1971.0,1287.0,35.8,24.1,1.3924
2.5,1156.0,14.8,1144.0,154.0,651.0,115.0,1832.0,1216.0,33.1,28.3,1.4121
1.4,1055.0,8.6,922.0,95.0,784.0,79.0,1634.0,990.0,30.1,33.9,1.4257
1.7,1144.0,11.0,1014.0,110.0,712.0,86.0,1744.0,1146.0,29.0,36.6,1.4431
1.8,1169.0,13.0,1084.0,116.0,655.0,91.0,1831.0,1273.0,28.5,38.4,1.468
2.4,1195.0,15.2,1156.0,153.0,621.0,99.0,1897.0,1346.0,27.8,39.9,1.4682
1.9,1158.0,12.1,1052.0,111.0,649.0,83.0,1785.0,1353.0,27.0,42.8,1.503
1.4,1075.0,9.9,973.0,79.0,695.0,74.0,1748.0,1231.0,26.4,44.5,1.5119
1.0484793409110715,989.0,6.3,825.0,47.0,774.0,64.0,1602.0,1126.0,25.1,48.5,1.5266
0.9494628130894575,967.0,5.5,789.0,61.0,810.0,61.0,1597.0,995.0,24.6,52.2,1.5881
0.7,968.0,5.8,803.0,56.0,806.0,62.0,1586.0,1003.0,24.4,50.5,1.5243
1.0,1062.0,8.1,902.0,69.0,733.0,65.0,1715.0,1055.0,25.2,49.1,1.5546
1.7,1143.0,10.0,979.0,109.0,677.0,79.0,1829.0,1156.0,26.6,50.8,1.7419
1.9,1152.0,9.9,976.0,111.0,672.0,90.0,1800.0,1179.0,28.0,46.9,1.748
2.3,1238.0,13.1,1088.0,150.0,636.0,116.0,1883.0,1306.0,32.7,34.5,1.6798
1.7,1103.0,9.2,946.0,87.0,737.0,89.0,1686.0,934.0,36.6,26.5,1.599
1.3,1043.0,6.7,843.0,64.0,799.0,68.0,1628.0,689.0,37.8,26.3,1.6951
1.2,1058.0,6.5,833.0,47.0,804.0,53.0,1623.0,626.0,38.3,27.1,1.797
0.8,960.0,3.4,676.0,34.0,983.0,34.0,1488.0,488.0,35.4,32.4,1.837
0.9,972.0,3.8,699.0,37.0,982.0,38.0,1505.0,495.0,37.3,28.8,1.8087
1.1,1012.0,5.2,775.0,49.0,899.0,53.0,1547.0,562.0,36.6,28.2,1.697
1.2,1021.0,6.0,814.0,54.0,858.0,62.0,1545.0,615.0,35.1,29.6,1.6452
1.3,1034.0,6.0,812.0,70.0,866.0,82.0,1563.0,660.0,32.3,33.4,1.59
1.4,1026.0,5.6,791.0,76.0,875.0,88.0,1549.0,664.0,29.9,37.9,1.5745
1.2,966.0,4.4,735.0,59.0,932.0,70.0,1494.0,567.0,28.2,41.9,1.5776
0.9,948.0,3.7,697.0,44.0,983.0,53.0,1475.0,506.0,27.2,45.9,1.6316
1.1,984.0,5.0,762.0,47.0,870.0,57.0,1557.0,560.0,27.3,45.7,1.6308
1.5,1077.0,7.1,859.0,71.0,790.0,73.0,1673.0,724.0,27.0,47.1,1.6573
1.7,1163.0,7.9,893.0,90.0,706.0,83.0,1760.0,977.0,23.7,69.3,2.0042
0.9,965.0,3.7,692.0,45.0,927.0,52.0,1549.0,653.0,23.8,63.5,1.8495
0.7,941.0,3.6,687.0,44.0,949.0,52.0,1530.0,642.0,24.7,56.9,1.739
0.3,834.0,1.3,527.0,10.0,1242.0,17.0,1458.0,427.0,22.5,69.1,1.8578
0.4,859.0,1.7,561.0,19.0,1162.0,28.0,1476.0,470.0,23.4,64.4,1.835
0.4,843.0,1.5,544.0,20.0,1242.0,29.0,1442.0,447.0,24.4,57.9,1.7476
0.5,851.0,1.6,551.0,30.0,1224.0,37.0,1443.0,463.0,24.5,56.9,1.7225
0.5,853.0,1.7,557.0,24.0,1215.0,31.0,1435.0,454.0,24.9,54.8,1.7063
0.7,908.0,2.7,632.0,35.0,1095.0,46.0,1494.0,500.0,27.0,47.4,1.6661
0.9,928.0,3.6,687.0,48.0,1025.0,66.0,1491.0,528.0,27.6,43.7,1.5877
0.8,905.0,3.0,652.0,41.0,1076.0,54.0,1446.0,490.0,28.2,42.6,1.6062
0.8,901.0,2.9,646.0,37.0,1105.0,50.0,1446.0,488.0,29.1,40.8,1.6203
0.7,869.0,2.5,619.0,32.0,1163.0,44.0,1417.0,475.0,29.8,38.6,1.5911
0.8,891.0,3.1,655.0,43.0,1107.0,52.0,1452.0,486.0,31.5,34.5,1.5666
0.7,855.0,2.3,606.0,28.0,1214.0,37.0,1403.0,438.0,31.2,36.3,1.6217
0.8,911.0,3.0,654.0,38.0,1102.0,51.0,1466.0,477.0,30.0,41.3,1.7259
1.2,989.0,4.0,713.0,72.0,954.0,78.0,1552.0,626.0,27.6,47.5,1.7266
1.6,1048.0,6.3,826.0,89.0,853.0,90.0,1637.0,747.0,28.8,41.3,1.6164
1.6,1049.0,6.6,839.0,103.0,846.0,110.0,1636.0,858.0,28.5,41.6,1.5959
1.5,1035.0,7.3,868.0,77.0,833.0,86.0,1653.0,775.0,27.7,43.4,1.5833
1.5,1034.0,6.8,850.0,84.0,831.0,88.0,1643.0,803.0,27.3,44.1,1.5751
1.5,1022.0,6.3,826.0,82.0,857.0,91.0,1627.0,777.0,26.9,45.5,1.5926
1.5,1007.0,5.9,809.0,81.0,876.0,93.0,1611.0,770.0,26.6,47.2,1.616
1.2,945.0,4.8,755.0,50.0,935.0,68.0,1553.0,663.0,26.0,48.0,1.5882
0.8,880.0,2.9,649.0,30.0,1056.0,48.0,1465.0,529.0,26.2,45.7,1.5324
0.8,916.0,4.7,748.0,40.0,878.0,49.0,1559.0,742.0,23.7,54.6,1.5823
1.2,975.0,7.3,871.0,72.0,771.0,71.0,1666.0,942.0,22.6,58.8,1.5903
1.0,948.0,6.4,829.0,68.0,801.0,71.0,1600.0,926.0,24.0,53.4,1.5748
1.5,1069.0,9.2,947.0,89.0,728.0,86.0,1763.0,1039.0,25.2,51.0,1.6131
2.8,1210.0,12.5,1067.0,151.0,642.0,125.0,1879.0,1158.0,27.3,47.1,1.6807
3.4,1272.0,15.7,1170.0,215.0,620.0,160.0,1957.0,1347.0,32.8,33.4,1.633
3.3,1240.0,15.9,1175.0,196.0,614.0,174.0,1895.0,1262.0,36.0,28.0,1.6304
2.9,1171.0,14.6,1135.0,161.0,654.0,146.0,1797.0,1073.0,38.5,23.8,1.5944
2.2,1072.0,11.7,1039.0,120.0,745.0,127.0,1611.0,817.0,39.8,20.5,1.4687
1.6,970.0,7.4,873.0,88.0,859.0,114.0,1423.0,606.0,38.1,22.0,1.4402
0.9,938.0,6.1,816.0,38.0,917.0,65.0,1418.0,506.0,40.0,20.0,1.4517
1.1,976.0,6.9,852.0,47.0,866.0,77.0,1467.0,559.0,40.4,19.8,1.4724
1.0,958.0,6.2,820.0,40.0,886.0,68.0,1452.0,530.0,39.1,20.7,1.427
1.3,1014.0,8.1,903.0,58.0,816.0,92.0,1554.0,612.0,37.3,24.3,1.5222
1.6,1091.0,10.2,987.0,71.0,737.0,104.0,1711.0,774.0,34.0,30.9,1.6158
1.8,1080.0,10.7,1004.0,90.0,724.0,114.0,1704.0,899.0,31.8,34.5,1.5911
2.2,1128.0,13.0,1082.0,95.0,675.0,105.0,1817.0,1066.0,30.1,37.7,1.5799
1.8,1105.0,11.4,1027.0,85.0,684.0,85.0,1758.0,1040.0,28.6,42.3,1.6251
2.3,1141.0,13.3,1095.0,119.0,642.0,92.0,1816.0,1139.0,27.7,44.6,1.6304
2.0,1104.0,11.2,1020.0,106.0,681.0,82.0,1771.0,1086.0,26.6,47.5,1.6265
1.8,1065.0,9.8,970.0,77.0,698.0,70.0,1724.0,1049.0,25.7,50.7,1.6491
0.9,971.0,6.2,821.0,28.0,820.0,40.0,1637.0,811.0,25.1,53.9,1.689
0.6,936.0,4.0,713.0,21.0,883.0,26.0,1584.0,723.0,23.5,63.6,1.8223
0.4,845.0,2.6,625.0,17.0,993.0,21.0,1513.0,646.0,24.3,59.4,1.7838
0.4,872.0,2.6,627.0,24.0,997.0,30.0,1530.0,670.0,23.3,62.0,1.7547
0.4,903.0,2.9,648.0,19.0,975.0,21.0,1559.0,603.0,24.1,63.1,1.8619
0.8,971.0,4.2,722.0,39.0,876.0,35.0,1624.0,687.0,25.0,60.7,1.892
0.8,1006.0,5.5,789.0,46.0,824.0,36.0,1657.0,733.0,27.3,52.4,1.8707
0.9,1012.0,5.8,804.0,53.0,832.0,48.0,1638.0,766.0,32.4,37.3,1.7808
0.7,975.0,4.5,737.0,32.0,896.0,39.0,1531.0,621.0,35.4,31.3,1.7736
0.6,944.0,4.3,730.0,30.0,933.0,34.0,1495.0,560.0,37.4,28.2,1.7808
0.5,857.0,3.5,685.0,24.0,1055.0,33.0,1331.0,451.0,39.2,20.2,1.4104
0.6,824.0,3.5,683.0,34.0,1119.0,42.0,1270.0,393.0,38.1,18.5,1.2141
0.7,868.0,3.9,707.0,63.0,1063.0,85.0,1325.0,417.0,40.2,17.7,1.2989
0.9,908.0,4.7,748.0,69.0,1020.0,92.0,1373.0,451.0,39.7,19.1,1.3646
0.9,912.0,5.3,776.0,61.0,991.0,84.0,1379.0,461.0,38.5,19.8,1.326
1.2,986.0,6.4,830.0,73.0,906.0,100.0,1482.0,536.0,36.6,24.6,1.4872
1.4,1037.0,8.0,900.0,75.0,817.0,95.0,1584.0,619.0,33.1,32.7,1.62
1.5,1088.0,9.2,948.0,69.0,743.0,77.0,1667.0,766.0,30.7,38.7,1.678
1.7,1093.0,9.1,944.0,71.0,711.0,85.0,1655.0,785.0,29.5,42.7,1.7316
1.7,1142.0,9.1,945.0,73.0,682.0,83.0,1736.0,793.0,27.8,52.6,1.9398
1.7,1170.0,9.5,959.0,86.0,666.0,88.0,1798.0,838.0,27.4,55.5,1.9998
1.9,1142.0,9.1,945.0,65.0,672.0,68.0,1775.0,799.0,27.3,57.1,2.0426
1.2,986.0,5.0,762.0,74.0,821.0,97.0,1573.0,553.0,26.7,60.1,2.067
0.7,942.0,3.7,696.0,45.0,916.0,51.0,1542.0,465.0,26.2,61.6,2.0575
0.2,854.0,1.6,553.0,2.0,1203.0,5.0,1418.0,396.0,25.5,61.8,1.9831
0.4,910.0,2.7,630.0,29.0,1061.0,35.0,1504.0,468.0,25.1,62.4,1.9602
0.8,1005.0,5.6,791.0,42.0,829.0,56.0,1650.0,638.0,24.6,62.7,1.9158
1.9,1193.0,13.0,1085.0,146.0,610.0,110.0,1947.0,1097.0,25.7,58.9,1.9156
1.9,1180.0,11.5,1031.0,163.0,633.0,124.0,1866.0,1067.0,28.4,50.7,1.9329
1.9,1134.0,11.1,1017.0,144.0,689.0,115.0,1774.0,964.0,32.7,36.9,1.7953
1.9,1113.0,11.0,1013.0,125.0,702.0,119.0,1781.0,903.0,34.0,32.7,1.7146
1.7,1084.0,10.7,1004.0,90.0,706.0,107.0,1761.0,839.0,35.6,29.2,1.6684
1.4,1009.0,8.5,921.0,76.0,778.0,99.0,1635.0,692.0,37.1,25.6,1.5868
1.2,1002.0,8.7,928.0,73.0,798.0,95.0,1636.0,629.0,36.1,26.4,1.5505
1.4,1007.0,9.4,956.0,73.0,763.0,105.0,1654.0,666.0,37.9,23.8,1.5392
1.4,996.0,9.5,959.0,80.0,779.0,117.0,1636.0,684.0,38.0,22.2,1.4483
1.9,1050.0,12.9,1082.0,121.0,705.0,157.0,1731.0,816.0,36.9,22.7,1.3887
2.2,1100.0,13.7,1107.0,146.88607439080744,676.0,173.0,1801.0,876.0,35.5,25.7,1.4626
1.9,1085.0,12.2,1057.0,103.0,689.0,139.0,1775.0,836.0,32.8,32.2,1.5779
1.7,1079.0,11.8,1042.0,87.0,697.0,116.0,1773.0,846.0,30.5,38.2,1.6376
1.2,1086.0,9.9,974.0,58.0,707.0,91.0,1733.0,795.0,28.8,43.5,1.6989
0.3,1092.0,10.7,1005.0,64.0,669.0,98.0,1746.0,836.0,28.0,46.2,1.721
0.1,1097.0,9.4,956.0,58.0,708.0,93.0,1724.0,818.0,27.1,49.4,1.7398
0.1,1075.0,8.1,904.0,44.0,720.0,74.0,1692.0,777.0,26.4,52.2,1.7708
0.7,938.0,4.4,734.0,65.0,847.0,57.0,1607.0,947.0,21.4,75.5,1.9069
1.2,1065.0,7.7,889.0,94.0,722.0,56.0,1760.0,1081.0,21.9,74.9,1.9396
2.3,1240.0,13.6,1102.0,205.0,588.0,72.0,1989.0,1257.0,22.0,75.9,1.9817
3.0,1307.0,19.1,1270.0,240.0,516.0,84.0,2191.0,1404.0,22.5,74.9,2.019
2.9140666598210205,1229.0,16.3,1188.0,237.0,557.0,97.0,2033.0,1412.0,24.5,66.2,2.0011
2.6,1220.0,14.2,1122.0,245.0,601.0,107.0,1974.0,1428.0,25.6,61.2,1.9808
2.6,1218.0,15.6,1168.0,206.0,607.0,117.0,2000.0,1451.0,29.3,48.4,1.9367
2.6,1171.0,14.4,1129.0,156.0,631.0,120.0,1911.0,1346.0,33.5,36.0,1.8395
2.1,1067.0,10.5,995.0,126.0,717.0,110.0,1730.0,1093.0,35.6,29.8,1.7045
1.7,1054.0,10.2,985.0,108.0,735.0,104.0,1742.0,940.0,33.7,33.4,1.7186
1.9,1051.0,10.7,1003.0,102.0,711.0,110.0,1715.0,909.0,34.1,33.3,1.7509
2.5,1103.0,11.6,1035.0,110.0,672.0,111.0,1834.0,1005.0,31.5,43.5,1.9797
1.1,970.0,7.9,894.0,57.0,761.0,64.0,1649.0,756.0,32.5,40.6,1.9481
2.1,1100.0,11.7,1038.0,109.0,668.0,92.0,1873.0,1080.0,29.8,45.2,1.8642
2.6,1129.0,14.6,1137.0,151.0,606.0,114.0,1952.0,1220.0,27.7,49.9,1.8189
2.6,1126.0,13.2,1089.0,153.0,620.0,116.0,1886.0,1208.0,26.4,54.6,1.8459
1.7,1019.0,9.8,971.0,103.0,692.0,94.0,1760.0,1057.0,25.5,58.0,1.8611
1.5,1011.0,8.8,930.0,76.0,728.0,77.0,1723.0,1009.0,25.1,59.9,1.8797
1.8,1039.0,10.4,991.0,93.0,685.0,74.0,1820.0,1088.0,24.1,63.5,1.8828
1.4,974.0,8.5,920.0,75.0,718.0,62.0,1755.0,1062.0,23.8,65.0,1.8897
1.2,925.0,6.4,831.0,57.0,789.0,57.0,1662.0,975.0,23.4,64.9,1.843
0.7,810.0,3.4,674.0,32.0,976.0,45.0,1530.0,793.0,24.4,58.6,1.7714
0.7,813.0,2.9,645.0,42.0,990.0,49.0,1530.0,802.0,21.9,67.1,1.7414
0.5,788.0,2.3,604.0,37.0,1068.0,45.0,1507.0,754.0,23.6,61.2,1.7588
0.6,815.0,3.3,670.0,44.0,971.0,44.0,1538.0,774.0,22.6,63.4,1.7136
0.9,868.0,5.1,771.0,51.0,840.0,43.0,1608.0,860.0,22.9,62.6,1.7253
1.2,951.0,7.7,886.0,74.0,742.0,51.0,1705.0,988.0,23.3,61.8,1.7504
2.0,1075.0,10.5,996.0,115.0,649.0,84.0,1838.0,1113.0,25.4,56.2,1.7961
1.9,1058.0,10.9,1012.0,109.0,676.0,96.0,1782.0,1063.0,30.6,41.9,1.8104
1.7,1012.0,8.4,914.0,80.0,760.0,88.0,1653.0,858.0,33.5,34.0,1.73
1.2,929.0,6.0,811.0,57.0,862.0,67.0,1541.0,642.0,35.5,29.8,1.7004
1.1,902.0,6.0,813.0,56.0,875.0,64.0,1518.0,588.0,37.5,24.7,1.5637
1.0,836.0,4.7,750.0,43.0,960.0,54.0,1390.0,484.0,35.1,25.2,1.402
1.0,858.0,5.3,776.0,43.0,947.0,56.0,1431.0,498.0,38.1,21.1,1.3863
1.0,886.0,5.8,803.0,51.0,939.0,68.0,1460.0,538.0,38.5,21.8,1.4653
1.2,974.0,6.5,833.0,46.0,864.0,67.0,1577.0,565.0,36.8,29.5,1.8037
1.6,1008.0,8.4,915.0,71.0,783.0,95.0,1643.0,672.0,34.9,33.4,1.8384
1.6,990.0,8.3,912.0,65.0,777.0,86.0,1648.0,689.0,32.2,37.4,1.7655
1.6,981.0,8.4,917.0,78.0,740.0,93.0,1649.0,714.0,29.7,41.7,1.7081
1.3,954.0,6.4,828.0,51.0,793.0,68.0,1589.0,631.0,27.7,47.4,1.7344
1.9,1030.0,10.3,988.0,84.0,686.0,95.0,1751.0,829.0,27.3,49.4,1.7602
1.9,1033.0,10.9,1011.0,89.0,681.0,93.0,1768.0,875.0,26.3,51.3,1.7251
1.5,963.0,7.4,872.0,65.0,767.0,69.0,1617.0,803.0,25.7,54.1,1.7546
1.1,918.0,5.8,805.0,43.0,816.0,55.0,1571.0,759.0,25.4,55.1,1.7628
0.8,868.0,4.5,736.0,32.0,894.0,39.0,1548.0,638.0,24.9,57.3,1.7822
0.6,813.0,2.4,609.0,22.0,1017.0,33.0,1473.0,615.0,23.9,61.2,1.7871
0.6,815.0,2.4,616.0,21.0,1080.0,29.0,1532.0,596.0,23.8,61.3,1.7881
0.7,815.0,2.6,627.0,27.0,1049.0,36.0,1518.0,650.0,23.4,61.7,1.7495
0.6,835.0,2.8,638.0,31.0,1024.0,38.0,1506.0,655.0,24.3,58.4,1.7508
1.0,921.0,4.5,738.0,46.0,901.0,47.0,1585.0,779.0,25.1,56.6,1.7798
1.2,963.0,5.2,774.0,62.0,839.0,64.0,1621.0,758.0,27.3,51.3,1.835
1.0,935.0,4.2,724.0,43.0,936.0,49.0,1574.0,598.0,29.5,45.9,1.8662
1.3,1007.0,4.8,751.0,53.0,849.0,64.0,1649.0,643.0,27.6,52.4,1.9055
1.4,1032.0,4.6,744.0,87.0,813.0,79.0,1695.0,778.0,25.4,68.0,2.1806
0.8,901.0,3.6,689.0,36.0,964.0,45.0,1543.0,522.0,32.2,40.3,1.8999
0.6,851.0,2.6,627.0,21.0,1129.0,30.0,1433.0,419.0,31.6,38.9,1.7838
0.7,877.0,3.0,655.0,27.0,1061.0,35.0,1471.0,444.0,33.0,37.3,1.8481
0.8,909.0,3.6,690.0,29.0,1039.0,37.0,1488.0,474.0,35.1,32.1,1.7841
0.9,908.0,4.1,715.0,38.0,988.0,46.0,1479.0,495.0,35.0,31.1,1.7173
1.0,926.0,5.0,763.0,41.0,949.0,54.0,1491.0,504.0,33.8,32.1,1.6596
1.5,1010.0,6.5,836.0,66.0,848.0,79.0,1577.0,616.0,31.1,38.8,1.7295
1.5,1031.0,7.3,868.0,63.0,798.0,79.0,1634.0,690.0,29.0,46.1,1.8141
1.7,1070.0,8.1,905.0,88.0,745.0,98.0,1702.0,846.0,28.1,50.6,1.8969
1.9,1124.0,10.4,992.0,87.0,660.0,93.0,1791.0,1013.0,27.1,54.7,1.9284
1.7,1066.0,9.0,940.0,86.0,683.0,89.0,1744.0,978.0,26.6,56.4,1.9349
1.2,1001.0,6.5,836.0,49.0,771.0,57.0,1662.0,821.0,25.8,60.4,1.9759
1.1,967.0,6.3,824.0,40.0,774.0,51.0,1637.0,862.0,25.5,61.6,1.9804
0.8,901.0,4.4,733.0,27.0,888.0,39.0,1605.0,755.0,24.9,63.5,1.9647
0.7,896.0,3.7,694.0,58.0,941.0,46.0,1583.0,853.0,23.2,68.0,1.9045
1.2,996.0,7.4,872.0,87.0,756.0,55.0,1727.0,990.0,23.2,67.5,1.899
2.3,1159.0,15.1,1151.0,143.0,579.0,63.0,2005.0,1206.0,24.3,63.3,1.8929
2.5,1185.0,15.1,1152.0,96.0,578.0,42.0,2003.0,1274.0,25.5,59.7,1.9193
2.4,1168.0,14.7,1138.0,16.0,585.0,5.0,1946.0,1336.0,27.7,52.5,1.9138
1.4,1044.0,9.8,970.0,54.0,715.0,39.0,1751.0,1068.0,31.8,38.9,1.8005
1.2,983.0,8.0,897.0,42.0,800.0,39.0,1608.0,804.0,32.7,34.1,1.6592
1.6,1032.0,8.3,912.0,72.0,764.0,71.0,1661.0,826.0,34.3,31.5,1.6745
1.4,1019.0,7.7,889.0,54.0,787.0,65.0,1630.0,745.0,34.2,31.5,1.6675
1.2,982.0,6.7,844.0,52.0,835.0,71.0,1567.0,638.0,33.9,32.3,1.6809
1.5,1016.0,7.5,880.0,64.0,783.0,72.0,1617.0,684.0,34.4,31.9,1.7005
1.9,1091.0,8.6,925.0,81.0,730.0,95.0,1685.0,1020.0,29.8,41.7,1.7167
1.6,1109.0,9.7,965.0,59.0,696.0,74.0,1742.0,1100.0,28.8,45.9,1.7884
1.5,1098.0,9.1,944.0,69.0,687.0,76.0,1772.0,1086.0,28.2,51.1,1.9221
1.4,1088.0,9.1,945.0,58.0,674.0,66.0,1765.0,1060.0,27.5,54.4,1.9705
1.0,1035.0,7.0,859.0,33.0,732.0,49.0,1680.0,996.0,27.4,55.0,1.9827
0.7,942.0,4.9,758.0,17.0,824.0,29.0,1567.0,856.0,28.1,51.6,1.9269
0.5,902.0,3.5,680.0,6.0,919.0,11.0,1535.0,722.0,26.3,56.5,1.9027
0.5,875.0,3.2,665.0,20.0,919.0,25.0,1559.0,772.0,24.4,63.6,1.9218
0.7,927.0,4.7,747.0,58.0,830.0,34.0,1633.0,910.0,23.5,67.4,1.9305
1.2,1032.0,7.6,883.0,106.0,718.0,42.0,1742.0,1051.0,23.4,65.7,1.872
2.2,1193.0,14.7,1139.0,143.0,563.0,47.0,2009.0,1257.0,24.5,61.3,1.8522
2.9,1268.0,18.7,1259.0,167.0,519.0,62.0,2114.0,1410.0,26.0,55.8,1.8536
2.6,1238.0,14.8,1144.0,188.0,565.0,81.0,1939.0,1433.0,28.5,48.5,1.8607
2.6,1230.0,14.5,1133.0,164.0,604.0,90.0,1909.0,1413.0,33.6,35.7,1.8229
2.2,1161.0,12.7,1074.0,128.0,646.0,95.0,1777.0,1206.0,36.5,28.9,1.7359
1.5,1048.0,9.2,949.0,88.0,764.0,86.0,1607.0,831.0,39.0,23.7,1.6346
0.9,929.0,4.8,752.0,51.0,955.0,64.0,1385.0,544.0,38.8,23.7,1.6093
1.0,950.0,5.4,783.0,52.0,914.0,62.0,1443.0,525.0,38.0,24.0,1.5686
1.1,1013.0,7.2,864.0,59.0,819.0,75.0,1544.0,644.0,40.5,23.3,1.7416
1.2,1034.0,6.7,845.0,67.0,841.0,88.0,1566.0,702.0,39.8,25.4,1.8213
1.8,1082.0,9.7,965.0,105.0,760.0,126.0,1649.0,844.0,39.6,23.3,1.6535
1.8,1110.0,10.9,1012.0,91.0,720.0,96.0,1725.0,905.0,38.8,24.7,1.6772
1.7,1118.0,10.6,999.0,69.0,706.0,79.0,1766.0,878.0,34.7,35.9,1.9528
1.7,1136.0,9.7,967.0,65.0,703.0,67.0,1801.0,927.0,32.3,43.6,2.07
1.6,1106.0,8.6,924.0,58.0,725.0,62.0,1757.0,910.0,30.7,48.1,2.0821
1.7,1151.0,10.2,984.0,67.0,678.0,64.0,1823.0,1024.0,29.5,50.6,2.0492
1.8,1144.0,10.5,997.0,64.0,669.0,63.0,1816.0,1021.0,28.8,52.0,2.0297
1.5,1118.0,8.8,930.0,65.0,697.0,60.0,1748.0,1027.0,28.2,55.0,2.0697
1.2,1066.0,6.6,839.0,47.0,740.0,49.0,1700.0,993.0,27.2,59.1,2.0997
0.8,991.0,5.3,778.0,29.0,797.0,36.0,1665.0,910.0,26.7,60.7,2.0977
0.5,903.0,3.2,662.0,16.0,932.0,24.0,1590.0,760.0,26.4,61.6,2.0931
0.7,941.0,3.5,685.0,50.0,895.0,32.0,1632.0,834.0,25.9,63.6,2.102
1.1,1074.0,7.2,866.0,78.0,717.0,42.0,1768.0,1075.0,26.1,63.7,2.117
1.4,1114.0,9.5,958.0,89.0,663.0,42.0,1836.0,1167.0,26.8,60.5,2.1008
1.7,1162.0,11.1,1019.0,97.0,622.0,51.0,1904.0,1178.0,27.9,56.5,2.0895
1.8,1165.0,9.7,967.0,93.0,651.0,58.0,1825.0,1120.0,29.8,51.1,2.1054
1.8,1179.0,9.5,957.0,105.0,680.0,67.0,1819.0,1131.0,33.6,41.0,2.0995
1.7,1144.0,8.3,913.0,89.0,715.0,68.0,1782.0,972.0,35.1,38.1,2.1144
1.3,1066.0,6.0,813.0,63.0,792.0,56.0,1657.0,764.0,36.2,34.9,2.0578
1.3,1056.0,5.8,802.0,52.0,824.0,47.0,1620.0,670.0,38.0,30.7,2.0022
1.0,995.0,5.1,769.0,48.0,882.0,46.0,1576.0,615.0,36.6,30.8,1.8617
1.0,967.0,4.5,740.0,50.0,926.0,50.0,1526.0,557.0,38.8,25.4,1.7282
1.4,1048.0,6.6,839.0,80.0,845.0,65.0,1607.0,700.0,38.7,25.8,1.7426
1.6,1092.0,8.0,901.0,78.0,777.0,69.0,1691.0,734.0,37.4,29.9,1.8848
1.4,1056.0,7.6,883.0,64.0,799.0,63.0,1672.0,684.0,36.2,31.1,1.8371
1.7,1100.0,10.1,982.0,84.0,720.0,69.0,1760.0,823.0,33.8,34.5,1.7788
1.4,1057.0,7.8,890.0,72.0,778.0,57.0,1701.0,801.0,31.4,40.7,1.8377
1.3665808338957524,1068.0,8.4,917.0,70.0,736.0,59.0,1728.0,916.0,30.8,45.0,1.9733
1.4,1050.0,7.7,887.0,59.0,770.0,54.0,1696.0,820.0,29.4,50.0,2.0181
1.5,1074.0,7.6,884.0,63.0,764.0,57.0,1726.0,838.0,28.1,54.1,2.029
1.6,1053.0,7.9,895.0,58.0,745.0,46.0,1727.0,882.0,27.3,57.8,2.0646
1.2,1003.0,6.3,825.0,68.0,794.0,65.0,1716.0,801.0,26.7,60.6,2.0942
0.9,933.0,3.8,701.0,57.0,906.0,62.0,1638.0,690.0,25.9,64.5,2.1247
0.7,931.0,4.2,721.0,47.0,888.0,37.0,1651.0,799.0,25.8,64.6,2.1195
0.7,921.0,4.5,738.0,39.0,893.0,41.0,1623.0,818.0,26.5,60.6,2.063
1.7,1139.0,11.0,1013.0,87.0,672.0,60.0,1932.0,1034.0,26.4,61.7,2.0929
2.2,1205.0,14.1,1118.0,122.0,585.0,65.0,2019.0,1189.0,27.5,60.1,2.1719
1.9,1126.0,9.5,957.0,122.0,694.0,71.0,1841.0,1034.0,29.4,53.1,2.1362
1.5,1066.0,6.9,855.0,101.0,803.0,61.0,1712.0,929.0,33.4,39.9,2.0177
1.6,1069.0,7.2,867.0,92.0,785.0,65.0,1717.0,880.0,33.2,39.2,1.9642
1.3,975.0,5.5,788.0,70.0,851.0,54.0,1629.0,701.0,34.5,35.1,1.8856
1.1,955.0,5.1,766.0,58.0,898.0,58.0,1597.0,620.0,37.1,30.5,1.8962
1.0,949.0,5.0,764.0,44.0,898.0,56.0,1579.0,573.0,35.9,32.1,1.8697
1.0,941.0,5.6,792.0,44.0,897.0,60.0,1582.0,544.0,37.3,28.0,1.7537
1.1,942.0,5.7,800.0,52.0,877.0,69.0,1567.0,581.0,38.1,26.3,1.7252
1.3,974.0,7.0,855.0,53.0,836.0,67.0,1607.0,610.0,37.1,27.2,1.6844
1.5,1012.0,8.1,904.0,65.0,794.0,79.0,1653.0,695.0,35.2,31.2,1.7485
1.6,1017.0,8.7,929.0,67.0,772.0,86.0,1702.0,709.0,32.1,38.7,1.819
1.5,1006.0,7.9,896.0,67.0,797.0,79.0,1697.0,736.0,30.3,45.1,1.9129
1.3,1008.0,7.5,878.0,53.0,792.0,67.0,1691.0,722.0,29.3,50.2,2.0127
1.2,989.0,6.0,814.0,53.0,845.0,65.0,1657.0,680.0,28.6,53.7,2.0691
1.6,1080.0,8.5,920.0,60.0,739.0,67.0,1761.0,772.0,27.8,57.4,2.1107
1.4,1033.0,7.0,856.0,60.0,774.0,62.0,1736.0,769.0,27.4,59.4,2.1395
1.1,968.0,5.6,794.0,39.0,836.0,48.0,1688.0,654.0,27.2,59.3,2.1059
0.7,853.0,2.6,626.0,22.0,1045.0,33.0,1557.0,516.0,26.7,61.0,2.1005
0.5,817.0,1.7,558.0,7.0,1232.0,11.0,1485.0,452.0,25.4,63.1,2.0184
0.5,840.0,2.0,586.0,25.0,1154.0,34.0,1499.0,492.0,26.1,60.3,2.012
0.8,940.0,4.0,709.0,47.0,956.0,52.0,1641.0,588.0,25.2,67.1,2.1164
1.6,1076.0,8.6,924.0,101.0,720.0,80.0,1806.0,909.0,26.0,61.9,2.0511
1.6,1086.0,10.1,981.0,100.0,688.0,86.0,1818.0,1007.0,27.0,57.5,2.0183
1.4,1031.0,8.7,929.0,79.0,759.0,77.0,1722.0,809.0,30.5,44.4,1.9076
1.5,1016.0,7.9,896.0,91.0,766.0,93.0,1704.0,820.0,33.4,35.1,1.781
1.2,953.0,5.8,801.0,83.0,868.0,109.0,1573.0,657.0,35.7,29.0,1.6716
1.1,918.0,5.3,779.0,65.0,896.0,89.0,1537.0,551.0,35.8,27.7,1.6041
0.8,892.0,4.2,724.0,55.0,971.0,71.0,1490.0,511.0,36.3,27.4,1.6264
0.7,841.0,3.3,673.0,40.0,1061.0,56.0,1394.0,451.0,33.6,28.8,1.4695
0.7,799.0,4.0,709.0,48.0,1078.0,68.0,1332.0,462.0,35.2,20.5,1.1418
0.7,838.0,4.3,726.0,46.0,1056.0,61.0,1382.0,440.0,35.0,22.4,1.2371
1.0,870.0,4.6,745.0,54.0,998.0,70.0,1400.0,472.0,34.0,25.2,1.314
1.0,892.0,5.1,771.0,55.0,965.0,76.0,1465.0,494.0,32.0,28.2,1.3204
1.2,926.0,5.9,805.0,60.0,901.0,78.0,1511.0,524.0,29.4,34.4,1.3899
1.1,919.0,5.7,796.0,62.0,870.0,80.0,1538.0,560.0,28.1,41.1,1.535
1.0,932.0,4.7,746.0,51.0,912.0,71.0,1528.0,534.0,26.9,47.5,1.6595
1.2,957.0,5.1,767.0,57.0,867.0,74.0,1534.0,577.0,26.6,50.4,1.724
1.4,994.0,5.9,806.0,72.0,830.0,90.0,1580.0,674.0,25.9,52.9,1.7478
1.3,984.0,5.6,795.0,63.0,838.0,78.0,1570.0,676.0,25.4,54.6,1.7483
1.0,919.0,4.5,737.0,49.0,899.0,63.0,1534.0,611.0,25.1,55.7,1.7471
0.6,847.0,2.5,618.0,30.0,1075.0,42.0,1442.0,529.0,25.1,55.3,1.733
0.4,795.0,1.8,569.0,18.0,1178.0,27.0,1426.0,497.0,25.2,55.0,1.7405
0.4,809.0,1.9,578.0,22.0,1170.0,29.0,1445.0,513.0,25.6,53.5,1.7291
0.5,835.0,2.6,626.0,39.0,1088.0,41.0,1471.0,563.0,24.7,55.9,1.7114
1.1,967.0,6.3,826.0,68.0,821.0,61.0,1639.0,822.0,24.0,57.2,1.6835
1.2,969.0,6.8,849.0,84.0,800.0,68.0,1626.0,890.0,25.0,53.2,1.663
0.9,913.0,4.7,749.0,54.0,911.0,58.0,1535.0,742.0,28.0,43.4,1.6162
0.9,933.0,4.7,748.0,51.0,948.0,52.0,1551.0,629.0,31.6,35.5,1.6269
1.0,922.0,4.0,712.0,52.0,924.0,57.0,1494.0,609.0,35.0,29.0,1.6017
0.8,914.0,4.3,726.0,44.0,959.0,51.0,1496.0,534.0,35.3,27.6,1.5512
0.8,873.0,3.8,699.0,47.0,999.0,53.0,1413.0,528.0,36.2,24.1,1.4235
0.7,831.0,3.4,676.0,37.0,1041.0,49.0,1350.0,463.0,34.8,24.5,1.3373
0.7,840.0,3.6,685.0,33.0,1051.0,44.0,1339.0,462.0,38.2,19.6,1.2915
0.7,874.0,3.6,686.0,36.0,1032.0,48.0,1402.0,501.0,38.9,20.3,1.382
0.7,896.0,3.6,687.0,33.0,1006.0,46.0,1438.0,493.0,36.9,27.1,1.6683
0.6600326782378304,964.0,5.1,769.0,40.0,873.0,56.0,1546.0,572.0,35.2,32.1,1.7898
1.2,1001.0,6.6,838.0,56.0,801.0,73.0,1614.0,668.0,32.0,38.2,1.788
1.4,1005.0,7.3,868.0,71.0,779.0,85.0,1633.0,771.0,29.8,41.8,1.7269
1.2,979.0,6.1,818.0,57.0,797.0,72.0,1590.0,732.0,28.2,45.9,1.7272
1.0,935.0,5.2,774.0,43.0,825.0,53.0,1562.0,687.0,27.1,48.2,1.7075
0.9,939.0,4.9,758.0,40.0,858.0,47.0,1544.0,664.0,26.7,49.5,1.7048
0.7,878.0,3.5,684.0,26.0,947.0,37.0,1475.0,588.0,26.1,50.8,1.6917
0.5,848.0,3.0,650.0,24.0,989.0,34.0,1479.0,610.0,25.7,52.5,1.7077
0.5,826.0,2.7,631.0,24.0,1028.0,33.0,1473.0,593.0,24.8,55.4,1.7054
0.4,785.0,2.4,612.0,18.0,1054.0,27.0,1443.0,614.0,22.5,61.8,1.6654
0.4,772.0,2.0,584.0,19.0,1149.0,27.0,1414.0,566.0,22.7,59.2,1.6139
0.5,796.0,2.5,623.0,22.0,1064.0,28.0,1425.0,594.0,23.0,58.4,1.6223
0.7,875.0,3.5,682.0,34.0,983.0,50.43147267299251,1457.0,611.0,23.9,56.3,1.6489
1.1,955.0,6.0,811.0,61.0,841.0,59.0,1562.0,759.0,26.3,50.1,1.6889
1.0,938.0,5.3,778.0,46.0,896.0,56.0,1520.0,700.0,32.1,34.0,1.6039
1.2,954.0,6.3,826.0,56.0,870.0,70.0,1531.0,691.0,35.8,25.7,1.4861
1.1,875.0,4.8,753.0,31.0,978.0,36.0,1402.0,579.0,38.3,19.8,1.3067
0.6,810.0,3.2,664.0,11.0,1123.0,17.0,1312.0,478.0,37.3,20.5,1.286
0.4,746.0,2.6,624.0,8.0,1227.0,14.0,1209.0,410.0,36.3,18.4,1.0976
0.4,738.0,2.4,610.0,14.0,1281.0,24.0,1204.0,404.0,36.8,16.9,1.0347
0.5,771.0,3.0,652.0,21.0,1223.0,36.0,1239.0,440.0,37.9,15.9,1.0296
0.6,799.0,3.1,658.0,26.0,1216.0,43.0,1254.0,461.0,36.7,17.1,1.0398
0.8,831.0,3.4,679.0,37.0,1143.0,60.0,1291.0,526.0,33.8,21.9,1.1303
1.0,885.0,4.6,743.0,53.0,1016.0,81.0,1379.0,647.0,32.6,24.6,1.1885
1.1,883.0,4.4,731.0,56.0,988.0,87.0,1384.0,693.0,30.6,28.4,1.2247
1.1,906.0,5.5,790.0,51.0,936.0,85.0,1430.0,729.0,29.4,30.5,1.2288
1.6,982.0,8.2,906.0,79.0,784.0,91.0,1561.0,1002.0,28.4,34.4,1.314
0.9,892.0,5.0,766.0,38.0,880.0,55.0,1399.0,797.0,28.3,34.1,1.2951
0.7,841.0,4.0,711.0,25.0,956.0,42.0,1367.0,685.0,27.8,35.2,1.2968
0.7,859.0,3.7,693.0,24.0,988.0,43.0,1377.0,710.0,25.3,39.7,1.2656
0.5,810.0,3.1,657.0,11.0,1016.0,20.0,1337.0,629.0,24.5,41.5,1.2589
0.3,749.0,1.5,543.0,16.0,1238.0,23.0,1244.0,462.0,23.3,41.9,1.1856
0.4,766.0,2.4,616.0,43.0,1163.0,43.0,1306.0,530.0,21.5,45.6,1.1558
0.9,865.0,5.4,783.0,86.0,893.0,68.0,1446.0,838.0,21.3,47.0,1.1793
1.3,924.0,8.5,920.0,92.0,767.0,62.0,1534.0,946.0,22.2,45.0,1.1867
1.6,973.0,10.9,1010.0,102.0,722.0,65.0,1616.0,1014.0,23.6,40.8,1.1746
2.1,1028.0,12.0,1048.0,171.0,719.0,93.0,1624.0,1135.0,27.1,32.4,1.1462
2.0,979.0,10.6,999.0,148.0,796.0,110.0,1515.0,1027.0,33.4,20.1,1.0142
1.1018382440468304,892.0,7.4,874.0,119.0,923.0,106.0,1369.0,749.0,35.3,17.0,0.9546
1.4,892.0,7.3,869.0,71.0,953.0,77.0,1363.0,632.0,37.4,14.7,0.9295
0.9,836.0,4.6,741.0,53.0,1065.0,60.0,1277.0,479.0,38.6,14.6,0.9821
0.8,824.0,4.0,708.0,61.0,1091.0,67.0,1256.0,463.0,35.8,17.8,1.0274
0.8,825.0,3.8,702.0,53.0,1077.0,57.0,1267.0,458.0,38.4,16.4,1.0957
1.0,871.0,5.0,761.0,61.0,1015.0,60.0,1346.0,520.0,39.7,15.3,1.0963
1.3,903.0,6.9,853.0,72.0,930.0,69.0,1420.0,606.0,38.8,15.8,1.0706
1.3,944.0,7.0,857.0,67.0,880.0,77.0,1463.0,631.0,35.2,22.3,1.2467
1.3,969.0,6.8,850.0,70.0,857.0,77.0,1503.0,695.0,31.7,28.2,1.2962
1.6,1005.0,8.5,919.0,81.0,788.0,87.0,1543.0,871.0,30.4,30.9,1.3219
1.4,972.0,8.0,898.0,79.0,807.0,88.0,1508.0,879.0,29.5,32.1,1.3005
1.3,960.0,5.7,798.0,73.0,854.0,84.0,1459.0,780.0,28.0,34.9,1.2989
1.0,946.0,5.1,767.0,57.0,870.0,65.0,1443.0,728.0,28.2,36.6,1.3722
0.9,959.0,5.5,787.0,45.0,830.0,54.0,1460.0,821.0,26.5,40.7,1.3873
0.6,877.0,3.1,658.0,25.0,964.0,37.0,1349.0,663.0,28.3,36.7,1.3878
0.5,867.0,2.9,645.0,23.0,1001.0,36.0,1385.0,656.0,25.7,43.8,1.4233
0.4,820.0,2.2,597.0,18.0,1069.0,29.0,1346.0,603.0,24.3,48.3,1.4449
0.4,828.0,2.5,618.0,23.0,1039.0,25.0,1354.0,560.0,23.6,49.2,1.4153
1.0,929.0,5.6,791.0,59.0,841.0,41.0,1493.0,789.0,22.2,53.9,1.4201
2.2,1118.0,12.9,1079.0,135.0,638.0,68.0,1761.0,1145.0,22.5,52.3,1.41
2.5,1155.0,16.0,1181.0,167.0,580.0,82.0,1850.0,1302.0,24.3,47.8,1.4321
2.3,1112.0,12.2,1058.0,190.0,654.0,137.0,1695.0,1297.0,27.3,40.7,1.4548
2.0,1094.0,10.0,979.0,142.0,717.0,119.0,1633.0,1192.0,33.3,28.2,1.4189
1.4,1023.0,7.4,875.0,83.0,785.0,71.0,1590.0,711.0,36.4,27.1,1.6226
1.7,1064.0,9.1,942.0,94.0,735.0,78.0,1650.0,801.0,36.8,26.2,1.5984
1.5,1042.0,8.9,936.0,84.0,759.0,72.0,1630.0,770.0,36.4,26.8,1.6038
1.7,1059.0,9.2,947.0,90.0,733.0,74.0,1671.0,813.0,33.3,32.8,1.6527
1.4224140019631692,1050.0,8.5,921.0,91.0,743.0,70.0,1683.0,851.0,31.3,39.5,1.7798
1.4,1025.0,7.9,896.0,70.0,738.0,55.0,1693.0,823.0,29.9,44.7,1.8511
1.4,1029.0,6.1,816.0,75.0,804.0,54.0,1624.0,778.0,29.1,48.4,1.9186
1.4,1055.0,6.4,831.0,72.0,769.0,53.0,1686.0,827.0,28.0,52.9,1.964
1.2,1001.0,5.7,799.0,59.0,800.0,46.0,1642.0,753.0,27.7,53.0,1.9423
0.9,936.0,4.4,730.0,48.0,864.0,38.0,1551.0,726.0,27.7,52.6,1.9202
0.6,863.0,2.3,608.0,41.0,1035.0,30.0,1465.0,597.0,28.3,49.5,1.8782
0.5,841.0,1.9,578.0,11.0,1144.0,16.0,1464.0,463.0,27.7,52.5,1.923
0.5,871.0,2.4,611.0,11.0,1077.0,12.0,1494.0,526.0,27.5,53.0,1.9097
0.8,962.0,4.7,747.0,37.0,862.0,38.0,1605.0,712.0,27.1,54.4,1.9168
1.4,1083.0,7.8,889.0,72.0,725.0,56.0,1734.0,918.0,27.6,52.1,1.8936
1.2,1061.0,7.8,891.0,53.0,721.0,57.0,1697.0,894.0,29.0,48.5,1.9133
1.0,1012.0,6.3,824.0,31.0,803.0,39.0,1612.0,710.0,31.0,42.9,1.8909
1.2,1031.0,6.5,834.0,47.0,793.0,47.0,1640.0,737.0,32.5,39.4,1.8982
1.1,1011.0,6.1,816.0,33.0,830.0,35.0,1614.0,680.0,36.9,30.9,1.8934
1.2,1009.0,6.3,824.0,35.0,822.0,44.0,1606.0,670.0,36.2,30.6,1.8105
1.1,980.0,5.6,793.0,32.0,858.0,43.0,1549.0,654.0,37.7,27.7,1.778
1.0,961.0,5.8,803.0,23.0,852.0,34.0,1552.0,618.0,37.1,27.2,1.6874
1.0,966.0,5.4,784.0,27.0,870.0,36.0,1530.0,652.0,39.5,24.3,1.7216
1.2,1022.0,6.8,849.0,32.0,813.0,44.0,1583.0,732.0,39.9,23.8,1.7127
1.7,1091.0,9.3,953.0,51.0,723.0,63.0,1688.0,853.0,39.6,24.3,1.7255
1.7,1063.0,8.5,919.0,46.0,735.0,60.0,1676.0,821.0,37.2,29.1,1.8185
1.7,1116.0,9.3,952.0,62.0,702.0,66.0,1759.0,895.0,33.9,37.1,1.9264
1.7,1101.0,7.4,875.0,65.0,722.0,68.0,1748.0,927.0,31.6,43.6,1.9944
1.6,937.0,8.2,908.0,86.0,822.0,83.0,1466.0,826.0,32.9,24.9,1.2269
1.3,902.0,5.9,808.0,57.0,912.0,64.0,1408.0,632.0,34.4,23.5,1.2541
1.0,860.0,4.7,748.0,39.0,955.0,50.0,1344.0,532.0,34.3,22.5,1.1974
0.9,843.0,4.1,716.0,41.0,1005.0,53.0,1305.0,496.0,33.4,21.6,1.0927
1.0,872.0,4.9,760.0,47.0,979.0,57.0,1314.0,513.0,36.1,18.4,1.0827
1.1,857.0,5.2,775.0,45.0,979.0,55.0,1258.0,512.0,37.3,15.4,0.9692
1.5,922.0,7.5,878.0,60.0,880.0,70.0,1363.0,615.0,36.8,16.2,0.9922
1.5,951.0,7.4,875.0,51.0,856.0,68.0,1406.0,600.0,34.9,20.9,1.1463
1.6,962.0,7.8,891.0,53.0,813.0,73.0,1442.0,634.0,30.8,26.5,1.1603
1.7,957.0,8.6,926.0,72.0,758.0,92.0,1480.0,830.0,28.9,28.3,1.1078
1.4,928.0,6.5,837.0,62.0,808.0,80.0,1410.0,871.0,27.0,30.7,1.079
1.2,895.0,6.8,846.0,41.0,819.0,60.0,1371.0,787.0,26.6,30.6,1.0459
1.1,902.0,5.7,797.0,32.0,845.0,49.0,1355.0,841.0,26.0,33.1,1.0955
1.1,904.0,5.8,801.0,44.0,852.0,53.0,1400.0,862.0,24.1,37.9,1.1204
1.2,919.0,5.7,799.0,29.0,844.0,50.0,1409.0,881.0,22.2,43.1,1.1396
0.7,812.0,3.2,663.0,18.0,982.0,34.0,1265.0,709.0,22.8,41.3,1.1284
0.4,762.0,1.7,563.0,12.0,1181.0,21.0,1208.0,492.0,21.7,42.6,1.0907
0.7,786.0,2.8,642.0,39.0,1057.0,48.0,1270.0,592.0,20.2,47.1,1.1021
1.1,868.0,5.7,798.0,83.0,866.0,71.0,1392.0,824.0,20.1,47.8,1.1093
1.6,965.0,10.0,977.0,149.0,725.0,94.0,1515.0,1014.0,20.6,45.5,1.0925
2.3,1049.0,14.5,1133.0,216.0,630.0,118.0,1662.0,1208.0,22.4,41.1,1.0979
1.6,1008.0,9.9,973.0,153.0,714.0,105.0,1509.0,1178.0,25.0,36.6,1.143
2.0,1008.0,11.2,1021.0,177.0,714.0,122.0,1549.0,1176.0,29.9,26.2,1.0891
1.6,973.0,8.3,911.0,126.0,800.0,121.0,1441.0,891.0,32.9,21.8,1.0714
1.6,964.0,9.5,959.0,96.0,787.0,115.0,1438.0,731.0,35.0,17.9,0.99
1.3,923.0,7.1,862.0,92.0,875.0,119.52118638720643,1363.0,626.0,34.6,18.2,0.9832
1.0,934.0,6.0,811.0,75.0,896.0,86.0,1343.0,553.0,33.8,22.8,1.1781
1.6,1036.0,9.1,943.0,109.0,770.0,118.0,1509.0,770.0,36.3,19.5,1.1539
1.7809744590325123,1076.0,10.4,994.0,133.0,723.0,129.0,1549.0,938.0,38.3,17.9,1.181
1.7,1055.0,8.7,927.0,87.0,757.0,90.0,1520.0,716.0,36.9,20.9,1.2864
1.7,1081.0,9.0,938.0,80.0,728.0,87.0,1568.0,714.0,33.9,30.0,1.56
1.4,1072.0,6.8,850.0,70.0,737.0,65.0,1604.0,702.0,29.8,43.4,1.7988
1.3,1038.0,5.2,773.0,67.0,749.0,61.0,1568.0,687.0,27.5,50.4,1.8274
1.3,1059.0,5.7,800.0,66.0,740.0,62.0,1604.0,739.0,27.5,50.4,1.8284
1.6,1070.0,6.9,852.0,97.0,704.0,85.0,1639.0,867.0,28.1,48.0,1.7933
1.8,1093.0,7.8,893.0,90.0,677.0,83.0,1678.0,927.0,26.9,49.6,1.7299
1.5,1016.0,6.8,849.0,99.0,729.0,84.0,1609.0,872.0,26.0,48.0,1.5899
1.3,988.0,6.3,825.0,71.0,756.0,71.0,1559.0,848.0,24.9,50.6,1.5747
1.1,930.0,4.7,749.0,59.0,823.0,62.0,1464.0,777.0,23.7,53.2,1.5418
0.6,884.0,3.6,686.0,26.0,908.0,40.0,1439.0,651.0,22.9,56.1,1.5492
0.7,913.0,4.4,730.0,47.0,883.0,50.0,1493.0,774.0,23.3,55.5,1.5636
1.1,994.0,6.4,829.0,108.0,784.0,78.0,1581.0,982.0,23.6,54.2,1.5583
1.9,1173.0,11.9,1047.0,160.0,631.0,89.0,1815.0,1175.0,24.9,52.9,1.643
3.5,1314.0,21.0,1325.0,204.0,499.0,106.0,2143.0,1390.0,26.4,50.8,1.7166
2.9,1252.0,15.6,1168.0,193.0,557.0,107.0,1938.0,1352.0,28.1,47.4,1.7753
2.2,1151.0,12.1,1053.0,146.0,623.0,93.0,1835.0,1152.0,30.2,43.2,1.823
2.0,1122.0,9.3,951.0,126.0,687.0,95.0,1729.0,1022.0,31.2,41.9,1.871
1.7,1111.0,8.7,927.0,90.0,707.0,78.0,1715.0,922.0,33.9,36.0,1.8692
1.6,1058.0,7.9,894.0,84.0,736.0,76.0,1648.0,825.0,33.9,34.1,1.7754
1.3,972.0,6.2,820.0,60.0,811.0,66.0,1535.0,630.0,34.4,30.6,1.6402
1.3,985.0,6.3,826.0,66.0,808.0,71.0,1544.0,621.0,35.3,28.5,1.6034
1.3,1004.0,6.0,814.0,57.0,808.0,61.0,1520.0,602.0,36.3,28.3,1.6851
1.6,1030.0,7.9,897.0,71.0,733.0,73.0,1592.0,668.0,35.3,29.4,1.6577
1.3,965.0,5.8,802.0,51.0,821.0,54.0,1504.0,564.0,32.5,34.1,1.6453
1.4,987.0,6.3,824.0,49.0,793.0,53.0,1541.0,581.0,29.1,42.1,1.6695
1.4,923.0,6.0,811.0,59.0,804.0,69.0,1434.0,604.0,27.8,35.6,1.3116
1.3,872.0,6.3,824.0,66.0,853.0,77.0,1346.0,590.0,27.0,30.0,1.0542
1.4,939.0,6.8,849.0,72.0,804.0,83.0,1479.0,650.0,26.3,37.3,1.2555
1.5,954.0,7.0,855.0,89.0,792.0,94.0,1474.0,745.0,25.2,40.8,1.2877
1.5,969.0,7.0,857.0,75.0,753.0,84.0,1485.0,821.0,24.3,43.3,1.2973
0.9,882.0,5.0,763.0,38.0,879.0,55.0,1388.0,656.0,23.3,45.3,1.2794
0.6,805.0,2.8,637.0,24.0,1048.0,35.0,1276.0,520.0,24.1,44.0,1.3034
0.5,842.0,2.8,640.0,40.0,1070.0,45.0,1293.0,595.0,23.7,46.7,1.3501
0.6,792.0,2.5,621.0,40.0,1015.0,56.0,1322.0,714.0,20.0,59.3,1.3681
0.4,749.0,1.7,559.0,25.0,1145.0,33.0,1255.0,584.0,22.5,48.6,1.3077
0.5,803.0,3.4,676.0,38.0,975.0,39.0,1303.0,676.0,19.5,57.0,1.2739
0.7,818.0,4.3,726.0,38.0,921.0,43.0,1330.0,685.0,19.6,56.1,1.2651
1.2,932.0,7.1,861.0,75.0,767.0,62.0,1483.0,894.0,20.7,53.3,1.287
1.7,977.0,8.3,913.0,104.0,744.0,81.0,1512.0,977.0,24.7,41.8,1.2839
1.8,1011.0,9.1,945.0,134.0,733.0,102.0,1570.0,1034.0,29.9,30.5,1.2616
1.5,975.0,7.7,887.0,85.0,829.0,86.0,1478.0,737.0,32.3,27.2,1.2933
1.2,958.0,7.2,867.0,30.0,828.0,37.0,1468.0,660.0,34.3,24.5,1.3021
1.1,903.0,5.8,805.0,49.0,886.0,64.0,1361.0,581.0,33.4,22.5,1.1398
1.9,1058.0,11.0,1016.0,209.0,673.0,101.0,1625.0,832.0,33.8,25.8,1.3338
1.4,1040.0,7.6,882.0,132.0,756.0,71.0,1560.0,635.0,34.5,28.6,1.5393
2.0,1093.0,10.1,981.0,166.0,666.0,82.0,1676.0,733.0,32.7,33.0,1.5987
2.7,1184.0,14.1,1119.0,243.0,594.0,104.0,1806.0,912.0,31.4,35.4,1.5972
2.8,1180.0,14.1,1121.0,247.0,568.0,105.0,1816.0,947.0,27.7,43.5,1.592
2.0,1079.0,10.3,988.0,165.0,633.0,87.0,1694.0,899.0,26.2,47.8,1.5979
2.1,1095.0,11.5,1032.0,187.0,621.0,98.0,1730.0,984.0,25.7,48.7,1.5825
2.0,1073.0,10.9,1009.0,206.0,639.0,105.0,1655.0,955.0,25.2,50.1,1.58
1.8,1063.0,10.4,991.0,200.0,655.0,104.0,1672.0,966.0,24.4,53.4,1.6031
1.9,1046.0,9.5,960.0,189.0,671.0,96.0,1637.0,899.0,23.7,55.4,1.6031
1.3,953.0,7.0,858.0,136.0,742.0,79.0,1544.0,780.0,22.8,58.5,1.5992
0.7,864.0,3.3,673.0,83.0,947.0,61.0,1412.0,636.0,22.8,58.5,1.5985
0.5,838.0,2.8,639.0,72.0,963.0,48.0,1391.0,596.0,20.8,64.9,1.571
0.6,913.0,4.3,728.0,121.0,802.0,63.0,1418.0,887.0,19.7,66.8,1.5184
1.3,1039.0,8.5,921.0,268.0,687.0,102.75770394262327,1556.0,1115.0,19.8,64.3,1.4678
3.6,1252.0,20.9,1320.0,451.0,499.0,99.0,2001.0,1374.0,20.6,62.3,1.4915
4.9,1410.0,35.2,1669.0,458.0,393.0,117.0,2555.0,1644.0,23.2,54.0,1.5143
3.5423580700041546,1217.0,18.7,1261.0,487.0,533.0,142.0,1941.0,1375.0,26.3,43.1,1.4542
2.2,1114.0,12.8,1077.0,319.0,633.0,121.0,1705.0,1199.0,29.1,35.4,1.4008
1.9,1026.0,11.2,1020.0,269.0,689.0,122.0,1603.0,992.0,30.0,31.6,1.3176
2.2,1051.0,13.3,1094.0,224.0,646.0,108.0,1675.0,966.0,32.4,26.3,1.2594
2.0,1027.0,11.3,1024.0,162.0,700.0,80.0,1588.0,814.0,31.3,29.1,1.3054
1.7,996.0,10.4,992.0,189.0,722.0,93.0,1580.0,727.0,31.1,28.6,1.2718
2.0,1028.0,12.3,1060.0,213.0,686.0,108.0,1601.0,806.0,33.3,24.4,1.232
2.1,1030.0,12.3,1060.0,245.0,705.0,118.0,1588.0,852.0,35.5,21.2,1.2022
3.2,1133.0,19.4,1280.0,313.50191938836474,595.0,149.0,1791.0,1093.0,34.6,22.0,1.189
4.0,1180.0,21.5,1339.0,382.0,567.0,171.0,1868.0,1211.0,33.3,23.6,1.1842
4.4,1261.0,25.7,1446.0,358.0,528.0,154.0,2061.0,1346.0,30.0,28.5,1.1896
3.0,1093.0,14.5,1133.0,288.0,599.0,122.0,1708.0,1200.0,28.0,33.0,1.2264
2.2,1068.0,11.4,1029.0,252.0,650.0,126.0,1612.0,1192.0,27.2,37.4,1.3279
1.8394260341999566,1031.0,9.5,958.0,201.0,700.0,121.0,1560.0,1074.0,26.6,39.9,1.3657
1.9,1055.0,11.6,1037.0,225.0,635.0,125.0,1632.0,1161.0,25.3,41.7,1.3247
2.0,1060.0,11.4,1029.0,191.0873421252336,622.0,126.0,1663.0,1210.0,24.3,44.7,1.3432
1.5,962.0,7.5,880.0,167.0,726.0,96.0,1484.0,1050.0,24.4,45.6,1.3779
0.8023838977296148,874.0,5.3,776.0,99.0,846.0,73.0,1416.0,873.0,23.1,49.9,1.3891
0.6,834.0,4.0,709.0,87.0,907.0,65.0,1348.0,835.0,21.8,54.1,1.4004
0.7,865.0,4.6,745.0,164.0,866.0,90.0,1394.0,901.0,21.0,56.9,1.3999
0.8,903.0,5.8,803.0,87.0,819.0,58.0,1471.0,853.0,21.8,55.5,1.4323
2.9,1236.0,20.0,1297.0,93.0,542.0,27.0,1997.0,1321.0,21.6,57.2,1.4607
5.2,1464.0,30.0,1552.0,417.0,419.0,67.0,2366.0,1738.0,22.8,54.2,1.4886
3.3,1258.0,18.7,1261.0,406.0,514.0,96.0,1940.0,1603.0,26.2,45.0,1.5098
1.3,1016.0,7.7,888.0,169.0,776.0,64.0,1485.0,1040.0,23.1,47.0,1.3122
2.4887214248273892,1228.0,13.9,1113.0,231.0,628.0,72.0,1719.0,1324.0,23.7,46.2,1.3376
3.4,1311.0,22.0,1350.0,232.0,529.0,73.0,1957.0,1486.0,25.8,41.9,1.3688
2.1,1081.0,10.2,983.0,145.0,703.0,64.0,1546.0,1079.0,27.3,38.3,1.3669
2.2,1104.0,10.4,993.0,170.0,705.0,74.0,1539.0,1081.0,31.0,29.1,1.2885
1.7,991.0,8.0,898.0,214.0,787.0,89.0,1412.0,806.0,31.6,25.5,1.1638
4.0,1325.0,18.9,1266.0,477.0,926.0,188.0,1441.0,1543.0,32.4,19.8,0.9484
4.7,1383.0,24.1,1406.0,502.0,824.0,176.0,1582.0,1678.0,29.9,22.3,0.9235
3.8,1254.0,18.1,1241.0,420.0,873.0,163.0,1463.0,1431.0,28.2,24.8,0.936
2.8,1221.0,15.8,1174.0,344.0,874.0,155.0,1481.0,1413.0,26.8,28.9,1.0019
2.6,1226.0,14.6,1138.0,307.0,862.0,146.0,1481.0,1419.0,25.1,32.3,1.0131
2.0,1100.0,10.6,999.0,251.0,984.0,131.0,1361.0,1145.0,25.4,30.5,0.9722
1.4,999.0,7.5,879.0,180.0,1114.0,119.0,1261.0,960.0,24.9,28.3,0.8775
1.2,980.0,7.4,873.0,141.0,1088.0,98.0,1258.0,949.0,23.2,30.5,0.8558
0.6,859.0,3.8,698.0,105.0,1254.0,89.0,1157.0,819.0,22.3,33.6,0.8959
0.2,806.0,2.3,605.0,74.0,1366.0,68.0,1132.0,725.0,21.4,35.7,0.8982
0.4,813.0,2.7,631.0,91.0,1327.0,65.0,1108.0,710.0,21.7,33.4,0.8545
0.6,889.0,4.9,760.0,143.0,1224.0,81.0,1213.0,806.0,20.3,35.5,0.8342
3.0,1200.0,18.2,1246.0,553.0,798.0,136.0,1574.0,1416.0,19.7,37.5,0.8501
3.2,1289.0,21.4,1335.0,542.0,724.0,162.50541603078827,1681.0,1521.0,21.0,35.6,0.8736
3.5,1355.0,21.3,1333.0,590.0,741.0,157.0,1691.0,1605.0,25.0,28.9,0.9025
3.1,1277.0,19.9,1292.0,590.0,800.0,171.0,1626.0,1481.0,31.0,21.9,0.9708
2.2,1156.0,14.8,1142.0,387.0,907.0,143.0,1490.0,1188.0,34.9,18.5,1.0189
1.7,1054.0,12.6,1071.0,252.0,1006.0,116.0,1380.0,940.0,37.1,15.0,0.9297
2.0,1096.0,13.0,1083.0,310.0,971.0,129.0,1430.0,986.0,35.0,17.3,0.9542
2.5,1160.0,16.2,1185.0,396.0,873.0,168.0,1522.0,1162.0,35.1,17.5,0.9733
2.4,1148.0,15.0,1149.0,329.0,924.0,152.0,1473.0,1047.0,35.4,16.6,0.9385
2.9101823131705165,1166.0,16.2,1186.0,393.0,878.0,175.0,1500.0,1180.0,38.4,13.8,0.9221
4.2,1315.0,22.7,1370.0,522.0,794.0,212.0,1689.0,1399.0,37.6,14.5,0.9277
4.980182770831137,1425.0,32.3,1605.0,723.0930830393113,660.0,188.14112986551183,1920.0,2321.0,35.2,16.6,0.9242
3.8435997064568004,1329.0,22.3,1360.0,435.0,704.0,175.0,1768.0,1894.0,31.2,25.5,1.1379
3.3133306614465767,1299.0,16.6,1197.0,407.0,763.0,165.0,1688.0,1606.0,29.3,30.7,1.229
2.0,1123.0,11.0,1015.0,255.0,845.0,136.0,1470.0,1297.0,28.3,30.1,1.1392
1.5,1089.0,11.3,1024.0,180.0,831.0,111.0,1452.0,1182.0,27.4,31.5,1.133
1.5,1081.0,9.3,950.0,186.0,876.0,114.0,1434.0,1138.0,26.2,35.7,1.1929
1.2,1031.0,7.3,871.0,147.0,950.0,96.0,1393.0,972.0,25.2,38.1,1.2049
1.0,969.0,5.5,787.0,101.0,1035.0,75.0,1350.0,799.0,24.4,39.1,1.1784
0.5,881.0,3.5,680.0,69.0,1175.0,58.0,1251.0,630.0,23.7,39.1,1.1289
0.4,866.0,2.9,644.0,49.0,1162.0,41.0,1218.0,629.0,24.5,38.5,1.1688
0.5,895.0,3.6,689.0,91.0,1134.0,55.0,1250.0,709.0,22.4,43.5,1.1624
0.7,933.0,5.5,786.0,144.0,1018.0,73.0,1306.0,858.0,22.3,43.8,1.1631
2.4,1209.0,15.5,1163.0,430.0,762.0,108.0,1606.0,1300.0,21.4,45.8,1.1515
4.1,1417.0,28.3,1511.0,606.0,587.0,147.0,1975.0,1676.0,22.9,41.3,1.1383
3.0,1227.0,17.8,1233.0,519.0,739.0,150.0,1594.0,1384.0,26.6,30.3,1.0378
2.0,1093.0,12.8,1076.0,353.0,871.0,131.0,1457.0,1125.0,30.3,23.0,0.977
2.5,1135.0,15.7,1170.0,429.0,867.0,150.65622323065182,1523.0,1189.0,32.8,18.9,0.9234
2.4,1112.0,15.4,1161.0,345.0,866.0,151.0,1499.0,1088.0,34.3,17.7,0.9416
2.6,1147.0,15.6,1168.0,417.0,858.0,165.0,1492.0,1118.0,33.3,18.9,0.9536
1.9,1086.0,12.6,1070.0,276.0,907.0,135.0,1423.0,924.0,33.0,20.1,0.9959
2.1,1077.0,12.2,1056.0,280.0,908.0,143.0,1406.0,935.0,33.6,19.6,1.0029
2.5,1110.0,13.4,1098.0,365.0,882.0,153.0,1450.0,1009.0,34.9,18.4,1.0106
2.7,1146.0,14.3,1125.0,293.8223753666003,846.0,149.0,1511.0,1016.0,33.4,20.3,1.027
3.3,1211.0,16.5,1194.0,393.0,797.0,164.0,1599.0,1188.0,31.6,22.7,1.041
3.2,1218.0,17.4,1221.0,385.0,755.0,180.0,1599.0,1290.0,29.2,26.9,1.0709
2.6,1136.0,12.9,1082.0,307.0,824.0,159.0,1478.0,1130.0,27.7,30.1,1.0991
1.4,1017.0,8.2,908.0,194.0,932.0,119.0,1354.0,880.0,27.1,31.0,1.0991
1.6,1063.0,9.2,946.0,205.0,886.0,127.0,1391.0,996.0,26.0,33.4,1.1071
1.7,1083.0,9.3,951.0,223.0,880.0,131.0,1393.0,1054.0,25.1,35.7,1.1222
1.6,1077.0,10.4,994.0,176.0,829.0,101.0,1429.0,1081.0,24.3,38.5,1.1525
3.1,1372.0,18.4,1251.0,475.0,609.0,138.0,1890.0,1588.0,25.4,53.0,1.6963
2.9,1320.0,16.3,1190.0,395.0,655.0,138.0,1825.0,1482.0,30.0,41.6,1.7324
3.0,1346.0,18.2,1246.0,353.0,639.0,138.0,1907.0,1458.0,32.6,34.8,1.6872
3.0,1307.0,17.9,1236.0,397.0,649.0,137.0,1869.0,1356.0,32.2,34.2,1.6145
2.2,1157.0,12.6,1069.0,274.0,737.0,120.0,1653.0,1100.0,32.1,33.5,1.569
2.0,1154.0,11.3,1026.0,505.0,773.0,208.0,1623.0,1212.0,32.6,31.8,1.5361
2.3,1172.0,14.9,1145.0,275.0,735.0,128.0,1676.0,1049.0,35.2,25.2,1.4111
3.1,1241.0,18.5,1254.0,360.0,693.0,145.0,1735.0,1149.0,34.3,24.7,1.3154
6.2,1570.0,35.9,1684.0,605.5157617597924,494.0,155.40741551127144,2289.0,1716.0,29.0,36.6,1.4452
4.7,1418.0,26.7,1471.0,542.7842274550329,542.0,177.0,2064.0,1600.0,27.1,42.2,1.4949
3.0,1317.0,19.9,1295.0,891.0,593.0,172.0,1883.0,1592.0,26.1,46.4,1.5445
2.1,1204.0,14.6,1136.0,346.0,648.0,112.0,1782.0,1491.0,25.1,49.4,1.548
1.0,1014.0,6.9,853.0,98.0,843.0,39.0,1499.0,1084.0,26.0,46.4,1.5375
0.8,956.0,5.6,794.0,144.0,896.0,68.0,1456.0,1007.0,24.7,49.2,1.5116
0.7,891.0,3.9,708.0,110.0,1005.0,51.0,1382.0,823.0,24.8,49.0,1.5092
3.3,1299.0,17.3,1220.0,341.0,624.0,112.0,1929.0,1319.0,26.9,53.1,1.8557
6.1,1546.0,28.6,1519.0,543.5915735844069,493.0,170.0,2265.0,1649.0,26.5,50.8,1.7334
5.413621391554743,1571.0,31.8,1593.0,615.0,469.0,137.10628160485356,2409.0,1686.0,25.1,55.8,1.7511
3.7940395707257344,1312.0,20.1,1299.0,443.0,580.0,135.0,2016.0,1380.0,23.9,58.9,1.7276
1.9,1074.0,9.2,946.0,219.0,767.0,93.0,1635.0,1079.0,23.1,62.8,1.7562
1.8,1127.0,10.3,989.0,203.0,752.0,74.0,1724.0,1096.0,22.1,67.3,1.7671
1.5,1040.0,8.6,923.0,165.0,769.0,69.0,1640.0,1049.0,22.1,66.5,1.7441
1.6,1060.0,8.6,925.0,339.0,772.0,109.0,1649.0,1161.0,21.1,70.1,1.7366
0.8,911.0,4.8,753.0,103.0,934.0,55.0,1496.0,865.0,21.9,67.1,1.7394
0.5,853.0,2.6,623.0,74.0,1107.0,49.0,1421.0,768.0,21.7,67.4,1.7262
0.6,897.0,4.5,738.0,72.0,936.0,42.0,1471.0,843.0,19.1,76.0,1.6668
0.9,976.0,6.6,840.0,180.0,844.0,50.0,1562.0,964.0,19.4,75.4,1.6802
1.4,1066.0,10.1,982.0,239.0,740.0,53.0,1699.0,1065.0,19.7,74.4,1.6829
4.2,1435.0,23.4,1387.0,664.0,544.0,86.0,2140.0,1467.0,19.9,74.3,1.7083
4.1,1420.0,25.0,1430.0,525.0,512.0,81.0,2194.0,1510.0,20.4,72.8,1.7198
3.6,1365.0,21.6,1341.0,543.0,549.0,96.0,2033.0,1518.0,21.6,67.7,1.7254
2.5,1171.0,13.0,1083.0,390.0,695.0,96.0,1758.0,1276.0,22.9,59.1,1.633
1.3,982.0,6.8,850.0,217.0,888.0,79.0,1505.0,873.0,18.7,73.1,1.5608
1.7,1021.0,10.0,979.0,248.0,798.0,95.0,1580.0,958.0,21.1,58.3,1.4444
2.1,1044.0,11.7,1039.0,333.0,771.0,127.0,1609.0,1076.0,23.3,47.1,1.3281
1.7,1005.0,9.8,972.0,279.0,834.0,102.0,1514.0,952.0,22.9,47.9,1.3208
1.9,1021.0,10.2,985.0,339.0,816.0,107.0,1524.0,977.0,23.3,46.2,1.301
2.3,1064.0,12.0,1048.0,315.0,772.0,110.0,1574.0,1059.0,23.7,45.4,1.315
3.3,1167.0,17.7,1231.0,365.0,659.0,124.0,1745.0,1199.0,23.8,46.1,1.3373
3.5,1167.0,18.8,1263.0,338.0,640.0,113.0,1790.0,1212.0,23.0,49.3,1.3689
3.6,1164.0,17.6,1227.0,318.0,658.0,104.0,1800.0,1193.0,21.9,53.1,1.3787
2.9,1092.0,13.8,1110.0,302.0,725.0,117.0,1641.0,1105.0,21.3,54.8,1.3742
2.0,997.0,9.4,955.0,214.0,845.0,94.0,1528.0,926.0,21.2,55.2,1.3699
1.1,944.0,10.7,1005.0,363.0,874.0,109.0,1633.0,1094.0,21.3,55.8,1.3974
0.8,834.0,6.1,817.0,178.0,1022.0,72.0,1408.0,774.0,21.4,52.1,1.3125
0.5,796.0,3.2,667.0,55.0,1162.0,40.0,1295.0,558.0,20.6,56.6,1.3583
0.3,752.0,1.2,521.0,32.0,1451.0,23.0,1247.0,471.0,19.7,61.9,1.4017
0.3,755.0,1.3,528.0,35.0,1472.0,24.0,1234.0,471.0,19.6,59.1,1.3346
0.5,800.0,2.2,598.0,84.0,1336.0,41.0,1278.0,529.0,19.8,56.7,1.2941
2.4,1147.0,14.6,1136.0,456.0,737.0,99.0,1708.0,1114.0,20.2,55.6,1.3043
2.2,1036.0,9.7,965.0,342.0,854.0,91.0,1544.0,987.0,19.7,57.8,1.3112
1.4,926.0,6.7,845.0,239.0,979.0,81.0,1398.0,851.0,20.2,53.1,1.2442
1.6,961.0,7.6,881.0,337.0,932.0,95.0,1417.0,901.0,22.0,47.0,1.2259
1.6,951.0,8.6,926.0,351.0,902.0,113.0,1460.0,949.0,23.5,41.6,1.1884
1.6,962.0,9.0,940.0,209.0,889.0,89.0,1441.0,855.0,22.8,41.8,1.1417
2.1,1004.0,10.7,1004.0,257.0,832.0,88.0,1490.0,911.0,23.4,40.4,1.15
1.1,893.0,6.3,828.0,169.0,988.0,81.0,1357.0,672.0,23.2,42.8,1.2017
1.6,990.0,9.4,956.0,216.0,872.0,82.0,1476.0,826.0,23.6,43.2,1.2433
2.4,1071.0,12.5,1068.0,303.0,798.0,115.0,1556.0,988.0,23.9,40.8,1.1937
2.9,1140.0,15.2,1155.0,320.0,733.0,112.0,1660.0,1105.0,23.6,42.8,1.23
2.7,1103.0,14.8,1143.0,310.0,741.0,116.0,1647.0,1089.0,23.2,43.3,1.2161
3.1,1082.0,15.9,1178.0,341.0,733.0,129.0,1605.0,1077.0,22.8,42.5,1.1608
2.2,991.0,10.0,977.0,272.0,872.0,110.0,1448.0,923.0,22.3,42.2,1.1209
1.5,935.0,6.9,852.0,229.0,978.0,105.0,1344.0,824.0,22.1,43.0,1.1271
1.2,908.0,5.5,790.0,168.0,1046.0,90.0,1317.0,717.0,22.2,42.7,1.1237
1.3,927.0,6.3,826.0,173.0,1021.0,94.0,1331.0,734.0,22.1,42.8,1.1265
1.4,936.0,6.7,844.0,186.0,978.0,96.0,1365.0,776.0,22.1,43.5,1.1443
0.9,847.0,3.7,694.0,112.0,1153.0,70.0,1240.0,594.0,21.5,45.6,1.1528
0.7,812.0,3.2,664.0,79.0,1212.0,57.0,1215.0,518.0,21.1,44.5,1.098
0.5,775.0,2.3,609.0,58.0,1319.0,42.0,1190.0,468.0,20.2,46.7,1.0899
0.8,835.0,3.6,690.0,122.0,1183.0,71.0,1257.0,621.0,20.1,47.8,1.1144
1.2,913.0,6.4,830.0,173.0,980.0,82.0,1371.0,757.0,20.0,50.7,1.1724
1.1,903.0,5.0,765.0,176.0,1035.0,81.0,1317.0,712.0,20.7,49.7,1.197
1.5327346110380735,982.0,7.9,895.0,233.0,892.0,89.0,1413.0,859.0,24.3,39.5,1.1842
1.4,925.0,6.6,838.0,210.0,949.0,83.0,1324.0,728.0,25.4,34.8,1.1119
1.2,895.0,5.2,776.0,178.0,1024.0,82.0,1274.0,640.0,26.6,30.7,1.0501
1.4,930.0,6.6,838.0,189.0,957.0,78.0,1319.0,680.0,27.7,28.1,1.0272
1.6,953.0,7.6,881.0,210.0,926.0,79.0,1339.0,704.0,27.6,28.7,1.0406
1.1,885.0,5.0,765.0,162.0,1017.0,78.0,1268.0,619.0,27.6,29.2,1.0594
1.1,903.0,5.3,779.0,137.0,1010.0,73.0,1278.0,583.0,28.1,28.6,1.0715
1.3,927.0,5.3,781.0,165.0,994.0,73.0,1267.0,594.0,29.1,26.8,1.0648
1.5,979.0,6.5,835.0,204.0,936.0,100.0,1338.0,700.0,28.4,28.3,1.0798
2.0,1050.0,9.2,947.0,266.0,832.0,122.0,1447.0,912.0,26.6,32.1,1.102
2.3572257156726186,1091.0,11.6,1037.0,299.0,770.0,132.0,1512.0,1038.0,25.3,35.3,1.1262
2.0,1040.0,9.2,946.0,234.0,827.0,116.0,1424.0,952.0,24.7,37.1,1.1397
1.5,997.0,7.5,879.0,181.0,885.0,109.0,1404.0,887.0,23.5,40.6,1.1588
1.7,1042.0,9.0,938.0,210.0,816.0,109.0,1456.0,1004.0,22.8,43.4,1.1915
2.5,1191.0,12.1,1055.0,304.0,707.0,116.0,1563.0,1221.0,22.2,47.9,1.2626
2.2,1149.0,10.5,996.0,255.0,754.0,104.0,1534.0,1177.0,21.3,50.5,1.2652
1.4,973.0,7.1,862.0,149.0,850.0,81.0,1436.0,957.0,20.6,53.2,1.2742
1.2,940.0,6.2,823.0,112.0,891.0,64.0,1415.0,853.0,19.6,56.6,1.2797
0.9,830.0,3.8,699.0,90.0,1012.0,54.0,1339.0,736.0,18.8,59.5,1.2758
0.5,773.0,2.3,609.0,46.0,1169.0,35.0,1256.0,590.0,19.3,57.0,1.2603
0.6,811.0,2.9,644.0,76.0,1144.0,44.0,1289.0,655.0,18.2,60.8,1.2567
1.0,901.0,4.8,754.0,139.0,936.0,62.0,1351.0,854.0,16.8,66.8,1.2721
1.3,969.0,7.7,886.0,179.0,863.0,68.0,1451.0,953.0,18.6,60.0,1.2757
1.7,1027.0,8.8,933.0,224.0,806.0,85.0,1465.0,1050.0,22.2,48.0,1.2678
2.2,1094.0,10.6,1002.0,272.0,755.0,110.0,1536.0,1114.0,26.5,35.7,1.2149
2.1,1083.0,10.2,984.0,251.0,784.0,115.0,1485.0,1049.0,30.0,28.5,1.1883
2.2,1098.0,11.0,1015.0,250.0,754.0,129.0,1508.0,996.0,32.2,24.7,1.1696
2.0,1059.0,11.9,1047.0,178.0,761.0,106.0,1549.0,841.0,29.6,28.6,1.1628
2.0,1021.0,10.8,1009.0,137.0,771.0,87.0,1545.0,769.0,29.8,28.5,1.1809
1.2,925.0,5.1,768.0,119.0,987.0,70.0,1289.0,541.0,31.1,26.1,1.163
1.8,1045.0,8.3,910.0,193.0,878.0,106.0,1385.0,742.0,34.6,22.4,1.212
4.3,1303.0,20.7,1317.0,329.0,631.0,151.0,1816.0,1196.0,33.2,25.4,1.2722
3.8,1254.0,16.8,1204.0,413.0,668.0,179.0,1655.0,1338.0,30.0,31.4,1.3074
4.4,1345.0,20.4,1306.0,489.0,587.0,188.0,1806.0,1416.0,27.5,38.1,1.3756
3.8,1273.0,15.3,1159.0,411.7050437544605,645.0,187.0,1704.0,1341.0,26.2,42.5,1.423
1.9,1096.0,8.8,931.0,228.0,766.0,121.0,1506.0,1019.0,24.7,46.4,1.4206
1.7,1077.0,8.5,920.0,155.4352303844377,778.0,99.0,1509.0,935.0,23.6,50.0,1.4383
1.8,1084.0,8.7,929.0,189.0,751.0,100.0,1517.0,1081.0,22.7,53.6,1.4632
1.1,980.0,5.7,800.0,100.0,863.0,79.0,1407.0,903.0,22.7,53.8,1.4666
0.8,882.0,4.0,713.0,71.0,978.0,57.0,1343.0,731.0,22.8,53.0,1.4577
0.7,851.0,3.0,655.0,52.0,1051.0,43.0,1301.0,625.0,21.4,57.6,1.4469
0.5,804.0,2.2,601.0,57.0,1122.0,50.0,1281.0,646.0,19.5,63.5,1.4269
0.5,823.0,2.7,631.0,69.0,1090.0,47.0,1304.0,671.0,20.2,60.8,1.4243
0.9,903.0,4.7,748.0,126.0,937.0,60.0,1373.0,801.0,19.4,63.5,1.4139
3.8096967787423353,1310.0,21.7,1344.0,376.0,573.0,91.0,2026.0,1353.0,18.7,65.6,1.4039
5.7,1479.0,27.5,1490.0,737.0,494.0,159.0,2146.0,1749.0,23.5,49.7,1.4156
3.5,1285.0,18.1,1243.0,481.0,599.0,173.0,1815.0,1582.0,26.4,41.9,1.4237
3.7,1262.0,18.6,1258.0,425.0,597.0,174.0,1835.0,1484.0,29.9,34.0,1.4096
3.1,1225.0,17.6,1227.0,330.0,643.0,165.0,1774.0,1321.0,31.5,30.8,1.4017
3.0,1162.0,16.3,1188.0,303.0,676.0,136.0,1681.0,1125.0,30.2,30.2,1.2744
2.6,1103.0,11.8,1044.0,283.0,757.0,125.0,1523.0,967.0,30.5,29.3,1.2612
2.4,1120.0,11.9,1045.0,264.0,752.0,128.10241606812397,1563.0,975.0,31.8,27.4,1.2673
2.6,1169.0,15.5,1163.0,280.0,708.0,124.0,1639.0,1025.0,34.3,23.2,1.2326
5.0,1386.0,28.8,1522.0,505.0,560.0,184.0,1990.0,1469.0,34.1,23.0,1.2081
5.6,1426.0,31.1,1577.0,579.3329152991284,521.0,165.95566315943137,2080.0,1648.0,30.5,29.2,1.2585
6.5,1476.0,34.9,1663.0,696.4934282064514,473.0,225.0,2167.0,1785.0,28.1,32.4,1.2173
4.1,1167.0,19.5,1282.0,448.0,633.0,168.0,1685.0,1371.0,26.5,31.7,1.0787
2.1,1032.0,11.7,1039.0,231.0,761.0,118.0,1455.0,1071.0,24.8,33.7,1.0377
2.0,1034.0,9.9,972.0,230.0,747.0,115.0,1437.0,1118.0,23.9,38.1,1.1123
1.4,986.0,7.7,885.0,146.0,835.0,94.0,1407.0,931.0,23.0,43.0,1.1897
0.8,908.0,4.4,732.0,77.0,966.0,62.0,1311.0,722.0,23.5,44.7,1.2755
0.8,891.0,4.1,714.0,82.0,957.0,68.0,1295.0,773.0,22.3,47.7,1.2643
0.6,843.0,3.1,656.0,55.0,1042.0,50.0,1271.0,665.0,22.1,49.8,1.3094
0.4,814.0,2.1,589.0,42.0,1119.0,36.0,1246.0,565.0,20.8,55.9,1.3581
0.6,869.0,3.3,673.0,102.0,1033.0,53.0,1307.0,688.0,18.8,63.0,1.3582
1.4,1013.0,8.1,905.0,231.0,804.0,79.0,1499.0,974.0,18.3,65.5,1.3686
5.6,1515.0,31.4,1584.0,699.0,496.0,133.0,2288.0,1591.0,18.2,66.1,1.3679
6.414975090573288,1587.0,41.2,1795.0,738.0,425.0,148.0,2531.0,1820.0,19.6,60.7,1.3713
4.993345498868181,1490.0,27.3,1487.0,665.0,508.0,161.0,2115.0,1807.0,22.6,51.4,1.392
4.4,1435.0,24.2,1408.0,598.0,537.0,191.0,1991.0,1704.0,25.8,44.2,1.4512
3.1,1246.0,17.0,1209.0,340.0,632.0,158.0,1792.0,1270.0,28.5,39.0,1.4928
3.3,1266.0,17.7,1231.0,374.0,615.0,157.0,1768.0,1265.0,30.1,35.1,1.4782
3.717610714760571,1277.0,19.3,1277.0,401.0,586.0,188.0,1846.0,1226.0,29.4,36.4,1.4718
2.3,1142.0,12.7,1073.0,275.0,671.0,143.0,1635.0,987.0,29.2,37.9,1.5116
2.6,1207.0,14.6,1136.0,278.0,645.0,152.0,1696.0,1024.0,30.5,34.9,1.5015
3.2,1252.0,17.8,1233.0,342.0,618.0,168.0,1759.0,1127.0,31.5,31.4,1.431
4.717172746049781,1399.0,26.6,1468.0,489.28013230500375,531.0,205.0,2072.0,1442.0,31.2,31.4,1.3987
5.222191701761639,1464.0,30.3,1559.0,579.5648527995453,485.0,204.0,2158.0,1639.0,28.5,37.2,1.4282
5.002126371629631,1422.0,28.7,1520.0,531.0,494.0,210.0,2087.0,1624.0,26.7,42.3,1.4618
3.8510058512581162,1308.0,20.0,1297.0,428.0,567.0,173.0,1899.0,1454.0,24.8,49.0,1.5092
2.4,1137.0,11.9,1047.0,229.0,680.0,123.0,1620.0,1138.0,23.6,53.6,1.5374
1.5,1040.0,8.1,903.0,145.0,782.0,92.0,1494.0,951.0,23.0,55.8,1.548
1.3,1018.0,7.7,885.0,112.0,809.0,77.0,1491.0,864.0,22.1,58.4,1.5393
1.1,962.0,5.9,808.0,99.0,866.0,74.0,1430.0,868.0,22.6,56.3,1.5233
1.0,930.0,5.1,768.0,98.0,916.0,74.0,1409.0,825.0,21.0,61.3,1.5031
0.6,812.0,2.4,613.0,54.0,1133.0,47.0,1302.0,626.0,23.0,54.0,1.501
0.6,878.0,3.8,702.0,59.0,949.0,44.0,1373.0,822.0,18.3,70.8,1.4794
0.8,922.0,5.0,764.0,162.0,892.0,69.0,1415.0,905.0,18.1,72.5,1.4876
1.5,1047.0,9.7,965.0,268.0,737.0,79.0,1606.0,1075.0,18.3,71.0,1.4807
4.1,1376.0,25.9,1452.0,531.0,521.0,108.0,2123.0,1541.0,18.5,68.9,1.4565
5.418993634358266,1514.0,34.3,1648.0,517.0,457.0,119.0,2400.0,1749.0,20.1,62.7,1.461
5.2006942790881805,1494.0,29.0,1528.0,701.0,479.0,165.0,2201.0,1798.0,23.5,52.0,1.4833
3.7,1316.0,20.0,1298.0,510.0,562.0,172.0,1888.0,1584.0,26.8,42.7,1.4864
3.3,1269.0,18.3,1247.0,411.39725773966927,597.0,180.0,1813.0,1441.0,29.1,36.7,1.4543
2.5,1152.0,13.4,1099.0,243.0,674.0,130.0,1631.0,1093.0,30.8,32.0,1.4014
2.6,1138.0,14.0,1117.0,267.0,657.0,120.0,1646.0,1019.0,27.9,37.0,1.372
2.2,1132.0,12.1,1052.0,233.0,680.0,117.0,1609.0,944.0,28.5,37.3,1.4291
2.6,1186.0,15.3,1159.0,295.0,640.0,141.0,1701.0,1046.0,30.2,32.9,1.3865
2.9,1228.0,16.1,1184.0,309.0,657.0,151.0,1724.0,1089.0,32.9,27.7,1.3622
5.0,1424.0,27.3,1486.0,513.2849482935167,523.0,218.0,2084.0,1537.0,32.2,28.8,1.3624
5.1,1427.0,26.2,1458.0,567.062044311996,507.0,213.0,2049.0,1566.0,28.8,39.0,1.5203
5.2,1387.0,26.7,1473.0,460.0,508.0,194.0,2065.0,1510.0,26.7,43.3,1.4881
3.5518421095390527,1284.0,18.3,1249.0,363.0,582.0,167.0,1842.0,1300.0,24.6,54.0,1.6461
2.2,1110.0,11.9,1045.0,213.0,688.0,115.0,1638.0,1058.0,23.4,59.9,1.6992
2.1,1110.0,11.5,1032.0,183.0,702.0,98.0,1650.0,1002.0,22.5,62.6,1.6883
1.8,1077.0,9.6,964.0,163.0,749.0,93.0,1571.0,923.0,22.9,62.0,1.7127
1.6,1037.0,8.0,898.0,152.0,793.0,87.0,1539.0,836.0,22.2,64.9,1.719
1.4,1002.0,6.9,854.0,104.0,818.0,71.0,1513.0,779.0,21.4,68.5,1.7261
0.8,865.0,3.7,694.0,61.0,989.0,49.0,1385.0,678.0,22.2,63.0,1.6673
0.5,847.0,2.5,620.0,84.0,1085.0,58.0,1339.0,670.0,22.9,57.5,1.5879
0.9,961.0,6.3,828.0,132.0,892.0,66.0,1491.0,837.0,21.3,63.2,1.5794
3.2,1336.0,21.6,1340.0,422.0,540.0,112.0,2049.0,1400.0,21.3,63.5,1.5941
3.2211245563083284,1251.0,18.8,1264.0,282.0,582.0,104.0,1897.0,1393.0,23.7,54.4,1.5765
2.7,1290.0,18.1,1244.0,293.0,604.0,103.0,1853.0,1415.0,25.0,50.8,1.5903
2.4,1215.0,14.8,1141.0,334.0,631.0,118.0,1766.0,1285.0,26.3,48.1,1.6199
2.7,1248.0,15.9,1177.0,324.0,608.0,129.0,1784.0,1230.0,26.4,47.3,1.6006
2.8,1233.0,16.1,1184.0,294.0,610.0,127.0,1775.0,1147.0,29.3,39.5,1.5855
3.0494117124005955,1229.0,17.2,1217.0,273.0,599.0,130.0,1795.0,1107.0,29.0,39.6,1.5581
2.6,1206.0,15.8,1175.0,275.0,618.0,130.0,1746.0,1068.0,29.8,38.0,1.5642
2.6,1215.0,15.1,1150.0,282.0,608.0,118.0,1733.0,1115.0,30.4,37.2,1.588
3.2,1330.0,18.9,1264.0,323.0,586.0,146.0,1860.0,1362.0,31.5,34.9,1.5903
4.497337421681401,1446.0,25.2,1434.0,442.0,522.0,190.0,2075.0,1619.0,31.6,34.8,1.5925
4.58766520765097,1446.0,26.1,1458.0,431.0,501.0,189.0,2059.0,1572.0,29.0,40.5,1.5949
4.7,1421.0,25.6,1444.0,402.0,510.0,173.0,2056.0,1446.0,27.2,45.9,1.6302
3.3,1247.0,16.9,1206.0,313.0,600.0,148.0,1785.0,1233.0,26.2,48.7,1.6256
2.3,1168.0,12.6,1070.0,228.0,667.0,116.0,1646.0,1102.0,25.1,50.5,1.584
2.1,1111.0,10.3,991.0,218.0,721.0,109.0,1559.0,1028.0,24.1,50.7,1.4959
1.7,1071.0,8.9,934.0,179.0,763.0,94.0,1504.0,942.0,22.5,53.7,1.4486
1.0,969.0,6.5,835.0,97.0,859.0,64.0,1437.0,773.0,22.7,53.7,1.458
0.9,942.0,5.3,780.0,83.0,915.0,59.0,1419.0,737.0,21.5,57.9,1.4658
0.7,923.0,4.6,744.0,80.0,908.0,64.0,1394.0,815.0,22.3,55.8,1.4828
0.4,851.0,2.5,618.0,66.0,1099.0,52.0,1351.0,642.0,21.1,59.9,1.4789
0.5,868.0,2.8,639.0,109.0,1093.0,55.0,1367.0,610.0,20.4,63.0,1.4946
1.3,1062.0,8.4,915.0,232.0,792.0,83.0,1579.0,929.0,20.8,62.2,1.5119
3.5,1418.0,21.1,1328.0,535.0,546.0,114.0,2017.0,1427.0,21.3,61.6,1.5452
5.5,1600.0,34.0,1641.0,684.0,440.0,137.0,2430.0,1776.0,21.9,60.2,1.56
5.439392956642521,1583.0,29.4,1538.0,803.0,461.0,160.0,2214.0,1788.0,23.0,56.4,1.5614
3.4,1338.0,20.3,1305.0,539.0,543.0,138.0,1929.0,1521.0,25.1,49.5,1.5572
3.2,1285.0,18.4,1252.0,364.0,581.0,134.0,1866.0,1293.0,26.6,44.3,1.5229
3.7,1376.0,22.3,1359.0,422.0,530.0,143.0,1998.0,1435.0,26.2,46.0,1.5422
4.706331548398906,1467.0,26.9,1477.0,522.3373828305965,491.0,153.0,2114.0,1592.0,25.4,48.7,1.5594
4.2,1442.0,24.0,1403.0,496.0,518.0,145.0,2026.0,1551.0,25.6,48.3,1.558
3.3,1358.0,19.3,1277.0,403.0,563.0,123.0,1892.0,1429.0,25.7,47.8,1.5548
2.7,1222.0,14.5,1133.0,282.0,624.0,96.0,1698.0,1195.0,24.9,49.2,1.5251
2.2,1134.0,11.1,1017.0,268.0,724.0,107.0,1632.0,981.0,18.3,75.4,1.5682
2.8,1120.0,10.4,993.0,306.0,725.0,119.0,1565.0,962.0,16.3,73.9,1.3601
2.9,1103.0,10.5,997.0,293.0,736.0,109.0,1552.0,914.0,15.6,75.7,1.3345
2.0,985.0,5.8,805.0,240.0,895.0,107.0,1390.0,785.0,15.4,76.6,1.3334
0.7,795.0,2.2,596.0,93.0,1227.0,57.0,1188.0,482.0,14.0,75.4,1.1988
0.6,787.0,2.0,584.0,99.0,1317.0,60.0,1129.0,446.0,14.9,60.5,1.0213
1.2,839.0,3.8,701.0,55.0,1128.0,22.0,1156.0,553.0,15.5,50.9,0.888
1.2,835.0,3.9,705.0,19.0,1117.0,2.0,1161.0,592.0,15.6,50.0,0.8773
1.1,837.0,3.7,693.0,26.0,1096.0,7.0,1178.0,584.0,15.4,53.6,0.9326
0.6,761.0,1.7,563.0,26.0,1316.0,8.0,1106.0,451.0,15.4,53.9,0.9334
0.3,724.0,1.0,495.0,42.0,1531.0,27.0,1071.0,391.0,15.3,53.1,0.9181
0.3,718.0,0.9,486.0,32.0,1531.0,14.0,1072.0,398.0,15.4,53.7,0.9295
0.4,744.0,1.3,525.0,25.0,1434.0,3.0,1097.0,430.0,15.5,53.3,0.9308
0.6,782.0,2.1,591.0,28.0,1287.0,9.0,1130.0,461.0,15.4,52.7,0.9178
0.7,798.0,2.5,619.0,41.0,1204.0,14.0,1138.0,500.0,15.7,51.1,0.9056
1.0,867.0,4.6,744.0,130.0,1067.0,52.0,1207.0,594.0,16.9,47.7,0.9142
1.1,862.0,4.3,729.0,173.0,1103.0,64.0,1171.0,603.0,18.2,41.9,0.8674
1.5,915.0,6.5,834.0,168.0,1006.0,66.0,1243.0,686.0,19.1,37.0,0.8104
1.4,857.0,6.0,813.0,51.0,1040.0,14.0,1183.0,622.0,19.3,34.8,0.771
1.4,837.0,6.0,812.0,31.0,1065.0,9.0,1171.0,624.0,19.8,31.2,0.7127
1.0,805.0,4.5,740.0,41.0,1161.0,12.0,1117.0,565.0,19.8,31.1,0.7104
0.9,781.0,3.9,705.0,41.0,1203.0,14.0,1068.0,514.0,20.2,28.6,0.6717
1.1,815.0,4.6,743.0,54.0,1183.0,21.0,1095.0,536.0,22.1,24.8,0.6514
1.3,877.0,6.7,844.0,112.0,1048.0,43.0,1193.0,669.0,21.1,27.7,0.6853
1.8,926.0,8.9,935.0,178.0,931.0,62.0,1262.0,786.0,20.1,30.3,0.7045
2.4,987.0,9.8,971.0,218.0,876.0,68.0,1312.0,891.0,19.5,33.0,0.7384
2.7,1004.0,10.8,1007.0,241.0,848.0,81.0,1321.0,926.0,19.3,32.3,0.7163
1.7,897.0,7.4,875.0,223.0,937.0,88.0,1227.0,902.0,18.4,33.2,0.6975
2.2,1002.0,10.3,989.0,279.0,840.0,99.0,1358.0,1011.0,17.8,36.5,0.7366
2.8,1126.0,13.8,1111.0,330.0,746.0,98.0,1473.0,1249.0,17.8,39.9,0.8035
2.4,1067.0,10.9,1013.0,330.0,794.0,97.0,1350.0,1133.0,17.0,43.0,0.8242
2.5,1063.0,11.7,1040.0,341.0,739.0,101.0,1413.0,1166.0,15.5,52.2,0.9136
1.4,915.0,7.8,893.0,205.0,872.0,90.0,1287.0,953.0,15.6,51.9,0.9135
0.9,816.0,4.5,739.0,102.0,999.0,55.0,1188.0,793.0,12.5,63.2,0.9146
0.6,768.0,3.3,671.0,79.0,1128.0,46.0,1153.0,700.0,13.6,57.6,0.8941
1.0,835.0,5.4,785.0,148.0,989.0,56.0,1224.0,780.0,12.2,63.2,0.8964
1.6,944.0,8.2,908.0,261.0,865.0,83.0,1321.0,931.0,14.6,56.4,0.9319
0.9,810.0,3.0,651.0,107.0,1170.0,55.0,1117.0,575.0,19.8,38.6,0.8831
0.9,819.0,3.0,655.0,103.0,1222.0,47.0,1104.0,507.0,21.6,33.4,0.8519
1.0,844.0,3.5,680.0,122.0,1147.0,61.0,1129.0,518.0,22.0,32.2,0.8407
1.0,846.0,3.6,688.0,127.0,1127.0,58.0,1138.0,518.0,22.7,30.2,0.8217
0.9,842.0,4.0,711.0,110.0,1077.0,59.0,1160.0,516.0,22.3,30.4,0.8063
0.9,840.0,4.2,722.0,98.0,1048.0,54.0,1169.0,507.0,22.1,30.5,0.7981
0.9,815.0,3.1,657.0,146.0,1166.0,69.0,1098.0,490.0,22.1,29.5,0.7761
0.9,838.0,3.5,685.0,119.0,1176.0,54.0,1121.0,465.0,23.4,27.1,0.7681
2.7,992.0,10.3,987.0,234.0,823.0,95.0,1327.0,781.0,23.1,27.0,0.7538
2.2,990.0,7.8,891.0,261.0,908.0,99.0,1278.0,765.0,21.5,31.4,0.7943
3.3,1066.0,10.7,1004.0,371.0,795.0,127.0,1384.0,1006.0,20.3,35.5,0.833
2.1,971.0,7.3,870.0,266.0,911.0,98.0,1287.0,798.0,19.6,36.3,0.8193
1.8,963.0,7.7,887.0,268.0,853.0,112.0,1311.0,938.0,18.7,39.7,0.8482
1.9,1010.0,8.6,925.0,294.0,829.0,115.0,1351.0,996.0,18.0,42.7,0.8745
2.3,1054.0,10.0,978.0,303.0,768.0,114.0,1398.0,1109.0,17.1,47.6,0.9208
1.9,998.0,8.5,920.0,241.0,802.0,103.0,1365.0,1042.0,16.6,51.3,0.9634
1.3,919.0,5.8,802.0,142.0,891.0,81.0,1265.0,940.0,15.9,55.2,0.9881
1.0,884.0,5.0,764.0,110.0,921.0,75.0,1247.0,900.0,14.9,58.9,0.9891
0.6,820.0,3.4,674.0,104.0,1024.0,64.0,1188.0,790.0,14.0,62.6,0.9948
0.9,894.0,5.6,794.0,179.0,889.0,71.0,1266.0,908.0,14.1,61.7,0.9844
1.5,988.0,9.0,941.0,361.0,801.0,99.0,1399.0,1035.0,14.4,60.3,0.9802
5.5,1372.0,26.9,1477.0,557.5298106041256,542.0,132.0,1973.0,1556.0,15.0,57.7,0.9778
4.0,1209.0,18.8,1262.0,438.24618314571075,618.0,135.0,1708.0,1392.0,16.9,50.3,0.958
1.8,951.0,8.2,908.0,275.0,873.0,94.0,1314.0,904.0,19.7,40.2,0.9108
1.9,992.0,9.1,943.0,325.0,847.0,103.0,1351.0,936.0,22.2,33.6,0.8886
1.7,964.0,9.2,947.0,327.0,862.0,123.0,1328.0,907.0,23.7,29.6,0.8537
1.6,917.0,8.3,910.0,252.0,886.0,95.0,1275.0,744.0,21.9,30.7,0.7961
1.9,937.0,9.1,942.0,226.0,852.0,90.0,1276.0,773.0,22.3,29.5,0.7838
1.6,961.0,9.2,949.0,230.0,853.0,99.0,1306.0,812.0,23.8,27.0,0.7845
1.8,969.0,9.6,962.0,244.0,829.0,107.0,1316.0,856.0,23.3,28.3,0.8012
2.0,1020.0,11.8,1042.0,251.0,788.0,112.0,1401.0,927.0,24.2,27.2,0.8128
3.1,1107.0,17.3,1219.0,346.0,683.0,132.0,1582.0,1131.0,25.1,25.8,0.8065
3.9,1119.0,17.8,1233.0,407.0,670.0,148.0,1539.0,1270.0,22.3,29.2,0.7773
4.3,1173.0,20.9,1322.0,490.0,633.0,172.82328232421406,1679.0,1365.0,20.8,32.5,0.7873
2.9749010894103884,1097.0,14.9,1144.0,434.0,702.0,145.0,1517.0,1274.0,19.1,36.8,0.8066
2.4,1018.0,11.3,1024.0,345.0,758.0,128.0,1400.0,1169.0,18.1,39.9,0.8232
1.5,932.0,8.4,914.0,192.0,837.0,105.0,1298.0,1000.0,17.4,42.8,0.8463
1.3,897.0,6.8,849.0,157.0,891.0,90.0,1253.0,910.0,16.7,46.6,0.8793
1.0,840.0,4.9,758.0,148.0,994.0,85.0,1189.0,829.0,17.1,46.8,0.9054
0.8,802.0,3.5,680.0,105.0,1091.0,73.0,1137.0,756.0,15.3,51.9,0.8982
0.5,765.0,2.8,637.0,141.0,1138.0,74.0,1113.0,742.0,15.0,52.8,0.8929
0.5,748.0,2.2,595.0,107.0,1208.0,61.0,1089.0,677.0,12.8,59.8,0.8801
0.7,791.0,3.9,704.0,166.0,1057.0,69.0,1154.0,748.0,11.9,62.7,0.8726
1.2,875.0,7.3,871.0,241.0,890.0,82.0,1253.0,890.0,12.1,62.6,0.8825
2.4,1085.0,15.5,1164.0,368.0,707.0,120.0,1503.0,1155.0,13.5,58.2,0.8944
4.3,1268.0,27.1,1482.0,498.0,550.0,135.0,1849.0,1533.0,14.4,55.7,0.9087
4.1,1236.0,21.3,1332.0,641.0,601.0,152.0,1683.0,1550.0,17.8,45.7,0.9224
3.7,1274.0,19.9,1294.0,667.0,615.0,177.0,1595.0,2236.0,21.0,37.2,0.9155
3.6433909923796923,1250.0,19.4,1280.0,550.0,618.0,181.0,1663.0,2178.0,24.5,29.8,0.9008
3.8,1224.0,21.8,1347.0,483.0,602.0,176.0,1670.0,1901.0,26.4,26.4,0.8969
4.1,1220.0,21.7,1344.0,524.0,605.0,163.0,1676.0,1743.0,25.2,26.8,0.8451
3.4,1166.0,18.9,1265.0,481.0,640.0,174.0,1570.0,1502.0,26.1,24.8,0.8283
2.3,1050.0,13.0,1084.0,305.0,748.0,117.0,1402.0,1153.0,26.2,24.4,0.8174
3.2,1174.0,18.8,1264.0,396.0,670.0,145.0,1598.0,1287.0,28.9,21.3,0.8382
4.422007718486713,1323.0,26.8,1474.0,501.0,554.0,173.0,1854.0,1547.0,28.0,23.3,0.8681
5.7765049193188025,1432.0,36.9,1706.0,688.6137467859523,488.0,204.0,2098.0,1842.0,24.7,27.9,0.8559
7.5,1479.0,39.3,1756.0,772.0810029195702,466.0,209.0,2165.0,1908.0,23.0,33.6,0.9302
4.5,1309.0,23.1,1379.0,524.0,555.0,175.0,1841.0,1693.0,20.9,45.8,1.1159
2.1,1089.0,11.6,1037.0,247.0,707.0,129.0,1480.0,1336.0,19.8,48.6,1.113
1.5,1009.0,8.3,911.0,196.0,788.0,111.0,1359.0,1177.0,19.8,47.7,1.0885
1.1,930.0,5.7,796.0,135.0,883.0,85.0,1263.0,977.0,18.6,49.1,1.0435
1.1,929.0,5.9,805.0,146.0,879.0,86.0,1270.0,974.0,17.2,53.9,1.0498
0.9,872.0,4.1,718.0,106.0,981.0,71.0,1223.0,872.0,16.3,56.8,1.047
0.5,790.0,2.2,601.0,70.0,1150.0,60.0,1157.0,734.0,17.4,53.4,1.0541
0.4,769.0,2.0,586.0,60.0,1221.0,45.0,1134.0,650.0,17.1,52.5,1.013
0.7,852.0,4.0,713.0,92.0,1029.0,53.0,1203.0,749.0,15.2,58.3,0.9986
2.0,1100.0,13.4,1097.0,277.0,739.0,94.0,1516.0,1106.0,14.9,59.2,0.9985
4.2,1326.0,28.0,1504.0,600.0,510.0,122.0,1968.0,1609.0,15.1,59.0,1.0086
5.2,1433.0,28.6,1518.0,693.0,499.0,170.0,1973.0,1770.0,19.0,47.8,1.0434
3.8,1310.0,21.4,1334.0,617.0,573.0,174.0,1747.0,1633.0,22.4,38.8,1.04
3.7,1304.0,19.1,1272.0,569.0,593.0,191.0,1673.0,1583.0,25.4,33.3,1.0679
3.4,1286.0,19.6,1286.0,409.0,593.0,179.0,1728.0,1449.0,27.2,30.4,1.081
3.1,1217.0,15.8,1175.0,335.0,621.0,148.0,1644.0,1451.0,25.5,34.8,1.1152
2.4,1104.0,13.5,1099.0,290.0,698.0,129.0,1483.0,1147.0,26.4,28.5,0.9658
2.8,1143.0,15.9,1176.0,312.0,677.0,148.0,1551.0,1108.0,27.7,25.1,0.9158
3.6,1205.0,19.9,1295.0,440.0,626.0,184.0,1613.0,1267.0,28.6,23.2,0.8917
4.0,1276.0,21.6,1340.0,494.12599917610873,597.0,188.0,1677.0,1303.0,27.2,26.3,0.9317
5.6,1440.0,31.0,1573.0,639.7401885674731,491.0,204.0,1997.0,1643.0,25.3,33.0,1.0473
6.3,1467.0,34.1,1643.0,684.0037287308711,467.0,201.0,2088.0,1749.0,23.2,36.9,1.0346
4.185878839963802,1339.0,22.8,1373.0,536.0,541.0,165.0,1797.0,1585.0,21.6,43.3,1.1019
1.9,1108.0,12.3,1061.0,238.0,685.0,133.0,1454.0,1315.0,21.1,44.8,1.1088
1.9,1116.0,10.9,1012.0,249.0,699.0,125.0,1445.0,1290.0,19.7,49.3,1.1148
1.2,981.0,7.1,860.0,150.0,812.0,101.0,1298.0,1059.0,20.3,47.8,1.1281
0.9,947.0,5.7,798.0,108.0,869.0,96.44051555320564,1276.0,943.0,19.4,50.3,1.1201
1.7,1200.0,11.2,1021.0,223.0,678.0,101.0,1510.0,1157.0,24.6,44.1,1.3477
2.2,1290.0,15.1,1151.0,267.0,613.0,113.0,1638.0,1219.0,25.6,43.4,1.4049
2.8,1366.0,17.4,1223.0,308.0,578.0,121.0,1744.0,1288.0,26.1,42.6,1.4172
3.9,1505.0,23.4,1388.0,422.0,516.0,146.0,1978.0,1503.0,25.8,44.8,1.4644
6.104478529149298,1728.0,35.9,1683.0,623.0,419.0,188.0,2365.0,1861.0,25.4,47.9,1.5346
5.770492296595994,1673.0,34.0,1643.0,572.0,436.0,182.0,2259.0,1781.0,24.6,50.0,1.5241
5.7,1636.0,30.1,1553.0,658.3778287949499,449.0,166.0,2130.0,1745.0,23.6,54.4,1.5687
4.4,1468.0,20.0,1296.0,414.0,529.0,142.0,1854.0,1590.0,22.6,59.5,1.6155
1.6,1180.0,10.5,997.0,143.0,677.0,84.0,1549.0,1127.0,22.1,61.3,1.6133
1.5,1138.0,9.0,938.0,147.0,700.0,87.0,1500.0,1098.0,22.1,61.3,1.6053
2.0618769636169105,1192.0,10.7,1004.0,159.0,665.0,91.0,1577.0,1176.0,21.1,64.7,1.5956
1.9,1176.0,10.4,993.0,206.0,659.0,91.0,1572.0,1178.0,20.3,66.4,1.5591
1.6,1137.0,9.7,967.0,140.0,687.0,74.0,1557.0,1091.0,19.4,69.3,1.5418
1.3,1035.0,6.9,851.0,132.0,764.0,69.0,1465.0,1002.0,19.0,70.8,1.5417
0.6,904.0,3.0,655.0,81.0,968.0,56.93707887676438,1326.0,824.0,19.8,67.2,1.5322
0.7,966.0,4.3,726.0,120.0,872.0,60.0,1371.0,892.0,19.0,70.3,1.5308
1.6,1124.0,9.8,972.0,279.0,674.0,69.0,1568.0,1092.0,18.8,71.8,1.5372
2.9,1348.0,17.2,1217.0,392.0,559.0,91.0,1816.0,1413.0,20.2,66.3,1.555
4.1,1499.0,27.9,1501.0,433.0,469.0,97.0,2130.0,1565.0,20.8,64.3,1.563
3.7,1427.0,20.5,1311.0,531.0,503.0,114.0,1900.0,1594.0,22.3,59.3,1.5705
3.6,1473.0,21.2,1330.0,619.0,497.0,129.0,1908.0,1677.0,23.2,56.6,1.5929
3.4,1440.0,19.9,1294.0,522.0,506.0,137.0,1879.0,1616.0,23.8,54.7,1.587
3.7,1474.0,21.1,1326.0,505.0,485.0,134.0,1943.0,1610.0,23.5,56.2,1.6048
4.163583571803454,1485.0,22.3,1359.0,465.0,477.0,132.0,2005.0,1614.0,23.9,54.4,1.5963
2.4,1306.0,12.9,1079.0,278.0,603.0,105.0,1668.0,1286.0,25.4,47.4,1.517
3.4,1464.0,18.4,1251.0,372.0,530.0,136.0,1853.0,1487.0,26.4,45.4,1.54
5.6,1629.0,26.5,1466.0,540.0,458.0,169.0,2130.0,1703.0,25.8,46.9,1.5375
2.9,1342.0,15.3,1157.0,267.0,572.0,87.0,1707.0,1195.0,28.6,37.6,1.4468
4.6997252357976596,1623.0,28.8,1522.0,398.0,447.0,111.0,2110.0,1618.0,28.0,38.5,1.437
4.563073444868749,1576.0,26.1,1458.0,502.664675798738,463.0,119.0,2024.0,1637.0,25.2,45.8,1.4464
5.84112143734524,1747.0,37.1,1709.0,515.0,399.0,128.0,2370.0,1876.0,24.0,50.6,1.4892
7.0,1757.0,35.7,1680.0,669.0,396.0,117.0,2280.0,1959.0,23.2,54.7,1.5296
2.8,1331.0,16.5,1194.0,326.0,559.0,92.0,1715.0,1477.0,22.3,57.1,1.5219
1.7,1182.0,11.0,1016.0,209.0,658.0,73.0,1572.0,1210.0,21.8,58.2,1.5036
1.7,1162.0,10.8,1008.0,183.0,658.0,60.0,1556.0,1160.0,20.9,61.3,1.4923
1.7,1147.0,9.6,964.0,165.0,668.0,60.0,1517.0,1116.0,20.6,62.0,1.4827
1.2,1040.0,6.5,836.0,111.0,762.0,53.0,1423.0,974.0,20.3,62.5,1.472
0.7,920.0,3.6,688.0,67.0,920.0,47.0,1317.0,820.0,20.5,62.1,1.4771
0.8,954.0,4.4,731.0,88.0,865.0,43.0,1360.0,839.0,18.2,70.3,1.4498
0.9,981.0,5.5,790.0,147.0,817.0,47.0,1390.0,898.0,18.2,70.1,1.4552
1.7,1147.0,10.8,1009.0,279.0,653.0,50.0,1589.0,1096.0,18.2,70.0,1.4519
5.13327195591705,1606.0,31.2,1578.0,665.0,440.0,81.0,2205.0,1786.0,19.4,66.5,1.4801
4.311384059067313,1490.0,24.8,1424.0,592.0,465.0,75.0,2033.0,1604.0,19.5,66.9,1.4999
3.9,1473.0,24.2,1409.0,557.0,483.0,87.0,1984.0,1637.0,21.1,61.1,1.5056
5.002253120242085,1582.0,29.5,1539.0,594.3092045689498,435.0,128.0,2141.0,1827.0,23.2,54.7,1.5349
3.7,1468.0,21.0,1323.0,530.0,496.0,105.0,1913.0,1641.0,24.4,52.5,1.5807
3.3,1413.0,19.6,1285.0,412.0,518.0,101.0,1883.0,1505.0,26.4,45.8,1.553
3.6,1400.0,21.2,1331.0,366.0,520.0,100.0,1916.0,1465.0,27.7,39.2,1.4356
3.2,1361.0,18.0,1238.0,344.0,548.0,98.0,1805.0,1368.0,28.0,39.6,1.4738
3.5,1389.0,20.5,1311.0,339.0,525.0,98.0,1845.0,1748.0,28.7,38.4,1.486
2.4,1305.0,15.6,1167.0,297.0,586.0,98.0,1690.0,1301.0,28.5,39.4,1.5147
2.9,1354.0,19.2,1275.0,294.0,543.0,127.74977542082323,1799.0,1338.0,28.4,39.8,1.5191
2.3,1352.0,20.0,1296.0,211.0,534.0,84.0,1846.0,1337.0,26.4,45.9,1.5572
3.1,1472.0,21.1,1327.0,323.0,497.0,101.0,1895.0,1516.0,25.2,49.5,1.5665
2.9,1412.0,18.6,1256.0,333.0,525.0,98.0,1797.0,1435.0,24.9,50.9,1.5856
1.5,1221.0,12.3,1061.0,163.0,619.0,76.0,1615.0,1178.0,24.6,52.2,1.5951
1.5,1230.0,10.3,990.0,151.0,652.0,71.0,1559.0,1111.0,24.0,54.4,1.6049
1.7,1247.0,9.6,961.0,167.0,666.0,71.0,1569.0,1112.0,23.8,56.1,1.6298
1.6,1217.0,9.9,975.0,174.0,665.0,66.0,1565.0,1109.0,22.3,60.6,1.608
1.3,1158.0,8.6,923.0,142.0,673.0,62.0,1519.0,1072.0,21.9,61.5,1.5967
1.4,1150.0,7.3,871.0,155.0,697.0,58.0,1502.0,1030.0,21.1,64.5,1.594
0.9,1062.0,5.1,770.0,96.0,780.0,48.0,1450.0,922.0,21.3,63.9,1.5951
1.3,1157.0,7.8,890.0,154.0,681.0,53.0,1549.0,1054.0,20.8,66.7,1.6201
1.3,1167.0,8.2,907.0,211.0,681.0,55.0,1548.0,1082.0,20.6,67.5,1.621
2.9,1403.0,17.6,1229.0,381.0,523.0,63.0,1872.0,1365.0,20.9,66.3,1.6165
3.2,1453.0,20.1,1298.0,470.0,489.0,69.0,1940.0,1497.0,21.5,63.7,1.6186
3.4,1455.0,18.7,1260.0,464.0,502.0,84.0,1868.0,1540.0,23.7,56.0,1.6238
3.6,1512.0,19.5,1282.0,450.0,498.0,95.0,1899.0,1554.0,26.0,48.2,1.598
2.3,1331.0,13.0,1082.0,274.0,588.0,80.0,1689.0,1252.0,28.5,42.4,1.6286
3.1,1472.0,18.2,1246.0,306.0,512.0,87.0,1873.0,1455.0,28.1,45.3,1.6957
3.3,1430.0,16.2,1187.0,308.0,539.0,94.0,1812.0,1339.0,29.0,43.9,1.7309
1.9,1264.0,11.0,1016.0,186.0,624.0,76.0,1650.0,1062.0,28.9,44.3,1.7392
2.6,1378.0,15.9,1177.0,238.0,548.0,92.0,1775.0,1266.0,29.6,42.3,1.7248
2.7,1377.0,14.2,1123.0,249.0,578.0,94.0,1716.0,1223.0,29.4,42.9,1.7308
3.7,1527.0,19.9,1293.0,378.0,502.0,110.0,1907.0,1469.0,28.7,45.1,1.7468
3.8,1573.0,21.7,1343.0,386.0,470.0,127.26909340604931,1990.0,1553.0,27.0,51.2,1.7928
4.8,1674.0,25.7,1447.0,461.0,448.0,122.0,2065.0,1689.0,26.5,52.7,1.7966
3.5,1455.0,17.3,1218.0,394.0,535.0,107.0,1796.0,1387.0,26.2,51.7,1.7334
2.2,1242.0,11.2,1022.0,266.0,630.0,83.0,1641.0,1139.0,24.8,56.4,1.7447
1.5,1181.0,8.9,935.0,158.0,701.0,62.0,1565.0,960.0,24.9,56.0,1.7367
3.0949954802909634,1468.0,15.2,1155.0,373.9545409785194,565.0,89.0,1738.0,1293.0,24.5,57.5,1.7433
3.4931177702507252,1520.0,17.2,1217.0,409.0,552.0,103.0,1812.0,1357.0,24.7,56.9,1.7438
2.0,1203.0,11.9,1046.0,223.0,621.0,74.0,1664.0,1103.0,23.9,59.2,1.7327
1.4,1096.0,8.1,903.0,107.0,732.0,52.0,1560.0,857.0,23.8,60.2,1.7515
0.7,952.0,3.7,695.0,56.0,910.0,39.0,1429.0,627.0,22.2,65.6,1.7355
1.2,1082.0,6.3,825.0,163.0,753.0,59.0,1526.0,930.0,21.3,69.1,1.7275
1.3,1095.0,7.7,886.0,187.0,705.0,56.0,1574.0,1001.0,21.3,68.2,1.7127
1.1,1049.0,6.3,826.0,150.0,765.0,51.0,1521.0,917.0,22.2,65.2,1.7256
1.0,1055.0,5.6,795.0,103.0,807.0,51.0,1494.0,834.0,24.1,59.0,1.7449
1.2,1074.0,5.1,767.0,143.0,814.0,58.0,1489.0,796.0,24.3,61.6,1.8468
1.9,1229.0,9.0,941.0,220.0,680.0,68.0,1653.0,1040.0,24.8,59.6,1.8351
2.3,1228.0,9.3,952.0,301.0,668.0,81.0,1622.0,1110.0,24.5,58.8,1.7838
1.6,1107.0,5.9,807.0,214.0,768.0,73.0,1546.0,836.0,21.0,76.8,1.8881
1.3,1031.0,4.4,732.0,162.0,872.0,69.0,1476.0,704.0,19.8,78.0,1.7879
1.8,1155.0,5.8,804.0,232.0,815.0,81.0,1510.0,773.0,19.4,80.5,1.7917
1.7,1131.0,6.6,841.0,254.0,784.0,82.0,1531.0,811.0,19.6,79.1,1.7877
1.8,1143.0,7.8,890.0,224.0,744.0,71.0,1578.0,848.0,20.8,73.1,1.7695
2.0,1145.0,8.4,915.0,247.0,733.0,81.0,1586.0,892.0,21.1,68.6,1.7014
2.2,1169.0,8.3,910.0,334.0,726.0,87.0,1563.0,992.0,21.1,68.3,1.6914
1.6,1105.0,8.1,905.0,239.0,734.0,72.0,1576.0,950.0,21.2,67.7,1.6848
1.3,1049.0,6.1,817.0,168.0,806.0,63.0,1517.0,882.0,20.8,68.6,1.6719
1.5,1069.0,6.7,844.0,185.0,767.0,63.0,1527.0,883.0,20.8,68.1,1.6585
1.5,1073.0,6.6,838.0,178.0,768.0,63.0,1549.0,892.0,20.7,68.4,1.6507
1.3,1039.0,6.1,817.0,132.0,799.0,55.0,1502.0,836.0,20.1,70.5,1.6384
1.4,1021.0,6.0,811.0,135.0,794.0,52.0,1502.0,837.0,20.2,67.9,1.5901
0.5,825.0,1.4,536.0,39.0,1203.0,32.0,1302.0,498.0,19.4,70.4,1.5663
0.4,847.0,1.9,576.0,33.0,1139.0,29.0,1321.0,507.0,17.9,77.7,1.5795
0.6,903.0,3.4,679.0,90.0,956.0,44.0,1385.0,660.0,18.2,76.9,1.5945
1.1,1041.0,7.2,865.0,164.0,757.0,53.0,1486.0,902.0,18.6,74.9,1.5918
2.9,1314.0,19.0,1267.0,336.0,559.0,62.0,1888.0,1240.0,19.6,70.3,1.5821
3.5,1326.0,24.5,1416.0,366.0,499.0,68.0,1971.0,1395.0,20.2,66.6,1.5567
4.6,1464.0,25.6,1444.0,565.0,475.0,85.0,2049.0,1625.0,19.7,68.9,1.5638
3.4,1313.0,17.1,1213.0,536.0,564.0,88.0,1789.0,1359.0,19.2,73.4,1.6192
2.3,1202.0,12.3,1058.0,416.0,647.0,82.0,1623.0,1152.0,20.0,69.6,1.607
2.8666565565395885,1225.0,15.2,1155.0,379.0,607.0,91.0,1738.0,1159.0,21.1,64.0,1.5795
3.1,1257.0,18.3,1248.0,368.0,557.0,87.0,1837.0,1179.0,20.2,67.4,1.5832
3.2,1271.0,17.2,1217.0,444.0,566.0,90.0,1810.0,1227.0,20.2,68.9,1.6074
2.5,1179.0,14.1,1120.0,352.0,634.0,97.0,1667.0,1119.0,21.9,57.6,1.4942
3.4,1278.0,18.3,1248.0,375.0,574.0,99.0,1814.0,1243.0,23.2,52.0,1.4642
4.8,1435.0,25.0,1429.0,479.0,499.0,137.9018072618823,2072.0,1449.0,21.7,59.1,1.5115
4.5,1326.0,22.2,1356.0,448.0,525.0,95.0,1966.0,1405.0,20.8,61.4,1.4898
4.0,1324.0,21.4,1335.0,388.0,537.0,80.0,1920.0,1444.0,19.9,64.2,1.4711
3.2,1206.0,16.2,1185.0,376.0,592.0,76.0,1751.0,1386.0,19.7,65.1,1.4769
1.9,1052.0,10.3,987.0,224.0,700.0,99.19046336273335,1556.0,1102.0,20.0,63.3,1.4672
1.9,1057.0,8.9,934.0,206.0,743.0,57.0,1525.0,1041.0,19.0,66.1,1.4415
1.3,952.0,6.5,833.0,143.0,846.0,57.0,1381.0,881.0,18.8,60.9,1.3032
1.1,911.0,5.1,769.0,113.0,919.0,54.0,1340.0,791.0,18.9,60.7,1.311
1.0,898.0,4.6,742.0,93.0,915.0,50.0,1345.0,796.0,18.1,65.2,1.343
0.5,809.0,2.1,593.0,58.0,1134.0,44.0,1277.0,647.0,18.3,65.1,1.3529
0.5,814.0,3.2,666.0,56.0,1029.0,34.0,1311.0,719.0,17.8,67.5,1.3674
0.8,857.0,3.9,705.0,105.0,982.0,44.0,1312.0,733.0,16.9,66.7,1.2772
1.2,935.0,6.0,810.0,243.0,881.0,74.0,1356.0,835.0,17.8,60.6,1.2276
2.7,1159.0,13.8,1110.0,492.0,671.0,101.0,1650.0,1094.0,17.6,60.8,1.2151
3.0,1102.0,14.8,1141.0,435.0,648.0,103.0,1594.0,1114.0,17.9,57.8,1.1751
1.5,896.0,5.9,809.0,286.0,882.0,78.0,1257.0,788.0,15.4,53.2,0.9246
1.2,882.0,5.3,776.0,281.0,932.0,72.0,1222.0,760.0,16.5,49.9,0.9289
4.7,1597.0,30.9,1573.0,652.0,424.0,141.48389217523967,2307.0,1956.0,24.8,57.7,1.7765
7.160925865314215,1884.0,43.7,1846.0,895.0,348.0,194.0,2595.0,2203.0,24.6,58.9,1.8005
6.5725929292260235,1835.0,40.0,1770.0,766.4843986851145,358.0,172.0,2474.0,2073.0,23.9,61.8,1.8088
5.9003116624535075,1759.0,35.9,1684.0,648.0,373.0,138.90086697761507,2378.0,1923.0,23.0,65.9,1.8319
5.245258554107342,1666.0,30.1,1553.0,683.0913165528666,409.0,130.0,2170.0,1780.0,22.4,67.7,1.8161
4.7,1506.0,22.3,1360.0,529.0,458.0,113.0,1944.0,1609.0,22.0,69.2,1.8061
3.4,1378.0,17.7,1229.0,405.0,511.0,99.0,1820.0,1466.0,21.8,69.6,1.79
3.9,1448.0,19.5,1283.0,461.0,496.0,109.0,1877.0,1504.0,21.9,68.3,1.7699
4.4,1481.0,22.3,1359.0,486.0,467.0,105.0,1957.0,1518.0,21.7,69.7,1.7872
3.3,1289.0,15.4,1161.0,335.0,552.0,91.0,1765.0,1289.0,21.3,70.3,1.7574
2.0,1109.0,9.3,951.0,210.0,664.0,77.0,1570.0,1076.0,20.8,71.7,1.7415
0.8,966.0,5.1,771.0,149.0,830.0,60.0,1420.0,900.0,21.3,69.5,1.7447
1.3,1088.0,8.8,932.0,203.0,706.0,72.0,1565.0,1034.0,21.5,67.5,1.708
2.7,1303.0,16.6,1198.0,332.0,578.0,83.0,1791.0,1235.0,21.9,64.8,1.683
3.6,1440.0,24.3,1412.0,446.0,494.0,104.0,2016.0,1455.0,22.6,61.4,1.6645
3.6,1392.0,20.6,1313.0,524.0,517.0,119.0,1866.0,1478.0,22.6,61.5,1.6636
2.6,1248.0,15.6,1167.0,347.0,572.0,105.0,1704.0,1393.0,25.5,52.3,1.6796
2.0,1197.0,12.2,1058.0,273.0,634.0,91.0,1626.0,1237.0,27.0,47.6,1.67
3.3,1357.0,17.7,1230.0,393.991038702325,542.0,103.0,1834.0,1373.0,25.2,53.3,1.6834
2.1,1261.0,15.0,1148.0,312.0,585.0,111.0,1733.0,1287.0,27.2,48.5,1.7172
2.9,1382.0,16.7,1200.0,369.0,539.0,101.0,1807.0,1413.0,26.9,50.0,1.7507
3.0,1400.0,17.7,1230.0,362.0,519.0,102.0,1864.0,1483.0,26.5,52.2,1.7769
3.2,1443.0,20.9,1322.0,335.0,488.0,101.0,1933.0,1539.0,27.0,51.0,1.7936
4.4,1630.0,28.7,1520.0,447.0,427.0,118.0,2166.0,1691.0,25.9,55.8,1.8347
5.651730853434997,1720.0,34.8,1661.0,613.0036882729413,382.0,120.0,2403.0,1846.0,25.1,59.4,1.8632
5.0,1600.0,27.5,1492.0,486.0,432.0,107.0,2160.0,1665.0,24.7,58.7,1.8001
4.3,1525.0,24.9,1427.0,439.0,450.0,104.0,2085.0,1577.0,23.6,62.2,1.7863
4.3,1544.0,24.2,1409.0,462.0,448.0,91.0,2048.0,1603.0,22.4,67.1,1.794
4.2,1455.0,22.2,1357.0,441.0,466.0,91.0,1964.0,1530.0,21.6,69.2,1.763
2.2,1203.0,13.2,1090.0,223.0,593.0,74.0,1655.0,1205.0,21.3,68.5,1.7164
1.3,1038.0,7.9,895.0,126.0,714.0,63.0,1474.0,999.0,21.2,68.6,1.7046
1.0,975.0,5.9,807.0,116.0,788.0,57.0,1423.0,904.0,20.3,70.6,1.6659
0.9,960.0,5.8,804.0,198.0,802.0,49.0,1435.0,886.0,18.7,74.4,1.5861
1.0,982.0,6.5,834.0,185.0,770.0,55.0,1435.0,911.0,19.8,69.2,1.5808
2.8,1359.0,19.5,1282.0,425.0,541.0,78.0,1912.0,1319.0,19.8,69.4,1.5859
4.711418312227236,1500.0,28.0,1503.0,465.0,437.0,133.3153777777006,2158.0,1927.0,20.4,66.7,1.5781
3.1923315373916843,1315.0,18.7,1261.0,341.0,535.0,88.0,1830.0,1554.0,22.3,60.6,1.6069
2.7,1307.0,18.3,1248.0,316.0,525.0,83.0,1787.0,1565.0,22.6,59.9,1.6246
2.1,1235.0,14.3,1125.0,241.0,574.0,81.0,1704.0,1462.0,24.5,54.5,1.6514
2.4,1310.0,16.5,1194.0,266.0,538.0,83.0,1781.0,1487.0,24.4,55.4,1.6712
3.8,1459.0,22.9,1375.0,412.0,467.0,111.0,2007.0,1690.0,26.0,51.9,1.7148
3.7,1461.0,22.3,1358.0,394.0,474.0,112.0,2033.0,1603.0,26.8,49.1,1.7101
3.7,1476.0,22.0,1352.0,365.0,474.0,112.0,1996.0,1568.0,26.4,49.8,1.6928
4.831033924216347,1612.0,27.7,1496.0,548.0,429.0,137.0,2127.0,1743.0,26.9,48.6,1.7017
5.4,1654.0,29.8,1546.0,494.0,435.0,152.0,2176.0,2007.0,26.2,48.9,1.634
6.4497875213638025,1808.0,40.0,1771.0,709.8150300199509,373.0,163.0,2486.0,2235.0,24.3,54.3,1.6276
5.6457175497179435,1681.0,35.1,1666.0,556.0,397.0,141.3992830804602,2339.0,1998.0,23.3,58.1,1.6457
4.5,1494.0,25.5,1443.0,467.0,454.0,119.0,2020.0,1795.0,22.3,62.5,1.6616
2.5,1251.0,13.7,1107.0,297.0,579.0,91.0,1657.0,1407.0,21.3,66.1,1.6556
1.6,1132.0,9.7,965.0,164.0,669.0,74.0,1502.0,1211.0,21.2,65.7,1.6319
1.7,1158.0,9.8,970.0,196.0,664.0,73.0,1509.0,1202.0,20.3,68.1,1.6009
1.7,1146.0,10.1,983.0,201.0,673.0,71.0,1518.0,1136.0,20.4,66.7,1.583
1.1,993.0,6.0,813.0,132.0,792.0,57.0,1413.0,946.0,19.9,67.5,1.5544
1.0,989.0,6.0,814.0,146.0,800.0,51.0,1418.0,915.0,19.1,70.0,1.5331
0.7,925.0,4.6,742.0,127.0,876.0,43.0,1381.0,842.0,18.1,72.1,1.4834
1.2,1039.0,7.6,882.0,217.0,724.0,52.0,1473.0,1002.0,18.1,72.3,1.4927
2.3,1208.0,13.6,1104.0,394.0,598.0,65.0,1699.0,1165.0,17.6,74.8,1.491
3.0,1268.0,16.0,1179.0,511.0,545.0,69.0,1753.0,1294.0,18.2,72.8,1.5048
3.3,1353.0,18.9,1265.0,523.0,507.0,91.0,1833.0,1475.0,20.2,65.8,1.5374
2.8,1317.0,15.7,1171.0,471.0,542.0,92.0,1727.0,1436.0,21.6,61.4,1.5696
3.0,1356.0,16.2,1187.0,441.0,534.0,102.0,1738.0,1465.0,23.3,57.5,1.6169
3.4,1414.0,19.4,1279.0,414.0,504.0,118.0,1854.0,1583.0,25.0,52.4,1.6356
3.0,1326.0,16.9,1206.0,317.0,533.0,111.0,1785.0,1432.0,25.4,50.8,1.6275
2.3,1211.0,12.5,1067.0,230.0,609.0,101.0,1608.0,1270.0,26.1,47.1,1.5724
3.1,1324.0,15.8,1173.0,365.0,564.0,119.0,1749.0,1354.0,27.0,44.2,1.549
3.0,1324.0,16.0,1181.0,360.0,565.0,115.0,1747.0,1318.0,27.2,43.0,1.5246
3.3,1361.0,16.3,1189.0,420.0,549.0,120.0,1776.0,1351.0,25.6,48.3,1.5641
4.0,1475.0,21.0,1324.0,480.153209371235,490.0,115.0,1925.0,1530.0,23.3,57.9,1.6376
4.6,1537.0,23.1,1381.0,528.8982998043261,469.0,118.0,2016.0,1615.0,22.2,63.6,1.6763
4.1,1413.0,17.7,1231.0,460.0,520.0,117.0,1853.0,1415.0,21.6,67.7,1.7228
2.3,1229.0,12.2,1055.0,255.0,607.0,96.0,1668.0,1219.0,21.0,69.3,1.7058
2.6,1297.0,14.6,1136.0,283.0,567.0,89.0,1725.0,1307.0,20.3,70.5,1.6599
2.6,1302.0,13.1,1088.0,271.0,594.0,84.0,1639.0,1297.0,20.0,69.5,1.6109
2.9,1347.0,15.5,1165.0,315.0,573.0,97.0,1741.0,1321.0,19.7,70.1,1.5891
2.1,1165.0,11.8,1042.0,227.0,631.0,68.0,1621.0,1133.0,19.5,70.7,1.5851
2.1,1155.0,10.9,1012.0,243.0,633.0,66.0,1577.0,1124.0,19.4,71.4,1.5959
1.4,1057.0,8.6,925.0,139.0,684.0,48.0,1503.0,972.0,18.0,75.4,1.5441
1.2,1029.0,7.5,880.0,182.0,709.0,47.0,1451.0,965.0,17.3,78.4,1.532
1.5,1037.0,8.1,902.0,196.0,704.0,48.0,1481.0,984.0,17.5,76.6,1.5174
0.9,920.0,4.8,755.0,108.0,853.0,45.0,1359.0,880.0,20.0,66.7,1.5401
1.4,1080.0,7.8,891.0,175.0,732.0,59.0,1477.0,1001.0,19.1,70.0,1.5366
2.1,1152.0,9.7,966.0,266.0,661.0,84.0,1542.0,1137.0,21.4,61.7,1.5547
1.6,1085.0,8.4,918.0,179.0,721.0,72.0,1467.0,1023.0,24.6,50.4,1.5363
1.5,1071.0,7.6,882.0,154.0,745.0,68.0,1431.0,962.0,25.0,49.1,1.5295
1.1,1000.0,5.9,807.0,95.0,811.0,52.0,1376.0,825.0,25.3,46.7,1.4874
1.4,1058.0,7.4,875.0,151.0,756.0,70.0,1421.0,877.0,24.8,47.9,1.4819
2.0,1184.0,10.1,983.0,230.0,667.0,90.0,1537.0,1046.0,25.3,48.0,1.5249
2.0,1189.0,9.7,965.0,239.0,670.0,87.0,1533.0,1060.0,26.5,44.9,1.5278
2.5,1277.0,11.8,1043.0,306.0,614.0,99.0,1631.0,1155.0,25.0,50.1,1.563
4.3,1482.0,20.3,1305.0,472.0,503.0,128.0,1874.0,1464.0,22.9,57.6,1.5885
4.435616112024289,1555.0,24.3,1410.0,648.6710378924486,464.0,127.0,1971.0,2185.0,21.7,62.9,1.6117
3.4,1324.0,15.6,1168.0,375.0,568.0,99.0,1716.0,1959.0,21.8,63.0,1.619
1.3,1015.0,7.3,869.0,147.0,747.0,72.0,1439.0,1375.0,21.2,63.4,1.5748
1.2,1010.0,7.1,860.0,118.0,768.0,62.0,1450.0,1212.0,20.2,65.8,1.535
1.7,1081.0,9.0,938.0,181.0,697.0,62.0,1517.0,1273.0,18.4,71.5,1.5038
1.7,1071.0,8.9,936.0,209.0,695.0,63.0,1516.0,1249.0,17.9,72.4,1.4758
1.2981484500756197,1014.0,7.2,864.0,167.0,745.0,56.0,1474.0,1097.0,16.9,75.4,1.4393
0.9,891.0,4.4,735.0,112.0,878.0,44.0,1353.0,933.0,16.5,75.5,1.4056
0.9,940.0,5.9,806.0,181.0,800.0,48.0,1392.0,1013.0,16.2,76.9,1.4029
1.2,1020.0,7.2,866.0,253.0,749.0,59.0,1440.0,1087.0,15.8,79.6,1.417
3.2,1316.0,18.5,1253.0,521.0,527.0,77.0,1780.0,1566.0,16.0,76.3,1.3772
4.4,1423.0,25.0,1429.0,649.0,467.0,88.0,1998.0,1631.0,16.3,74.3,1.3644
3.5,1314.0,18.8,1262.0,516.0,531.0,111.0,1754.0,1564.0,18.7,66.3,1.414
3.2,1317.0,19.5,1283.0,487.0,518.0,114.0,1812.0,1601.0,20.5,60.2,1.4346
3.0,1305.0,18.2,1245.0,529.0,524.0,108.0,1742.0,1539.0,19.3,66.2,1.4706
3.5,1351.0,20.0,1298.0,565.0,498.0,111.0,1821.0,1577.0,20.0,63.9,1.4805
4.0,1438.0,24.8,1425.0,575.6358515871873,451.0,126.0,1971.0,1732.0,21.4,59.4,1.4928
3.8,1454.0,23.1,1380.0,568.0,457.0,117.0,1947.0,1672.0,21.5,60.9,1.5398
4.2,1512.0,25.5,1441.0,605.0,432.0,119.0,2034.0,1744.0,21.6,60.9,1.5551
5.248086501401093,1584.0,32.0,1597.0,666.0,392.0,125.0,2176.0,1845.0,21.6,62.0,1.5784
7.084096976808103,1816.0,46.3,1897.0,814.0,330.0,158.0,2641.0,2164.0,21.7,61.9,1.592
6.868185746373131,1824.0,44.5,1862.0,767.7871485472574,340.0,149.0,2567.0,2106.0,21.0,64.9,1.5987
6.421708095745367,1744.0,41.0,1793.0,748.8216564295194,352.0,136.0,2469.0,2007.0,20.0,68.6,1.5882
5.3331784188162885,1588.0,32.5,1610.0,670.7860989779729,400.0,112.0,2230.0,1791.0,19.3,71.4,1.5805
3.5,1319.0,19.1,1273.0,519.8632998365964,511.0,87.0,1806.0,1444.0,18.5,73.4,1.5461
3.5,1313.0,19.6,1285.0,464.0,505.0,82.0,1803.0,1373.0,17.7,75.6,1.5226
1.9,1073.0,10.7,1005.0,258.0,661.0,67.0,1488.0,1110.0,18.5,70.4,1.487
2.2,1119.0,12.2,1056.0,311.0,624.0,68.0,1562.0,1099.0,17.0,76.1,1.4582
1.6,989.0,8.0,900.0,231.0,737.0,60.0,1401.0,968.0,16.8,74.9,1.4258
1.0,912.0,5.5,788.0,127.0,822.0,48.0,1331.0,847.0,15.5,78.5,1.3782
0.9,902.0,5.9,809.0,138.0,835.0,46.0,1355.0,834.0,14.8,79.4,1.3312
1.4,981.0,8.6,923.0,228.0,730.0,54.0,1425.0,956.0,15.7,77.0,1.3591
3.0,1267.0,18.7,1260.0,383.0,572.0,82.0,1776.0,1259.0,16.2,75.9,1.3872
4.5,1392.0,25.0,1429.0,581.0,469.0,144.1918267938342,1990.0,1494.0,16.3,75.9,1.3991
3.8,1308.0,19.6,1285.0,545.0,522.0,95.0,1781.0,1458.0,17.7,70.6,1.4202
3.4,1313.0,20.8,1318.0,593.0,511.0,120.0,1820.0,1491.0,18.3,67.6,1.4103
3.5,1350.0,20.1,1299.0,602.0,518.0,132.0,1784.0,1560.0,20.1,62.0,1.4409
4.4,1477.0,26.7,1471.0,624.0,455.0,146.0,2031.0,1750.0,22.6,54.5,1.4737
4.0,1409.0,23.6,1393.0,546.0,484.0,157.0,1874.0,1709.0,24.6,47.1,1.4378
4.5,1495.0,26.4,1465.0,597.0,451.0,156.26166032298894,2043.0,1786.0,24.9,48.3,1.4942
5.3,1606.0,30.9,1573.0,688.0,419.0,175.0,2165.0,1900.0,24.9,50.0,1.5522
5.8,1669.0,32.8,1615.0,680.5073637093734,404.0,156.7480927946492,2232.0,1963.0,24.0,55.0,1.6211
7.1461213654761,1822.0,45.9,1890.0,774.6748294878241,347.0,187.0,2641.0,2161.0,23.2,58.7,1.651
7.718903853437787,1908.0,52.1,2007.0,842.2496750057975,325.0,180.0,2775.0,2372.0,22.5,61.5,1.6579
5.771421108703661,1664.0,36.6,1699.0,685.0,385.0,134.0,2305.0,2062.0,22.2,61.0,1.6071
5.0,1465.0,24.0,1404.0,561.0,468.0,127.0,1962.0,1736.0,22.6,58.3,1.5829
1.8733484340550652,1076.0,9.8,972.0,239.0,691.0,95.0,1506.0,1192.0,21.0,57.4,1.4098
1.4,1055.0,7.9,895.0,175.0,758.0,91.53204205553698,1468.0,1043.0,19.8,63.7,1.4524
1.6,1075.0,7.5,878.0,169.0,734.0,78.0,1495.0,948.0,17.7,78.8,1.5855
2.0,1135.0,9.2,948.0,215.0,685.0,80.0,1569.0,992.0,17.6,80.5,1.6062
1.2,998.0,5.7,799.0,115.0,786.0,67.0,1435.0,867.0,17.4,81.3,1.6066
0.8,953.0,4.4,734.0,94.0,861.0,61.0,1401.0,825.0,17.4,81.0,1.6012
0.7,967.0,5.1,767.0,132.0,833.0,56.0,1416.0,866.0,16.8,81.3,1.5447
1.7,1164.0,10.5,997.0,295.0,641.0,68.0,1606.0,1113.0,17.6,78.8,1.5723
3.4,1421.0,20.6,1313.0,517.0,502.0,101.0,1983.0,1384.0,18.0,75.7,1.5527
4.9,1465.0,28.5,1515.0,555.0,454.0,119.0,2119.0,1516.0,18.0,74.8,1.5281
2.7,1189.0,12.7,1075.0,429.0,614.0,108.0,1652.0,1222.0,18.2,74.0,1.5343
3.2,1278.0,16.1,1182.0,561.0,585.0,132.0,1734.0,1354.0,19.7,65.4,1.4854
2.7,1169.0,14.9,1144.0,427.0,611.0,130.0,1666.0,1291.0,21.0,57.9,1.4267
3.2,1214.0,16.8,1203.0,445.0,580.0,129.0,1739.0,1308.0,20.7,58.6,1.4142
4.1,1351.0,21.8,1345.0,538.0,502.0,117.0,1923.0,1420.0,19.5,67.1,1.506
3.6,1340.0,18.6,1256.0,556.0,537.0,119.0,1842.0,1297.0,18.5,76.2,1.6045
2.8,1157.0,14.5,1131.0,370.0,623.0,113.0,1675.0,1157.0,19.6,69.7,1.5675
2.1,1118.0,13.4,1096.0,257.0,647.0,102.0,1649.0,1130.0,19.9,65.3,1.5066
2.4,1150.0,15.8,1173.0,266.0,608.0,101.0,1711.0,1195.0,20.0,63.3,1.4622
3.6,1247.0,20.7,1315.0,403.0,544.0,116.0,1874.0,1341.0,19.2,66.4,1.4592
2.6,1194.0,16.6,1198.0,275.0,587.0,101.0,1732.0,1228.0,19.3,67.5,1.4977
2.8,1184.0,15.3,1157.0,338.0,586.0,94.0,1685.0,1273.0,18.2,71.4,1.4776
1.4,990.0,8.0,898.0,176.0,748.0,75.0,1442.0,1006.0,17.8,71.2,1.4396
1.1,933.0,5.8,803.0,159.0,842.0,69.0,1369.0,898.0,17.6,69.9,1.3969
1.3,968.0,7.0,858.0,147.0,796.0,60.0,1388.0,894.0,16.0,75.9,1.3721
0.9,861.0,4.5,735.0,99.0,925.0,58.0,1287.0,789.0,16.9,72.0,1.3749
1.0,904.0,5.2,774.0,98.0,878.0,51.0,1329.0,805.0,15.7,76.3,1.3519
0.9,866.0,4.4,734.0,109.0,899.0,45.0,1299.0,770.0,14.8,78.7,1.3169
0.859781904232432,905.0,5.2,776.0,163.0,851.0,48.0,1327.0,825.0,15.2,78.0,1.3382
1.6,1055.0,10.0,977.0,326.0,703.0,105.65984301630093,1506.0,1013.0,15.5,77.2,1.3502
3.4,1328.0,20.0,1296.0,640.0,527.0,88.0,1829.0,1341.0,15.7,76.4,1.3558
4.4,1401.0,25.8,1449.0,736.0,477.0,102.0,1969.0,1528.0,16.0,76.4,1.3751
3.5,1291.0,20.0,1296.0,667.0,529.0,97.0,1752.0,1432.0,16.7,73.8,1.3886
3.4,1316.0,20.6,1314.0,677.0,526.0,116.0,1780.0,1499.0,18.6,66.3,1.4047
2.4,1116.0,12.2,1057.0,425.0,639.0,112.0,1532.0,1236.0,20.4,58.1,1.3762
2.3,1139.0,13.1,1088.0,349.0,625.0,101.0,1580.0,1180.0,20.6,57.3,1.3792
2.6,1165.0,14.5,1131.0,332.0,609.0,99.0,1640.0,1196.0,21.6,53.6,1.3669
2.9,1260.0,17.5,1224.0,412.0,571.0,113.0,1731.0,1301.0,21.4,55.6,1.4015
4.4,1475.0,25.9,1451.0,631.0,455.0,122.0,1991.0,1646.0,20.7,63.0,1.5204
4.751147175611954,1521.0,26.6,1470.0,677.0,446.0,139.0,1977.0,1720.0,21.3,61.9,1.5463
6.5,1633.0,35.3,1671.0,761.0,398.0,149.0,2271.0,1852.0,20.8,64.0,1.5522
5.9,1463.0,28.2,1508.0,662.7785318439263,468.0,136.0,2092.0,1670.0,20.3,66.7,1.5656
2.7,1140.0,14.2,1122.0,262.0,619.0,103.0,1602.0,1208.0,19.7,64.5,1.4594
2.5,1147.0,12.4,1065.0,292.0,651.0,112.0,1562.0,1160.0,19.4,64.0,1.4282
1.5,988.0,6.6,839.0,177.0,805.0,88.0,1382.0,937.0,20.1,60.8,1.4152
1.0,924.0,4.8,754.0,103.0,890.0,63.0,1327.0,783.0,20.4,60.4,1.4263
1.2,950.0,5.4,782.0,127.0,862.0,69.0,1331.0,807.0,20.1,62.6,1.4543
1.0,926.0,4.3,727.0,119.0,925.0,65.0,1326.0,729.0,19.9,64.9,1.4905
0.8,879.0,2.9,645.0,83.0,1023.0,50.0,1288.0,612.0,18.2,74.7,1.5441
0.6,864.0,2.5,621.0,65.0,1073.0,43.0,1286.0,574.0,18.4,73.8,1.5463
1.1,1009.0,6.1,816.0,200.0,799.0,69.0,1430.0,856.0,18.5,76.4,1.6112
1.3,1069.0,7.7,889.0,242.0,738.0,91.0,1469.0,976.0,19.3,71.6,1.5844
2.9,1311.0,15.9,1178.0,366.0,574.0,111.0,1769.0,1208.0,20.2,66.9,1.5643
3.7,1370.0,22.8,1372.0,404.0,485.0,124.0,1945.0,1400.0,20.8,64.7,1.5692
3.0,1246.0,16.6,1197.0,429.0,566.0,119.0,1746.0,1278.0,21.9,61.8,1.6021
1.4,1039.0,8.4,917.0,169.0,735.0,77.0,1467.0,934.0,23.5,57.7,1.6515
2.6,1296.0,13.9,1113.0,419.0,604.0,101.0,1736.0,1073.0,19.8,81.0,1.8538
4.573581742710166,1523.0,24.9,1428.0,603.0,458.0,116.0,2114.0,1363.0,20.2,86.5,2.0224
4.238630469613197,1424.0,22.4,1361.0,589.0,484.0,137.0,1983.0,1346.0,20.2,82.2,1.9184
5.013624981550644,1513.0,26.1,1457.0,706.0,463.0,163.0,2125.0,1393.0,19.7,82.2,1.8669
4.5,1338.0,18.1,1244.0,580.5821550240537,558.0,144.0,1847.0,1255.0,20.2,79.1,1.85
2.7,1214.0,13.9,1113.0,305.0,616.0,118.0,1664.0,1213.0,20.1,75.4,1.751
3.1,1290.0,18.5,1253.0,371.0,550.0,135.0,1807.0,1332.0,20.2,72.3,1.6893
4.2,1353.0,20.9,1323.0,465.0,519.0,129.0,1860.0,1430.0,20.0,73.3,1.693
3.1,1130.0,12.9,1082.0,390.0,647.0,128.0,1591.0,1102.0,18.3,74.9,1.5583
1.7,969.0,6.7,843.0,227.0,828.0,103.0,1375.0,895.0,18.9,70.4,1.5259
1.8,1038.0,7.0,856.0,284.0,801.0,116.0,1415.0,905.0,17.3,76.3,1.4919
1.7,1020.0,7.3,869.0,211.0,793.0,95.0,1410.0,869.0,17.1,77.9,1.5081
2.1,1097.0,9.1,944.0,297.0,716.0,107.0,1489.0,982.0,17.3,79.3,1.5569
2.4,1123.0,9.9,973.0,351.0,690.0,108.0,1520.0,999.0,17.3,79.9,1.5643
1.8,1023.0,6.9,851.0,259.0,782.0,94.0,1413.0,881.0,16.9,80.6,1.5372
1.5,1015.0,6.5,833.0,214.0,786.0,84.0,1400.0,868.0,16.9,81.4,1.551
1.0,922.0,5.4,783.0,192.0,857.0,76.0,1367.0,825.0,16.7,79.7,1.503
1.4,989.0,7.8,891.0,237.0,762.0,82.0,1453.0,901.0,16.8,79.0,1.4978
2.4,1149.0,13.6,1103.0,413.0,622.0,94.0,1662.0,1090.0,16.8,79.8,1.5115
3.1,1202.0,15.4,1160.0,455.0,585.0,102.0,1723.0,1165.0,16.9,79.9,1.5253
2.9391431804775054,1206.0,14.4,1131.0,493.0,592.0,106.0,1675.0,1201.0,17.4,79.3,1.5593
2.9200868761872036,1224.0,14.3,1126.0,482.0,596.0,108.0,1656.0,1231.0,18.0,76.6,1.5706
4.0,1371.0,20.3,1305.0,599.0,521.0,152.0,1845.0,1461.0,21.2,64.4,1.6015
3.7,1327.0,18.7,1259.0,481.0,539.0,160.0,1826.0,1434.0,22.4,60.8,1.6261
3.4,1301.0,17.3,1218.0,406.0,553.0,133.0,1806.0,1399.0,22.6,61.1,1.6596
3.4,1301.0,16.9,1208.0,419.0,560.0,147.0,1781.0,1417.0,23.6,57.3,1.645
3.2,1314.0,16.4,1191.0,387.0,564.0,135.0,1777.0,1395.0,23.5,58.3,1.664
3.9,1394.0,19.1,1272.0,461.0,526.0,135.0,1869.0,1442.0,22.9,61.6,1.7014
3.7,1385.0,18.7,1260.0,493.0,528.0,129.0,1850.0,1425.0,22.3,64.3,1.7055
4.3,1440.0,22.4,1362.0,532.0,486.0,117.0,1968.0,1496.0,21.6,68.0,1.7305
4.483919731594306,1493.0,25.3,1437.0,597.9462718605794,470.0,116.0,2015.0,1551.0,21.2,67.4,1.6755
4.0,1319.0,17.7,1230.0,494.0,551.0,109.0,1785.0,1381.0,20.8,65.8,1.6001
2.8,1187.0,13.8,1110.0,392.0,612.0,96.0,1658.0,1229.0,20.4,64.8,1.5379
2.4,1119.0,10.2,984.0,311.0,688.0,90.0,1539.0,1082.0,20.1,66.7,1.5548
1.9,1100.0,8.6,924.0,236.0,744.0,82.0,1494.0,963.0,19.5,70.0,1.5711
2.0,1076.0,7.9,895.0,270.0,757.0,86.0,1492.0,939.0,19.3,70.4,1.5578
1.5,972.0,5.7,799.0,199.0,833.0,72.0,1425.0,825.0,19.7,68.6,1.5563
1.3,973.0,6.4,828.0,146.0,818.0,61.0,1445.0,811.0,19.7,68.2,1.5484
0.5,817.0,2.1,588.0,55.0,1134.0,37.0,1310.0,589.0,18.9,71.3,1.5449
-0.11274224511313304,791.0,1.2,519.0,43.0,1291.0,31.0,1295.0,540.0,18.1,79.0,1.6224
0.4,819.0,1.4,537.0,46.0,1264.0,30.0,1315.0,551.0,20.4,71.2,1.6834
0.9,972.0,4.6,743.0,139.0,944.0,41.0,1477.0,742.0,20.6,70.7,1.6996
1.3,997.0,5.7,797.0,169.0,812.0,64.0,1470.0,824.0,19.3,74.1,1.6391
2.1,1194.0,10.6,1000.0,254.0,653.0,74.0,1642.0,1059.0,22.2,64.4,1.7005
2.4,1240.0,11.0,1014.0,303.0,628.0,77.0,1643.0,1144.0,23.0,64.6,1.7851
2.0,1117.0,8.6,922.0,259.0,717.0,83.0,1585.0,994.0,24.3,57.4,1.7233
1.8,1141.0,8.8,932.0,226.0,689.0,71.0,1595.0,1014.0,22.0,67.0,1.7441
1.5,1062.0,7.5,880.0,161.0,719.0,62.0,1580.0,924.0,22.9,65.7,1.8148
1.6,1160.0,11.6,1036.0,182.0,622.0,62.0,1727.0,1023.0,23.2,63.9,1.7957
2.2,1169.0,10.1,983.0,289.0,672.0,79.0,1633.0,1033.0,23.0,62.3,1.7248
2.3,1185.0,10.8,1006.0,340.0,666.0,93.0,1638.0,1065.0,22.4,63.2,1.6878
5.066954670617153,1571.0,30.3,1559.0,541.326190337733,440.0,106.0,2277.0,1516.0,21.7,66.6,1.7077
4.046664038866906,1464.0,22.4,1362.0,543.0,487.0,100.0,1987.0,1648.0,21.2,70.3,1.7476
4.1,1423.0,20.6,1314.0,501.0,508.0,89.0,1912.0,1466.0,20.8,70.9,1.7203
4.1,1318.0,17.5,1226.0,521.0,543.0,83.0,1848.0,1365.0,20.0,73.2,1.6965
2.7,1229.0,13.9,1114.0,352.0,598.0,76.0,1723.0,1247.0,19.7,73.7,1.6708
2.6,1187.0,13.6,1105.0,321.0,611.0,68.0,1700.0,1183.0,19.9,72.6,1.6681
3.2,1353.0,15.9,1176.0,318.0,584.0,69.0,1723.0,2150.0,20.1,71.3,1.6564
3.7,1407.0,17.8,1235.0,338.0,548.0,77.0,1780.0,2519.0,20.1,71.1,1.6498
3.5,1333.0,16.7,1201.0,353.0,552.0,68.0,1767.0,1925.0,19.6,73.2,1.6543
2.7,1212.0,15.0,1149.0,279.0,562.0,49.0,1710.0,1599.0,18.4,78.1,1.637
1.8,1061.0,9.6,962.0,200.0,679.0,45.0,1554.0,1395.0,19.2,74.7,1.6398
1.3,1028.0,7.8,890.0,180.0,733.0,51.0,1525.0,1323.0,19.4,75.1,1.6766
1.5,1067.0,8.7,928.0,213.0,711.0,51.0,1564.0,1309.0,19.1,75.6,1.6519
1.9,1111.0,9.8,970.0,266.0,667.0,62.0,1594.0,1441.0,20.3,71.1,1.6803
2.2,1189.0,12.4,1065.0,247.0,609.0,74.0,1683.0,1830.0,23.1,61.3,1.7131
2.6,1293.0,13.9,1114.0,326.0,584.0,88.0,1702.0,1704.0,25.1,56.0,1.7565
2.7,1285.0,12.5,1065.0,319.0,597.0,90.0,1686.0,1576.0,25.8,56.1,1.841
2.5,1236.0,10.9,1011.0,320.0,631.0,91.0,1706.0,1305.0,23.7,68.2,1.9739
1.5,1082.0,6.5,834.0,174.0,747.0,64.0,1562.0,991.0,23.1,70.8,1.98
2.0,1188.0,9.4,954.0,216.0,664.0,72.0,1636.0,1148.0,23.9,66.3,1.9361
3.1,1348.0,15.3,1157.0,376.0,564.0,88.0,1810.0,1307.0,23.8,65.0,1.8897
3.7,1394.0,16.4,1193.0,496.0,547.0,110.0,1811.0,1386.0,23.2,65.6,1.8435
4.0,1472.0,19.8,1290.0,523.0,510.0,95.0,1942.0,1420.0,21.8,72.7,1.8789
4.1,1291.0,15.8,1174.0,465.0,567.0,122.22128034516473,1746.0,1341.0,21.7,67.3,1.7256
3.1,1264.0,14.5,1133.0,407.0,593.0,94.0,1750.0,1258.0,21.3,66.3,1.6594
3.2,1264.0,14.7,1138.0,412.0,579.0,86.0,1733.0,1245.0,20.4,71.6,1.7004
3.2,1260.0,15.3,1160.0,403.0,568.0,79.0,1755.0,1231.0,19.6,75.3,1.6981
2.7,1184.0,13.0,1084.0,357.0,612.0,71.0,1674.0,1151.0,19.3,75.8,1.6762
2.3,1122.0,10.5,996.0,259.0,660.0,62.0,1586.0,1048.0,18.4,76.3,1.6017
1.6,983.0,7.6,881.0,227.0,752.0,56.0,1472.0,928.0,18.2,76.4,1.5787
1.1,885.0,4.8,753.0,147.0,878.0,49.0,1374.0,813.0,17.9,74.8,1.5219
0.6,802.0,2.7,636.0,96.0,1016.0,35.0,1289.0,721.0,17.6,73.2,1.4555
0.5,804.0,3.0,652.0,73.0,1054.0,37.0,1294.0,710.0,17.9,69.3,1.4099
1.5,1014.0,8.7,927.0,309.0,747.0,56.0,1497.0,951.0,16.1,76.3,1.3902
3.4,1316.0,20.7,1317.0,607.0,538.0,85.0,1860.0,1336.0,17.1,72.8,1.4054
4.4,1296.0,25.2,1435.0,562.0,504.0,112.0,1899.0,1489.0,20.8,57.9,1.407
4.4,1381.0,23.6,1394.0,560.0,495.0,107.0,1911.0,1558.0,20.6,60.2,1.4428
5.57458659987555,1570.0,32.9,1617.0,844.0,426.0,151.0,2170.0,1944.0,22.1,56.6,1.4851
4.9,1426.0,25.6,1445.0,667.0,477.0,151.0,1970.0,1782.0,24.0,50.0,1.4679
5.1,1535.0,31.2,1578.0,641.1892487366923,440.0,150.0,2125.0,1921.0,25.7,45.6,1.487
6.179187958364289,1678.0,37.9,1727.0,763.0372010299544,390.0,190.0,2318.0,2039.0,25.5,49.7,1.5985
5.4624561096124795,1605.0,32.3,1603.0,674.0,415.0,168.0,2199.0,1912.0,25.2,50.6,1.5989
5.9,1559.0,31.5,1586.0,544.0,421.0,127.0,2197.0,1827.0,25.4,50.7,1.6187
6.039844040933804,1713.0,38.0,1728.0,715.0,390.0,140.0,2386.0,1919.0,24.4,56.0,1.6885
6.6896370369821065,1751.0,44.1,1853.0,789.0,358.0,158.0,2496.0,2013.0,23.0,62.1,1.7283
6.722924613002941,1723.0,44.9,1869.0,772.140581956439,359.0,144.90616246739253,2563.0,1919.0,21.8,65.3,1.6889
7.0406261052082835,1778.0,48.2,1935.0,859.0,349.0,119.0,2643.0,1927.0,20.9,67.5,1.6539
5.9,1461.0,29.1,1529.0,639.587614013285,450.0,96.0,2111.0,1573.0,20.2,68.6,1.6034
3.7,1258.0,19.1,1272.0,454.0,541.0,77.0,1804.0,1325.0,19.3,70.8,1.5728
2.6,1138.0,13.9,1113.0,337.0,610.0,66.0,1641.0,1203.0,19.2,68.8,1.5097
1.1,936.0,6.8,849.0,127.0,798.0,56.0,1381.0,947.0,20.4,61.1,1.4495
2.6,1167.0,13.2,1090.0,281.0,626.0,62.0,1620.0,1106.0,18.0,71.5,1.4615
2.2,1071.0,10.7,1003.0,252.0,665.0,58.0,1542.0,1045.0,17.5,73.2,1.4515
0.5,823.0,2.7,630.0,69.0,1033.0,35.0,1253.0,748.0,16.8,71.9,1.3628
0.7,890.0,4.3,727.0,151.0,917.0,50.0,1290.0,833.0,16.9,70.5,1.3504
1.3,1019.0,8.0,901.0,231.0,750.0,64.0,1438.0,960.0,17.0,70.1,1.3512
2.2,1177.0,15.5,1166.0,297.0,621.0,75.0,1667.0,1157.0,18.8,62.5,1.3401
3.9609583563006945,1348.0,23.8,1398.0,515.0,505.0,101.0,1847.0,1444.0,20.3,58.4,1.3745
3.5545371837807913,1341.0,21.0,1323.0,499.0,516.0,94.0,1786.0,1522.0,23.7,49.1,1.423
3.4,1307.0,19.3,1278.0,445.0,527.0,95.0,1767.0,1452.0,26.6,42.8,1.4713
3.4,1305.0,19.7,1287.0,464.0,525.0,143.45306138855594,1771.0,1437.0,26.2,43.5,1.4591
2.6,1177.0,13.2,1090.0,298.0,612.0,86.0,1632.0,1209.0,26.3,43.6,1.4663
2.2934317310513164,1192.0,13.0,1085.0,266.0,617.0,79.0,1638.0,1170.0,26.6,42.5,1.4568
2.5,1214.0,12.9,1080.0,323.0,611.0,87.0,1642.0,1190.0,26.3,43.7,1.4718
2.7,1240.0,15.1,1152.0,352.0,575.0,94.0,1699.0,1278.0,25.6,46.2,1.4903
3.2,1271.0,16.3,1188.0,372.0,563.0,107.0,1703.0,1305.0,25.1,47.6,1.4983
3.7,1333.0,20.5,1312.0,383.0,520.0,107.0,1853.0,1364.0,23.8,51.4,1.4956
4.6,1390.0,24.4,1414.0,455.0,487.0,117.0,1959.0,1428.0,23.3,53.1,1.496
3.3,1266.0,18.7,1261.0,355.0,541.0,97.0,1807.0,1285.0,22.4,55.2,1.4735
2.4,1140.0,12.7,1072.0,267.0,626.0,90.0,1597.0,1143.0,21.7,57.7,1.4766
2.8,1240.0,15.6,1168.0,308.0,582.0,86.0,1714.0,1235.0,20.5,63.0,1.5043
2.7,1187.0,14.2,1122.0,313.0,589.0,77.0,1641.0,1208.0,19.5,67.6,1.5156
1.8,1043.0,9.9,975.0,216.0,675.0,66.0,1489.0,1041.0,18.7,69.0,1.4727
1.1,948.0,6.3,826.0,137.0,802.0,57.0,1382.0,897.0,19.3,65.5,1.45
1.2,955.0,5.2,775.0,140.0,831.0,55.0,1362.0,862.0,17.6,70.8,1.4105
0.6,832.0,2.9,644.0,94.0,990.0,40.0,1239.0,747.0,17.8,68.1,1.3722
0.5,846.0,2.6,628.0,79.0,1025.0,40.0,1218.0,727.0,16.1,73.5,1.3329
0.7,897.0,4.7,750.0,156.0,874.0,46.0,1270.0,799.0,15.8,73.5,1.3151
0.8,908.0,5.1,767.0,153.0,868.0,53.0,1272.0,807.0,17.0,68.0,1.3102
3.5,1348.0,22.2,1357.0,464.0,526.0,84.0,1833.0,1324.0,16.0,72.2,1.3077
3.6,1384.0,23.3,1386.0,551.3460046806206,504.0,88.0,1833.0,1404.0,17.8,65.4,1.3213
7.248211082337501,1882.0,47.5,1920.0,838.659470893968,328.0,171.0,2609.0,2204.0,23.1,61.1,1.7082
5.3032518042695,1589.0,33.0,1619.0,633.0,406.0,124.0,2216.0,1780.0,22.2,63.7,1.6865
4.3,1463.0,27.2,1484.0,485.0,443.0,97.0,2011.0,1590.0,21.1,66.1,1.6313
3.6,1380.0,21.8,1345.0,480.0,493.0,92.0,1856.0,1419.0,20.0,69.0,1.5956
3.9,1383.0,21.3,1332.0,572.0,495.0,96.0,1855.0,1415.0,19.1,72.0,1.5732
2.4,1181.0,13.3,1094.0,345.0,600.0,74.0,1599.0,1180.0,18.8,70.6,1.5209
1.6,1061.0,8.8,931.0,195.0,699.0,65.0,1481.0,1015.0,18.5,69.5,1.4657
1.8,1091.0,9.2,945.0,213.0,698.0,62.0,1467.0,1014.0,18.4,68.5,1.439
1.5,1010.0,7.6,884.0,216.0,719.0,59.0,1430.0,938.0,16.8,73.3,1.3915
0.5,852.0,2.8,639.0,73.0,1009.0,41.0,1204.0,723.0,16.5,71.0,1.3239
0.4,826.0,2.2,601.0,67.0,1056.0,38.0,1180.0,702.0,16.9,67.9,1.295
0.5,862.0,3.4,677.0,96.0,973.0,43.0,1192.0,725.0,16.1,69.3,1.2591
0.8,951.0,5.7,800.0,162.0,803.0,52.0,1257.0,836.0,16.1,69.6,1.2593
2.0,1210.0,16.3,1188.0,305.0,583.0,75.0,1575.0,1129.0,16.2,70.1,1.2837
6.119868007900139,1601.0,37.9,1727.0,725.0,389.0,162.2151331880511,2252.0,1718.0,16.5,69.3,1.2897
4.5,1477.0,25.5,1443.0,658.0,469.0,163.74863361526184,1878.0,1646.0,19.6,58.3,1.3141
4.569973998732913,1458.0,24.2,1408.0,710.0,471.0,151.0,1889.0,1664.0,20.7,55.5,1.3414
3.6603497605542987,1354.0,20.9,1321.0,445.0,504.0,107.0,1799.0,1496.0,20.8,56.3,1.3664
3.6,1385.0,22.1,1354.0,455.0,490.0,114.0,1823.0,1506.0,21.7,53.1,1.3649
4.4,1460.0,25.0,1430.0,524.0,466.0,125.0,1932.0,1604.0,23.0,49.0,1.362
4.5580126861203025,1492.0,26.4,1463.0,562.0540000735132,460.0,138.0,1935.0,1632.0,24.2,44.0,1.3078
5.0,1569.0,29.8,1547.0,622.9291580549442,435.0,144.0,2016.0,1736.0,24.7,43.6,1.3396
7.060789865003716,1870.0,45.0,1871.0,816.5445093942253,351.0,180.0,2483.0,2165.0,23.0,54.2,1.5066
6.647085139569776,1774.0,42.8,1829.0,792.3783264758068,359.0,154.0,2457.0,2152.0,21.4,60.9,1.5322
3.6,1388.0,22.4,1363.0,370.0,485.0,105.0,1815.0,1556.0,20.3,61.4,1.4417
2.9,1303.0,15.9,1177.0,348.0,562.0,98.0,1619.0,1389.0,20.0,63.2,1.4581
2.7,1257.0,14.3,1126.0,361.0,581.0,93.0,1599.0,1300.0,19.1,64.4,1.405
1.9,1132.0,10.7,1002.0,255.0,640.0,76.0,1474.0,1126.0,18.1,67.5,1.3855
1.3,1050.0,7.6,881.0,162.0,732.0,69.0,1363.0,982.0,17.8,66.9,1.3464
1.2,1033.0,6.7,842.0,166.0,756.0,66.0,1362.0,941.0,17.6,66.5,1.3249
1.8,1106.0,9.0,938.0,247.0,685.0,76.0,1395.0,1010.0,16.1,71.2,1.2948
1.9,1107.0,9.0,940.0,255.0,689.0,73.0,1403.0,985.0,15.5,73.3,1.2845
0.9,916.0,4.3,726.0,129.0,879.0,54.0,1248.0,791.0,15.6,70.8,1.2461
0.5,852.0,2.8,641.0,83.0,1012.0,67.0042995057151,1172.0,710.0,17.0,64.5,1.2374
0.6,889.0,3.7,694.0,114.0,913.0,45.0,1198.0,743.0,14.9,72.3,1.2186
1.1,1002.0,6.3,828.0,233.0,798.0,58.0,1307.0,857.0,14.0,76.6,1.2183
2.8,1231.0,14.5,1134.0,448.0,587.0,87.0,1572.0,1143.0,14.6,74.2,1.2256
2.9,1212.0,16.4,1191.0,455.0,551.0,97.0,1586.0,1210.0,15.9,69.8,1.253
1.7,1121.0,10.9,1012.0,254.0,650.0,80.0,1436.0,1060.0,18.4,61.3,1.2854
2.3,1260.0,14.1,1121.0,313.0,568.0,82.0,1569.0,1252.0,20.0,56.7,1.3078
3.3,1391.0,17.1,1214.0,490.0,518.0,112.0,1691.0,1435.0,20.4,57.0,1.3507
3.5,1463.0,19.4,1280.0,492.8222451504033,482.0,121.0,1794.0,1544.0,20.7,59.3,1.4283
3.8,1464.0,20.9,1321.0,514.0,475.0,132.0,1794.0,1600.0,21.7,54.8,1.4024
3.4,1412.0,17.7,1230.0,454.0,516.0,141.0,1672.0,1534.0,22.0,54.2,1.4096
3.8,1450.0,19.8,1292.0,507.0,495.0,130.0,1768.0,1495.0,21.4,57.1,1.4356
3.6,1416.0,19.5,1283.0,474.0,510.0,143.3068427804636,1739.0,1442.0,20.8,58.7,1.4259
3.5,1346.0,17.0,1211.0,404.0,540.0,101.0,1674.0,1340.0,20.1,59.6,1.3852
2.8,1273.0,14.6,1137.0,356.0,586.0,91.0,1563.0,1231.0,20.0,58.4,1.3473
2.5,1206.0,12.0,1049.0,345.0,634.0,90.0,1484.0,1128.0,19.5,58.9,1.3195
3.1,1252.0,13.3,1094.0,395.0,615.0,90.0,1526.0,1188.0,19.5,57.4,1.2874
1.8,1069.0,7.9,897.0,249.0,729.0,83.0,1364.0,998.0,19.1,59.2,1.295
1.6,1061.0,7.9,895.0,197.0,737.0,73.0,1359.0,944.0,18.8,59.1,1.2702
1.9,1072.0,7.5,880.0,224.0,767.0,80.0,1318.0,928.0,18.0,60.4,1.2331
2.0,1075.0,8.4,917.0,231.0,737.0,87.0,1354.0,1037.0,17.5,60.7,1.2009
1.4,992.0,6.9,853.0,177.0,796.0,79.0,1305.0,930.0,17.5,59.4,1.1768
0.7,774.0,2.1,591.0,64.0,1151.0,42.0,1044.0,533.0,16.1,49.8,0.9021
0.4,757.0,1.5,542.0,44.0,1339.0,31.0,1004.0,449.0,15.5,51.5,0.9026
0.4,752.0,1.2,516.0,53.0,1370.0,35.0,997.0,440.0,15.1,52.0,0.8878
0.5,757.0,1.6,551.0,94.0,1295.0,51.0,967.0,453.0,14.9,46.8,0.7885
0.7,777.0,1.9,580.0,100.0,1263.0,58.0,963.0,465.0,15.5,42.4,0.74
0.15697539203888383,774.0,2.0,583.0,98.0,1246.0,57.0,966.0,457.0,16.6,38.2,0.7186
0.7,805.0,2.7,632.0,115.0,1176.0,63.0,1033.0,475.0,18.0,34.7,0.7089
1.0,838.0,3.6,686.0,115.0,1083.0,61.0,1046.0,532.0,18.0,35.1,0.7176
1.0,824.0,3.7,695.0,76.0,1091.0,34.0,1035.0,526.0,17.6,33.8,0.6726
0.32723493854118163,812.0,3.9,704.0,55.0,1055.0,26.0,1044.0,520.0,17.5,33.7,0.6691
0.9,806.0,3.8,702.0,59.0,1052.0,28.0,1035.0,500.0,17.2,33.9,0.6591
0.9,789.0,3.4,675.0,95.0,1121.0,50.0,974.0,482.0,16.8,32.1,0.6073
1.1,821.0,4.0,713.0,107.0,1067.0,55.0,1030.0,539.0,16.0,34.1,0.6155
3.2,1024.0,14.3,1127.0,189.0,704.0,84.0,1346.0,943.0,14.8,37.5,0.6259
3.1,1009.0,10.5,995.0,386.0,784.0,140.0,1201.0,1016.0,14.4,39.2,0.6407
3.1,1064.0,12.2,1055.0,412.0,738.0,138.0,1242.0,1063.0,14.1,43.0,0.6883
2.3,1001.0,11.4,1029.0,342.0,733.0,127.0,1255.0,1034.0,13.4,48.4,0.7397
1.8,927.0,7.3,868.0,255.0,847.0,117.0,1155.0,864.0,12.7,51.2,0.7505
0.8,819.0,2.4,613.0,89.0,1118.0,57.0,1060.0,500.0,9.9,71.4,0.8736
0.9,847.0,2.7,630.0,106.0,1057.0,59.0,1091.0,537.0,10.2,71.6,0.8893
0.8,798.0,2.5,621.0,109.0,1115.0,62.0,1041.0,524.0,10.6,61.3,0.7856
0.7,757.0,1.7,561.0,67.0,1192.0,42.0,998.0,457.0,11.1,55.6,0.7344
0.2,689.0,0.3,407.0,13.0,1757.0,13.0,895.0,333.0,11.3,49.5,0.6615
0.2,698.0,0.4,424.0,20.0,1665.0,18.0,903.0,339.0,10.8,50.9,0.657
0.3,720.0,0.6,458.0,33.0,1536.0,26.0,917.0,358.0,10.9,50.1,0.6519
0.7,797.0,2.1,593.0,146.0,1212.0,72.0,984.0,494.0,10.8,49.7,0.6429
1.7,950.0,7.4,875.0,359.0,850.0,131.0,1179.0,828.0,10.7,50.4,0.6467
1.8,887.0,5.9,809.0,322.0,899.0,133.0,1111.0,769.0,10.9,50.0,0.6531
1.5,850.0,4.8,755.0,293.0,966.0,116.0,1051.0,714.0,12.1,46.5,0.653
1.3,836.0,4.5,740.0,255.0,987.0,117.0,1046.0,672.0,12.4,44.1,0.6324
1.2,827.0,5.1,768.0,233.0,972.0,103.0,1040.0,671.0,13.0,40.1,0.5989
1.3,819.0,6.0,810.0,220.0,947.0,100.0,1027.0,631.0,13.4,36.3,0.5556
1.8,919.0,10.0,978.0,246.0,820.0,105.0,1180.0,805.0,13.1,38.5,0.5776
1.7,897.0,7.8,890.0,272.0,850.0,121.0,1139.0,808.0,11.5,46.4,0.6302
2.2,973.0,11.2,1023.0,358.0,780.0,132.0,1226.0,964.0,13.1,40.4,0.606
3.2,1065.0,17.0,1211.0,514.0,669.0,156.0,1364.0,1188.0,13.0,39.3,0.5877
5.9,1341.0,31.0,1575.0,742.0,503.0,183.0,1778.0,1571.0,11.3,50.9,0.679
0.2,715.0,0.5,445.0,32.0,1601.0,29.0,925.0,373.0,8.0,64.5,0.695
0.2,726.0,0.5,443.0,29.0,1663.0,26.0,942.0,363.0,8.1,68.6,0.7409
0.3,771.0,0.9,490.0,48.0,1419.0,39.0,990.0,411.0,6.3,84.8,0.8148
0.5,805.0,1.6,555.0,113.0,1255.0,72.0,1019.0,496.0,6.7,79.8,0.7872
1.4,958.0,5.8,803.0,267.0,910.0,128.0,1172.0,738.0,7.1,77.9,0.7914
2.0,1021.0,9.5,959.0,332.0,760.0,149.0,1297.0,910.0,7.9,73.5,0.7883
1.6,969.0,6.7,843.0,354.0,857.0,165.0,1213.0,821.0,6.9,86.0,0.8632
1.3,923.0,4.4,733.0,316.0,962.0,150.0,1124.0,740.0,6.8,87.1,0.8652
1.4,973.0,6.8,850.0,395.0,868.0,165.0,1213.0,852.0,8.0,81.6,0.8755
1.9,996.0,7.8,893.0,391.0,808.0,175.0,1237.0,895.0,9.5,70.0,0.8296
2.7,1055.0,10.8,1007.0,457.0,736.0,145.0,1301.0,1019.0,10.5,62.2,0.7923
2.1,1023.0,9.8,971.0,448.0,752.0,98.0,1283.0,993.0,11.4,59.1,0.7963
2.4,1039.0,11.3,1024.0,543.0,721.0,105.0,1325.0,1043.0,11.1,58.6,0.7737
2.7,1051.0,12.3,1061.0,574.0,696.0,106.0,1333.0,1111.0,10.8,57.6,0.7473
2.5,1050.0,12.6,1070.0,435.0,699.0,141.0,1334.0,1087.0,10.6,56.9,0.7281
3.7,1156.0,17.0,1209.0,504.0,614.0,165.0566142277945,1467.0,1250.0,10.6,59.3,0.7588
4.28327056371018,1277.0,21.4,1335.0,586.0,551.0,182.0,1636.0,1331.0,10.0,71.5,0.8768
3.3824273392989515,1172.0,15.3,1159.0,564.0354863419378,621.0,159.48433710376716,1461.0,1243.0,10.3,71.1,0.8878
2.2,1048.0,9.9,973.0,346.0,731.0,148.0,1298.0,1074.0,10.5,70.3,0.893
2.7,1144.0,13.4,1096.0,531.0,643.0,167.0,1394.0,1258.0,10.2,71.3,0.8859
2.6,1104.0,11.2,1023.0,477.0,677.0,158.0,1314.0,1189.0,9.7,73.1,0.8787
2.1,1038.0,9.4,957.0,344.0,713.0,132.0,1271.0,1092.0,9.3,73.5,0.8651
1.4,960.0,6.6,838.0,219.0,797.0,97.0,1189.0,996.0,9.2,73.9,0.8616
1.1,930.0,5.4,784.0,174.0,850.0,74.0,1151.0,902.0,7.6,81.2,0.8483
1.1,918.0,5.3,778.0,165.0,864.0,68.0,1136.0,859.0,7.5,81.5,0.8495
1.1,952.0,6.1,814.0,283.9316911786758,804.0,89.0,1153.0,970.0,8.3,77.2,0.8464
1.5,1019.0,8.1,905.0,388.0,757.0,117.0,1244.0,1062.0,8.9,75.6,0.8667
3.1,1287.0,17.3,1218.0,758.0,580.0,190.0,1580.0,1304.0,9.2,81.7,0.9506
5.920582514990277,1578.0,32.3,1605.0,818.5636192313367,429.0,180.31915742501377,2032.0,1643.0,9.9,83.4,1.0194
5.4,1417.0,24.1,1407.0,808.8318775389336,490.0,180.12927989203703,1709.0,1488.0,10.2,82.3,1.0253
4.5,1392.0,21.0,1325.0,1145.0,511.0,203.68174705368187,1631.0,1465.0,11.2,80.7,1.0688
3.0,1147.0,12.7,1073.0,720.0,628.0,210.0,1415.0,1198.0,11.8,76.1,1.0516
2.8,1150.0,13.6,1105.0,557.0,629.0,199.0,1450.0,1160.0,12.5,71.3,1.0285
3.9,1252.0,18.0,1240.0,678.0,564.0,178.0,1614.0,1277.0,13.2,68.4,1.0346
3.4,1186.0,14.3,1125.0,659.0,617.0,159.68937910344138,1493.0,1171.0,12.5,73.2,1.0563
3.2,1172.0,13.7,1107.0,552.0,629.0,186.0,1449.0,1106.0,12.2,75.7,1.0693
2.8,1109.0,11.2,1021.0,395.0,689.0,168.0,1361.0,1036.0,11.5,78.1,1.0565
3.9,1201.0,16.5,1196.0,619.5575425966715,597.0,187.0,1546.0,1196.0,11.6,76.0,1.0354
3.5,1189.0,16.1,1183.0,463.0,603.0,166.0,1534.0,1170.0,12.0,73.3,1.0264
4.7,1282.0,20.6,1312.0,568.0,551.0,177.0,1671.0,1312.0,12.9,68.8,1.0175
4.6,1207.0,16.8,1203.0,624.2179639394315,625.0,207.0,1570.0,1251.0,13.1,69.6,1.0464
1.2,904.0,4.8,754.0,193.0,930.0,114.0,1172.0,805.0,12.3,73.4,1.049
1.1,900.0,4.0,711.0,151.0,975.0,84.0,1153.0,736.0,12.7,71.0,1.0387
1.2,932.0,4.5,740.0,167.0,926.0,92.0,1180.0,774.0,12.9,69.9,1.0371
1.6,968.0,5.4,785.0,239.0,872.0,111.0,1209.0,826.0,12.9,70.5,1.0442
0.7,827.0,2.4,610.0,102.0,1092.0,71.0,1120.0,636.0,13.1,67.7,1.0198
0.6,811.0,1.7,559.0,71.0,1170.0,50.0,1085.0,558.0,13.7,64.4,1.0036
0.5,827.0,1.7,560.0,79.0,1169.0,53.0,1087.0,565.0,13.9,63.8,1.0079
0.6,849.0,2.3,604.0,117.0,1086.0,67.0,1108.0,604.0,14.1,64.5,1.0287
1.4,1001.0,5.7,798.0,266.0,855.0,113.0,1257.0,794.0,14.0,66.1,1.0488
1.9967850089554315,1021.0,7.9,896.0,340.0,741.0,140.0,1314.0,907.0,14.2,66.4,1.0673
1.6,978.0,6.4,831.0,257.0,807.0,116.0,1257.0,838.0,14.9,62.5,1.0529
1.6,996.0,6.9,855.0,311.0,793.0,122.0,1277.0,884.0,16.3,58.4,1.0729
1.7,1014.0,6.7,843.0,279.0,791.0,116.0,1297.0,866.0,16.9,56.5,1.0801
2.0,1061.0,8.7,928.0,267.0,730.0,118.0,1366.0,909.0,17.4,55.8,1.098
2.3,1092.0,9.9,975.0,310.0,690.0,125.0,1418.0,990.0,17.4,57.3,1.1328
2.4,1129.0,11.4,1028.0,352.0,661.0,126.0,1480.0,1050.0,17.7,55.5,1.1127
2.2,1077.0,9.8,969.0,337.0,690.0,135.0,1405.0,1023.0,16.8,58.9,1.1199
2.6,1153.0,12.9,1079.0,358.0,635.0,140.0,1496.0,1103.0,17.0,57.5,1.1071
4.0,1234.0,16.6,1197.0,547.0,575.0,163.0,1597.0,1239.0,16.2,60.2,1.1003
5.2,1319.0,20.8,1319.0,600.0,539.0,178.0,1735.0,1384.0,16.7,58.0,1.0916
3.9,1251.0,18.8,1264.0,525.1074729061897,561.0,160.0,1677.0,1289.0,16.5,58.8,1.0921
3.8,1165.0,12.6,1070.0,522.0,650.0,166.0,1467.0,1180.0,15.8,61.1,1.0856
1.6,954.0,5.9,807.0,208.0,833.0,115.0,1243.0,855.0,15.7,60.8,1.0769
1.5,971.0,6.1,818.0,205.0,828.0,107.0,1252.0,857.0,15.9,59.6,1.0673
1.6,961.0,5.0,765.0,217.0,865.0,108.0,1212.0,811.0,15.6,60.0,1.0594
1.5,952.0,4.9,758.0,216.0,876.0,111.0,1203.0,794.0,15.6,60.1,1.0557
1.0,875.0,2.7,635.0,117.0,1037.0,75.0,1133.0,612.0,15.7,59.5,1.0534
1.3,1006.0,5.0,765.0,174.0,848.0,88.0,1239.0,807.0,15.6,61.7,1.0847
1.0,907.0,3.7,691.0,111.0,927.0,71.0,1173.0,702.0,15.8,59.9,1.0693
1.0,938.0,3.8,702.0,147.0,904.0,75.0,1185.0,753.0,15.2,61.8,1.0602
0.9,925.0,3.3,672.0,140.0,991.0,86.0,1154.0,709.0,16.1,55.4,1.0089
2.1,1157.0,9.7,967.0,421.0,678.0,124.0,1365.0,1087.0,14.9,64.1,1.0773
2.1,1169.0,10.7,1003.0,350.0,665.0,128.0,1409.0,1126.0,15.6,62.0,1.0904
3.1,1312.0,14.7,1139.0,550.0,565.0,164.0,1568.0,1386.0,17.9,54.6,1.11
3.8,1347.0,17.6,1227.0,589.0,539.0,199.0,1627.0,1476.0,21.1,44.5,1.0964
3.7,1321.0,17.5,1224.0,537.0,543.0,192.0,1617.0,1424.0,20.3,46.7,1.0971
3.6,1267.0,14.1,1118.0,473.0,592.0,166.0,1503.0,1310.0,21.5,42.7,1.0837
3.3,1234.0,12.1,1053.0,364.0,639.0,133.0,1476.0,1114.0,21.5,43.1,1.0919
2.1,1101.0,9.2,947.0,270.0,699.0,118.0,1374.0,1029.0,21.5,43.4,1.0965
2.3,1149.0,10.6,998.0,368.0,664.0,133.0,1434.0,1101.0,20.8,45.5,1.1054
2.1,1094.0,9.0,941.0,318.0,695.0,128.0,1371.0,1040.0,19.2,49.6,1.0893
1.9,1056.0,7.5,878.0,244.0,758.0,116.0,1308.0,856.0,18.3,51.6,1.0732
1.9,1030.0,8.0,899.0,234.0,767.0,118.0,1275.0,836.0,17.7,51.5,1.0357
2.3,1075.0,9.1,943.0,296.0,752.0,142.0,1305.0,894.0,17.2,51.5,1.0015
1.7,927.0,4.7,748.0,205.0,888.0,113.0,1157.0,696.0,15.9,54.9,0.9853
0.8,793.0,1.8,570.0,95.0,1143.0,59.0,1036.0,524.0,14.0,55.2,0.8807
0.8,796.0,2.1,589.0,93.0,1136.0,52.0,1026.0,506.0,13.3,53.0,0.8044
0.8,780.0,1.8,568.0,100.0,1190.0,57.0,997.0,453.0,11.9,55.5,0.7711
0.8,774.0,1.8,569.0,100.0,1222.0,58.0,984.0,434.0,11.4,54.6,0.7363
0.6,718.0,1.0,500.0,63.0,1401.0,44.0,914.0,373.0,10.4,53.7,0.6749
0.3,689.0,0.7,470.0,36.0,1643.0,26.0,863.0,305.0,9.8,51.3,0.6225
0.3,678.0,0.4,427.0,24.0,1771.0,20.0,853.0,286.0,9.5,52.2,0.6198
0.2,655.0,0.2,402.0,20.0,2077.0,17.0,814.0,268.0,10.0,45.7,0.5598
0.2,649.0,0.2,397.0,25.0,2062.0,21.0,798.0,261.0,10.2,41.9,0.5209
0.3,647.0,0.3,412.0,39.0,1964.0,29.0,779.0,274.0,10.6,36.1,0.4624
0.3,667.0,0.4,429.0,57.0,1793.0,39.0,790.0,291.0,10.7,36.0,0.4623
0.4,669.0,0.5,444.0,59.0,1664.0,41.0,791.0,304.0,10.8,35.4,0.4583
0.4,667.0,0.6,455.0,65.0,1716.0,44.0,786.0,301.0,11.4,32.9,0.4435
0.6,705.0,1.1,508.0,93.0,1494.0,54.0,820.0,329.0,12.4,32.0,0.4583
0.6,710.0,1.2,523.0,112.0,1479.0,62.0,827.0,350.0,12.4,31.3,0.45
0.6,713.0,1.4,539.0,110.0,1593.0,62.0,829.0,380.0,12.2,31.8,0.4514
0.5,703.0,1.1,512.0,81.0,2121.0,48.0,837.0,356.0,10.5,37.9,0.4821
0.6,738.0,1.3,529.0,100.0,1991.0,59.0,876.0,383.0,9.6,44.2,0.5289
0.7,795.0,1.8,569.0,109.0,1773.0,63.0,959.0,429.0,8.2,57.9,0.6293
1.4,861.0,4.7,750.0,148.0,1481.0,78.0,1051.0,556.0,7.3,63.5,0.6519
1.2,836.0,3.0,653.0,207.0,1798.0,99.0,978.0,537.0,8.4,55.7,0.6155
1.1,812.0,3.0,652.0,210.0,1586.0,106.0,964.0,554.0,9.1,49.6,0.5765
1.0,771.0,2.8,642.0,180.0,1678.0,97.0,915.0,518.0,10.0,41.4,0.5102
0.6,711.0,1.6,556.0,109.0,1938.0,67.0,840.0,416.0,10.4,36.2,0.4561
0.8,741.0,2.3,607.0,128.0,1312.0,73.0,865.0,433.0,11.3,32.3,0.4329
0.6,696.0,1.3,532.0,96.0,1416.0,62.0,814.0,393.0,10.9,33.5,0.4378
0.5,692.0,1.1,507.0,65.0,1483.0,44.0,811.0,353.0,10.6,34.9,0.4455
0.3,679.0,0.6,449.0,42.0,1666.0,31.0,800.0,314.0,10.7,36.1,0.4639
0.3,683.0,0.4,426.0,28.0,1775.0,22.0,805.0,302.0,10.4,38.6,0.4862
0.4,704.0,0.8,478.0,55.0,1498.0,41.0,821.0,348.0,10.4,37.4,0.4717
0.7,767.0,2.0,588.0,181.0,1292.0,94.0,885.0,508.0,10.5,37.0,0.4707
2.0,964.0,8.7,928.0,480.0,871.0,161.65719132572747,1130.0,936.0,10.7,37.9,0.487
2.4,925.0,8.6,923.0,442.0,841.0,162.0,1115.0,944.0,11.1,38.1,0.5023
1.8,883.0,6.8,849.0,361.0,910.0,141.0,1053.0,843.0,12.6,36.6,0.5314
1.6,894.0,6.2,820.0,288.0,932.0,127.0,1072.0,820.0,13.8,36.2,0.569
1.7,881.0,6.4,831.0,330.0,911.0,116.0,1074.0,793.0,13.4,37.1,0.5683
1.8,867.0,6.7,842.0,300.0,909.0,104.0,1077.0,737.0,13.5,34.9,0.5393
1.7,856.0,6.2,821.0,239.0,937.0,111.0,1043.0,718.0,13.7,32.2,0.5032
1.7,862.0,6.7,843.0,265.0,930.0,114.0,1032.0,743.0,13.6,32.1,0.4977
1.7,891.0,7.8,891.0,287.0,874.0,121.0,1077.0,848.0,13.5,31.8,0.4876
2.6,931.0,11.5,1032.0,403.0,795.0,164.0,1098.0,991.0,13.5,27.9,0.4287
4.0,1025.0,16.7,1202.0,515.0,691.0,194.0,1263.0,1191.0,12.7,28.9,0.4233
3.8,1029.0,16.6,1198.0,446.0,694.0,175.0,1305.0,1169.0,12.6,30.2,0.4384
4.0,1038.0,16.3,1190.0,516.8689773084616,685.0,185.33400111271496,1291.0,1167.0,12.3,32.0,0.4553
2.4,904.0,8.6,924.0,355.0,846.0,147.0,1083.0,966.0,12.0,34.3,0.4787
1.4,844.0,5.4,782.0,217.0,969.0,112.0,1003.0,796.0,11.6,37.3,0.5095
1.3,839.0,4.0,711.0,180.0,1029.0,94.0,990.0,712.0,11.3,40.3,0.5406
1.3,844.0,3.9,705.0,167.0,1035.0,91.0,986.0,701.0,11.3,41.8,0.561
1.0,800.0,2.8,641.0,126.0,1113.0,76.0,957.0,591.0,11.2,42.0,0.5582
0.8,786.0,2.2,596.0,113.0,1178.0,73.0,937.0,609.0,11.0,42.6,0.5595
0.4,732.0,0.7,472.0,37.0,1461.0,32.0,866.0,391.0,11.1,40.8,0.5395
0.5,737.0,0.7,468.0,50.0,1481.0,40.0,869.0,395.0,10.7,41.8,0.536
0.5,778.0,1.2,517.0,96.0,1330.0,63.0,890.0,510.0,10.2,43.6,0.5405
0.9,867.0,3.3,669.0,271.0,1069.0,119.0,981.0,779.0,10.1,44.0,0.5434
3.5,1248.0,16.6,1197.0,534.1486674725318,641.0,202.0,1405.0,1395.0,10.1,45.6,0.5632
5.2,1389.0,26.3,1463.0,701.2927775499629,518.0,222.0,1694.0,1706.0,11.3,43.9,0.5867
4.3,1184.0,16.4,1193.0,839.0,626.0,215.62095518964134,1327.0,1479.0,14.5,33.8,0.5541
3.5,1160.0,15.5,1165.0,501.7641559874385,655.0,219.0,1325.0,1403.0,17.5,26.4,0.5228
2.6,982.0,10.7,1003.0,498.0,1037.0,189.0,1117.0,1072.0,17.2,22.4,0.4354
2.5,948.0,11.1,1017.0,389.0,1065.0,147.0,1077.0,929.0,17.3,20.4,0.4011
2.8,1017.0,11.7,1039.0,457.0,769.0,161.0,1149.0,1024.0,18.1,21.0,0.4321
2.2,985.0,10.9,1011.0,425.0,779.0,148.0,1138.0,1010.0,17.9,22.3,0.4537
2.4,1017.0,11.4,1029.0,483.0,768.0,148.0,1160.0,1046.0,17.6,23.7,0.473
3.5,1121.0,16.3,1190.0,604.0,673.0,188.0,1297.0,1264.0,16.7,25.9,0.4886
4.2,1129.0,18.5,1255.0,648.0,634.0,206.0,1370.0,1365.0,14.8,29.6,0.4965
3.1,1101.0,14.5,1134.0,427.0,683.0,168.0,1283.0,1281.0,13.6,34.0,0.5251
3.2,1182.0,15.8,1175.0,461.0,637.0,171.0,1363.0,1463.0,13.4,40.4,0.6178
2.8,1144.0,13.2,1091.0,436.0,671.0,171.0,1295.0,1388.0,11.8,44.3,0.6121
2.2,1046.0,7.8,890.0,300.0,791.0,142.0,1109.0,1195.0,10.7,47.5,0.6108
1.8,990.0,6.1,817.0,277.0,849.0,134.0,1071.0,1111.0,10.2,49.4,0.6138
1.7,974.0,5.0,764.0,196.0,910.0,107.0,1029.0,992.0,9.5,51.0,0.6045
1.6,953.0,5.3,778.0,277.0,885.0,121.0,1051.0,1019.0,7.7,57.9,0.6107
1.1,868.0,2.9,647.0,131.0,1054.0,85.0,962.0,828.0,8.4,54.5,0.6022
0.7,786.0,1.2,522.0,97.0,1253.0,68.0,910.0,699.0,6.2,61.0,0.5824
0.8,834.0,1.6,551.0,105.0,1193.0,69.0,917.0,719.0,6.8,58.6,0.5813
0.9,845.0,2.0,583.0,138.0,1132.0,81.0,929.0,761.0,5.7,62.7,0.5801
1.2,929.0,4.0,713.0,183.0,987.0,92.0,1002.0,830.0,5.9,62.0,0.5811
3.3,1234.0,15.4,1161.0,664.0,629.0,185.1947972549371,1386.0,1318.0,6.3,61.7,0.5926
3.8,1270.0,19.0,1267.0,611.0,565.0,201.0,1434.0,1482.0,7.5,58.8,0.6117
3.2,1241.0,14.6,1135.0,575.9342803120635,622.0,213.0,1280.0,1474.0,11.4,45.4,0.6113
3.2,1248.0,14.4,1131.0,878.0,615.0,211.64302174719506,1296.0,1592.0,13.3,42.3,0.6448
4.2,1317.0,19.0,1269.0,616.7621361963174,554.0,197.7796589269899,1446.0,1679.0,14.7,38.9,0.6462
4.3,1308.0,20.3,1306.0,808.0,553.0,212.0,1471.0,1670.0,16.5,32.9,0.6127
4.0,1321.0,19.5,1281.0,858.0,557.0,198.0,1442.0,1650.0,17.4,32.7,0.6422
4.303520280031804,1360.0,21.0,1325.0,839.0,535.0,171.0,1513.0,1692.0,17.3,33.9,0.6627
6.230656304140181,1659.0,35.9,1685.0,838.7227522270979,423.0,212.56059248618956,1946.0,2155.0,16.0,41.5,0.7483
7.3540878646381245,1802.0,47.7,1924.0,979.3763183909834,356.0,192.0,2235.0,2452.0,13.7,52.8,0.8244
5.580810367418201,1549.0,30.1,1553.0,838.1218320123215,446.0,203.93001339787938,1796.0,2032.0,13.0,55.1,0.824
4.884704583546357,1407.0,22.0,1351.0,796.7266619665668,516.0,254.0,1557.0,1751.0,12.4,56.8,0.8141
4.9,1374.0,19.0,1268.0,677.8280665456708,536.0,190.038281094936,1531.0,1675.0,10.7,62.1,0.7972
2.6,1127.0,9.2,948.0,427.0,703.0,198.0,1188.0,1312.0,10.5,61.1,0.7755
2.3,1096.0,7.1,860.0,274.0,777.0,145.0,1131.0,1179.0,9.7,62.5,0.7509
2.7,1119.0,8.2,908.0,387.0,735.0,167.0,1173.0,1197.0,8.8,65.5,0.7435
2.2,999.0,5.1,771.0,235.0,864.0,127.0,1068.0,995.0,8.8,63.8,0.7236
2.0,987.0,5.6,794.0,225.0,852.0,119.0,1106.0,971.0,8.5,65.0,0.7221
1.2,893.0,3.8,701.0,185.0,935.0,84.0,1045.0,844.0,6.4,74.0,0.7134
1.1,878.0,3.6,687.0,212.0,964.0,89.0,1035.0,813.0,5.9,76.6,0.7179
1.4,996.0,6.6,841.0,358.0,797.0,122.0,1127.0,1005.0,6.1,76.7,0.7271
2.1,1119.0,9.9,974.0,531.0,710.0,162.0,1224.0,1170.0,6.8,74.5,0.7415
4.5,1407.0,21.5,1339.0,727.1816852219928,531.0,186.95568826600888,1584.0,1533.0,7.7,72.5,0.7666
5.6,1503.0,27.8,1498.0,821.2168854324367,469.0,199.28854982976185,1749.0,1783.0,8.9,67.4,0.7714
4.726822124827415,1446.0,22.9,1374.0,774.2238769518502,499.0,198.8894955828605,1560.0,1818.0,11.4,58.3,0.7868
4.7,1416.0,20.2,1302.0,742.7252328816423,526.0,198.57095051724255,1471.0,1826.0,13.4,52.8,0.8086
4.2,1448.0,19.7,1288.0,870.0,518.0,251.0,1506.0,1839.0,15.8,50.1,0.892
3.6,1282.0,13.8,1111.0,480.8914963294892,586.0,163.75476076344975,1455.0,1428.0,18.3,50.0,1.0431
3.2,1271.0,15.3,1157.0,384.0,572.0,187.0,1483.0,1353.0,18.8,49.2,1.0548
3.1,1321.0,15.9,1178.0,504.07595758555817,552.0,182.0,1539.0,1491.0,18.4,49.6,1.0391
3.8,1362.0,17.4,1223.0,541.0,535.0,212.0,1597.0,1517.0,18.3,51.0,1.0586
3.9,1316.0,17.6,1228.0,484.0,540.0,174.0,1610.0,1413.0,17.6,53.1,1.0596
4.6,1374.0,20.4,1307.0,549.0,521.0,220.0,1709.0,1429.0,17.3,53.6,1.0472
4.369009052152616,1388.0,22.6,1367.0,596.0,500.0,171.5428431497322,1722.0,1503.0,16.8,55.2,1.048
4.732754266391494,1422.0,25.1,1432.0,630.406784929243,474.0,174.62025532701358,1852.0,1636.0,16.6,56.5,1.0551
4.3,1281.0,17.2,1216.0,542.0,548.0,165.98315018685273,1604.0,1687.0,16.3,58.1,1.0648
3.1,1192.0,11.7,1040.0,381.0,640.0,160.0,1441.0,1405.0,15.9,59.0,1.059
2.5,1108.0,9.2,945.0,270.0,692.0,130.0,1355.0,1199.0,15.9,59.4,1.0628
2.4,1071.0,7.7,885.0,284.0,740.0,133.0,1298.0,1090.0,15.7,60.9,1.0774
1.9,999.0,5.6,793.0,204.0,817.0,110.0,1242.0,898.0,16.1,59.5,1.0811
1.3,925.0,3.3,670.0,93.0,940.0,65.0,1173.0,663.0,15.5,63.8,1.1119
1.1,888.0,2.1,590.0,51.0,1009.0,41.0,1152.0,625.0,14.7,64.4,1.0704
0.9,863.0,1.3,531.0,45.0,1097.0,36.0,1095.0,606.0,14.7,59.8,0.9968
0.13625104025251908,870.0,1.6,550.0,68.0,1126.0,45.0,1078.0,515.0,15.4,55.9,0.9722
1.6,1043.0,5.3,776.0,198.0,800.0,98.0,1248.0,826.0,14.5,63.0,1.0319
4.8,1478.0,20.5,1310.0,580.126221340302,492.0,194.0,1775.0,1542.0,14.7,63.1,1.0513
5.9,1436.0,22.7,1371.0,548.0,458.0,191.0,1808.0,1626.0,15.2,62.2,1.0641
5.6,1354.0,16.7,1201.0,599.7181301270264,529.0,193.0,1593.0,1538.0,16.1,59.2,1.0736
3.5,1290.0,13.8,1110.0,612.0,571.0,231.0,1512.0,1441.0,17.0,55.9,1.0741
2.8,1203.0,11.8,1043.0,428.0,617.0,202.0,1470.0,1217.0,17.6,52.2,1.0396
3.6,1298.0,15.2,1156.0,463.0,549.0,188.0,1582.0,1320.0,17.3,55.4,1.0836
4.8,1352.0,17.9,1236.0,479.0,522.0,184.0,1659.0,1368.0,17.8,53.5,1.0833
5.0,1247.0,14.8,1142.0,469.0,574.0,222.0,1547.0,1199.0,18.3,52.3,1.0922
4.165716870480201,1375.0,18.3,1247.0,565.2037658256276,531.0,221.0,1650.0,1375.0,18.3,52.8,1.1016
5.044491819242239,1553.0,24.4,1414.0,760.0,455.0,193.0,1851.0,1682.0,17.7,56.6,1.133
4.9821776522220445,1521.0,25.0,1430.0,691.0,449.0,187.0,1907.0,1761.0,17.3,58.2,1.1435
5.538791715974566,1623.0,29.8,1547.0,700.7784438816672,414.0,179.5596640429299,2040.0,1883.0,16.2,62.6,1.1455
5.213785578482506,1510.0,27.9,1501.0,702.0497930425115,456.0,185.0,1901.0,1855.0,15.2,57.5,0.9829
4.3,837.0,6.5,835.0,390.0,896.0,166.45266580081477,960.0,1078.0,14.2,27.7,0.4451
2.6,667.0,3.6,689.0,207.0,1210.0,120.0,709.0,620.0,13.4,14.3,0.2185
2.6,695.0,4.0,711.0,204.0,1193.0,110.0,739.0,645.0,12.8,14.8,0.218
2.7,683.0,3.6,686.0,243.0,1240.0,121.0,702.0,627.0,12.2,14.0,0.1988
2.7,695.0,4.0,709.0,264.0,1236.0,126.0,717.0,645.0,12.0,14.5,0.2029
2.6,703.0,3.5,685.0,215.0,1218.0,117.0,734.0,641.0,10.8,17.0,0.2193
0.6,692.0,1.5,546.0,92.0,1347.0,70.0,697.0,500.0,9.0,23.1,0.2648
0.7,729.0,2.8,639.0,174.0,1234.0,96.0,773.0,628.0,8.7,24.7,0.2785
1.2,880.0,6.0,812.0,294.0,928.0,136.0,954.0,1040.0,6.9,39.4,0.3948
2.0,974.0,11.1,1019.0,412.0,769.0,177.0,1122.0,1159.0,6.3,44.8,0.431
2.8,1086.0,15.3,1157.0,541.7021669125008,674.0,181.25435100777682,1237.0,1330.0,7.2,43.2,0.4417
2.9,1087.0,17.1,1213.0,661.0,668.0,243.0,1216.0,1402.0,11.9,27.9,0.3882
2.2,933.0,10.3,990.0,555.0,849.0,192.0,956.0,1104.0,14.8,17.9,0.2977
1.6,852.0,8.5,919.0,363.0,967.0,149.0,831.0,855.0,14.8,14.3,0.2397
1.5,882.0,10.4,993.0,302.0,902.0,141.0,941.0,862.0,14.7,15.5,0.2586
1.9,888.0,10.9,1009.0,340.0,866.0,137.0,937.0,973.0,14.7,16.6,0.2756
1.5,878.0,10.6,1000.0,306.0,880.0,138.0,942.0,936.0,14.8,15.6,0.2615
2.076453569711757,892.0,11.1,1018.0,377.0,879.0,149.0,931.0,1009.0,15.3,14.3,0.2462
3.4,1117.0,21.1,1327.0,614.3463694108507,692.0,196.0,1302.0,1475.0,13.5,19.5,0.3003
4.670699307330179,1252.0,22.3,1359.0,870.0,604.0,239.0,1380.0,1765.0,11.1,31.8,0.4187
1.6,1012.0,10.6,999.0,421.0,785.0,164.0,1057.0,1329.0,10.2,33.4,0.4143
1.2,1025.0,8.4,916.0,294.0,832.0,149.0,1018.0,1262.0,9.5,35.9,0.4273
1.2,1033.0,7.6,881.0,339.0,855.0,159.0,999.0,1230.0,8.0,39.8,0.4286
0.9,1008.0,7.1,861.0,260.0,858.0,149.0,991.0,1229.0,6.6,44.1,0.4333
0.7,992.0,7.2,867.0,256.0,876.0,133.0,997.0,1196.0,6.1,45.2,0.4295
2.5,1187.0,13.9,1114.0,572.0,700.0,216.0,1193.0,1433.0,5.2,50.8,0.452
1.5,1065.0,9.7,968.0,428.0,808.0,196.0,1059.0,1249.0,4.9,53.0,0.4629
0.5,889.0,4.9,760.0,195.0,968.0,120.0,919.0,983.0,5.3,48.7,0.4364
0.5,875.0,5.6,795.0,160.0,928.0,101.0,965.0,932.0,3.1,56.3,0.4368
0.1,808.0,2.8,636.0,101.0,1120.0,75.0,862.0,770.0,4.1,52.2,0.4338
0.2,858.0,2.7,633.0,97.0,1136.0,73.0,878.0,788.0,3.5,55.9,0.4431
0.2,862.0,4.9,757.0,227.0,983.0,116.0,938.0,879.0,1.3,65.3,0.4457
0.5,877.0,5.6,793.0,253.0,944.0,132.0,951.0,924.0,3.2,57.0,0.4434
0.4,941.0,6.4,832.0,234.0,914.0,125.0,970.0,964.0,7.2,42.8,0.4356
0.8,983.0,6.8,846.0,291.0,871.0,148.0,996.0,1055.0,10.3,34.2,0.4291
1.5,1067.0,10.1,981.0,402.0,755.0,186.0,1104.0,1383.0,10.9,33.8,0.4393
2.7453554404431983,1100.0,11.2,1022.0,492.0,752.0,183.45007848961433,1101.0,1367.0,12.2,30.0,0.4245
1.1,958.0,8.7,928.0,351.0,841.0,163.16534797478792,986.0,1120.0,13.3,24.3,0.3686
0.3,866.0,5.0,763.0,160.0,1018.0,106.0,859.0,775.0,15.2,18.7,0.3214
0.9,1018.0,8.2,907.0,292.0,889.0,127.0,981.0,1150.0,14.9,21.7,0.3646
2.1,1175.0,12.7,1074.0,537.0,748.0,172.0,1134.0,1528.0,13.1,25.4,0.3814
2.4,1197.0,10.9,1012.0,607.0,717.0,179.0,1103.0,1655.0,11.7,32.7,0.4472
1.6,1110.0,7.4,872.0,308.0,822.0,150.0,971.0,1393.0,10.1,34.4,0.4249
1.1,1060.0,6.3,825.0,277.0,854.0,147.0,967.0,1338.0,9.8,36.0,0.4364
1.3,1136.0,7.7,885.0,348.0,806.0,163.0,1006.0,1403.0,7.1,43.2,0.436
0.8,1049.0,7.2,864.0,267.0,818.0,145.0,1010.0,1327.0,5.9,47.8,0.4459
1.0,1053.0,7.0,859.0,399.0,810.0,186.0,1008.0,1346.0,5.3,50.5,0.453
0.3,970.0,5.0,763.0,163.0,917.0,116.0,930.0,1132.0,5.6,48.0,0.4412
1.0,1049.0,8.2,907.0,297.0,795.0,145.0,1038.0,1209.0,3.9,55.9,0.4568
0.4,919.0,5.0,761.0,212.0,911.0,124.86451686849344,942.0,1044.0,3.3,58.0,0.4551
0.1,897.0,4.2,722.0,201.0,987.0,108.0,953.0,959.0,3.7,57.9,0.4651
0.4,988.0,6.8,850.0,333.0,861.0,149.0,1030.0,1133.0,4.5,54.8,0.466
2.4,1242.0,16.2,1185.0,733.0,625.0,232.0,1297.0,1511.0,4.9,55.8,0.4882
3.1,1493.0,50.7,1981.0,1401.50557269466,448.0,215.0,1567.0,2346.0,5.4,55.1,0.497
3.1,1394.0,63.7,2214.0,1592.535879256593,411.0,212.99844711622467,1629.0,2311.0,6.2,51.8,0.4952
2.7,1252.0,25.4,1439.0,848.3646211510467,559.0,200.64727604414477,1383.0,1798.0,6.8,49.8,0.4959
2.3,1255.0,20.1,1301.0,784.0,571.0,224.0,1355.0,1750.0,7.3,50.6,0.5184
3.0,1360.0,23.5,1392.0,780.9260799513019,490.0,235.0,1458.0,1863.0,7.8,49.0,0.5191
5.1061876023096495,1369.0,25.2,1434.0,819.6418914900559,489.0,237.0,1539.0,1883.0,8.0,49.2,0.5282
4.582592312650753,1361.0,21.8,1347.0,747.736748921185,518.0,209.2174205493379,1456.0,1851.0,8.3,49.3,0.5414
3.5,1411.0,22.8,1371.0,762.5084085928137,500.0,235.0,1484.0,1919.0,8.5,49.6,0.5517
5.09376696535462,1509.0,25.4,1439.0,804.363630030737,459.0,199.0,1577.0,2078.0,8.5,52.6,0.5856
6.775528392924866,1738.0,38.3,1735.0,983.7272346200104,365.0,229.2930723379552,1917.0,2434.0,8.9,53.4,0.6117
6.9,1766.0,37.6,1720.0,1011.1833049935985,361.0,233.51812252354142,1881.0,2515.0,9.1,53.8,0.6216
6.342661752559002,1706.0,33.9,1641.0,991.4293763517749,381.0,232.64468209155805,1778.0,2522.0,8.9,54.2,0.6183
3.3,1472.0,22.4,1361.0,884.0,462.0,191.0,1455.0,2334.0,8.5,54.2,0.6054
2.4,1392.0,16.9,1206.0,650.0,521.0,164.0,1347.0,2199.0,8.5,57.8,0.6432
1.7,1335.0,13.9,1112.0,444.0,570.0,130.0,1331.0,1861.0,7.7,71.1,0.7503
1.3,1285.0,11.6,1037.0,370.0,610.0,121.0,1277.0,1751.0,7.9,72.5,0.7766
1.1,1267.0,10.8,1008.0,349.0,628.0,118.0,1264.0,1652.0,8.0,75.3,0.8079
0.8,1176.0,8.8,930.0,287.0,679.0,113.0,1216.0,1455.0,8.0,76.2,0.8217
1.3,1091.0,6.4,829.0,238.0,755.0,92.0,1177.0,1126.0,8.2,81.4,0.888
1.4,1126.0,7.7,886.0,316.0,713.0,98.0,1225.0,1158.0,8.5,81.1,0.8989
2.1,1210.0,10.0,978.0,508.0,666.0,111.0,1332.0,1237.0,8.9,79.3,0.9088
4.5,1565.0,24.0,1405.0,678.8478122494616,488.0,178.2647806444356,1830.0,1696.0,9.5,77.9,0.9278
5.7,1578.0,27.6,1494.0,808.9371562568004,448.0,190.1824401357331,1854.0,1800.0,9.9,77.6,0.9488
6.023550969464233,1702.0,31.5,1585.0,855.4519761897654,422.0,193.89927680703173,1960.0,1967.0,10.7,76.2,0.9798
4.990743650030928,1552.0,24.1,1406.0,762.3953210908509,478.0,185.0,1749.0,1862.0,11.8,72.2,0.9948
5.30463967175121,1590.0,26.5,1466.0,783.4752613966491,448.0,198.0,1831.0,2003.0,13.3,66.9,1.0163
5.618705189777034,1640.0,27.1,1480.0,955.0,432.0,205.13757652421566,1865.0,2041.0,13.8,67.0,1.0513
6.397220542212383,1769.0,33.2,1624.0,885.2326840240612,396.0,233.0,2041.0,2202.0,13.9,67.6,1.0666
5.200363837131004,1581.0,25.5,1442.0,758.1291991293793,435.0,202.0,1839.0,1966.0,14.2,66.8,1.073
5.3,1658.0,27.1,1482.0,761.665810891845,419.0,186.0,1893.0,2030.0,14.2,67.8,1.0879
6.469601483865613,1821.0,35.4,1673.0,867.679277319872,371.0,194.7084602519223,2119.0,2201.0,13.6,71.0,1.1018
7.8832840159994815,1982.0,49.5,1959.0,921.9190048822283,322.0,189.72154931220976,2536.0,2386.0,13.2,72.6,1.0936
8.038397224481779,2008.0,50.6,1980.0,927.5312145230811,325.0,189.1685213002918,2562.0,2342.0,12.4,74.7,1.0741
7.837710562183886,1918.0,49.4,1958.0,953.591930805967,335.0,190.45180278930334,2477.0,2237.0,11.5,76.2,1.0324
5.936403695623465,1693.0,31.7,1590.0,876.6136200635522,412.0,178.0,1949.0,2025.0,10.4,79.3,0.9993
4.7,1495.0,21.8,1345.0,866.0,467.0,147.0,1649.0,1853.0,10.0,82.5,1.015
4.0,1449.0,19.8,1291.0,740.9700376322398,482.0,138.0,1580.0,1817.0,10.0,82.6,1.0163
4.002814350155509,1439.0,18.6,1257.0,715.0,494.0,135.0,1571.0,1704.0,10.1,83.5,1.0296
2.8,1270.0,13.4,1098.0,558.0,572.0,154.35204937526245,1420.0,1463.0,10.0,83.6,1.0235
2.3,1163.0,10.1,980.0,467.0,654.0,106.0,1327.0,1299.0,10.4,80.8,1.0191
1.4,1023.0,5.4,781.0,295.0,809.0,81.0,1195.0,1019.0,10.6,78.8,1.008
1.0,931.0,3.4,679.0,151.0,947.0,66.0,1138.0,867.0,10.5,77.8,0.9839
1.0,953.0,4.1,717.0,188.0,907.0,64.0,1152.0,911.0,9.8,79.2,0.9567
1.8,1108.0,8.7,927.0,380.0,718.0,86.0,1315.0,1106.0,9.5,80.3,0.9532
3.8,1414.0,18.7,1261.0,717.0,532.0,114.0,1644.0,1479.0,9.8,80.5,0.9724
4.2,1423.0,21.0,1323.0,803.0,496.0,181.83789242206498,1727.0,1568.0,10.3,80.3,1.002
3.6,1352.0,17.7,1231.0,573.4569131464834,538.0,110.0,1605.0,1530.0,11.1,77.2,1.0175
3.3,1303.0,15.1,1153.0,558.0,575.0,116.0,1520.0,1582.0,13.3,68.8,1.0505
2.0,1103.0,8.8,931.0,427.0,711.0,162.0,1293.0,1235.0,15.1,58.3,0.9978
2.0,1138.0,9.7,967.0,317.0,695.0,104.0,1332.0,1195.0,15.6,56.2,0.9876
2.9,1278.0,14.4,1130.0,436.0,580.0,129.0,1506.0,1471.0,15.4,59.6,1.0375
2.7,1292.0,14.7,1141.0,490.0,556.0,146.0,1498.0,1582.0,14.6,63.7,1.0508
3.4,1374.0,17.4,1222.0,602.0,516.0,160.0,1582.0,1671.0,13.7,66.8,1.0432
4.5,1464.0,22.3,1358.0,701.1236583393917,477.0,169.0,1719.0,1711.0,12.3,72.5,1.0331
6.1,1562.0,30.3,1557.0,865.0,427.0,167.0,1916.0,1852.0,10.8,77.2,1.0021
5.870410813041139,1592.0,33.3,1627.0,895.3353256814771,401.0,166.0,1957.0,1902.0,10.2,80.4,1.0003
6.3955908195646805,1669.0,36.0,1686.0,911.0543530472481,384.0,193.69957012350204,2066.0,1961.0,10.1,79.3,0.9795
4.66426705280045,1429.0,23.9,1401.0,812.0,475.0,144.0,1698.0,1689.0,10.0,76.1,0.9329
4.5,1354.0,19.0,1269.0,724.97875182602,506.0,141.0,1530.0,1580.0,8.6,82.3,0.9198
4.1,1311.0,16.8,1203.0,761.0,542.0,123.0,1448.0,1428.0,7.7,84.3,0.8881
4.0,1311.0,17.5,1225.0,781.0,538.0,182.2685372454679,1464.0,1434.0,7.1,84.1,0.8557
3.6769861051214185,1292.0,17.4,1221.0,743.0,547.0,114.0,1437.0,1389.0,6.7,83.2,0.819
3.0,1091.0,11.3,1025.0,533.0,666.0,93.0,1262.0,1130.0,6.0,83.0,0.78
2.2,1050.0,9.4,956.0,456.0,725.0,89.0,1162.0,1025.0,4.3,85.4,0.7152
2.190608367008224,1053.0,9.4,955.0,486.0,710.0,94.0,1154.0,1050.0,4.0,85.7,0.7041
2.0,1016.0,9.1,945.0,498.0,724.0,93.0,1147.0,1038.0,4.0,84.4,0.6943
2.2,1057.0,10.7,1004.0,585.0,702.0,100.0,1204.0,1080.0,4.0,83.1,0.682
4.415050035307726,1309.0,21.3,1333.0,911.0,537.0,127.0,1555.0,1411.0,4.4,81.3,0.689
4.8,1315.0,22.9,1375.0,845.0,526.0,137.0,1576.0,1549.0,6.7,72.6,0.718
4.259616224716596,1315.0,20.1,1300.0,703.556595965469,547.0,190.0,1531.0,1659.0,10.0,63.4,0.7791
2.8,1111.0,11.8,1042.0,603.0,682.0,171.0,1257.0,1434.0,13.6,48.7,0.7547
2.1,1087.0,10.6,1000.0,391.0,706.0,127.0,1251.0,1310.0,14.6,46.5,0.7687
2.0,1104.0,11.4,1028.0,279.0,696.0,109.0,1263.0,1227.0,15.4,43.0,0.7483
2.5,1142.0,12.8,1078.0,358.0,670.0,126.0,1256.0,1261.0,16.4,38.2,0.7081
2.5,1164.0,13.4,1096.0,403.0,662.0,136.0,1311.0,1261.0,16.8,37.6,0.7129
2.8,1214.0,14.2,1124.0,465.0,659.0,156.0,1302.0,1345.0,16.8,36.7,0.6944
4.0,1369.0,21.8,1346.0,707.0,558.0,187.0,1537.0,1608.0,15.4,41.3,0.7151
4.2592615687961235,1368.0,21.4,1334.0,660.0,529.0,173.0,1547.0,1653.0,13.8,48.9,0.7699
3.1,1226.0,15.4,1161.0,402.0,606.0,137.0,1368.0,1442.0,13.3,50.9,0.7745
2.6,1225.0,14.5,1134.0,350.0,614.0,122.0,1352.0,1421.0,11.5,57.3,0.7786
2.6,1190.0,11.4,1028.0,355.0,654.0,129.0,1287.0,1329.0,10.7,59.8,0.7674
2.0,1128.0,7.8,889.0,296.0,743.0,110.0,1160.0,1212.0,10.0,61.8,0.7576
1.8,1105.0,7.6,883.0,266.0,747.0,102.0,1180.0,1179.0,9.9,62.1,0.7566
2.5,1152.0,9.5,959.0,373.0,689.0,114.0,1232.0,1231.0,9.3,64.5,0.7554
2.3,1141.0,9.7,967.0,394.66297880915965,698.0,117.0,1245.0,1214.0,9.1,65.7,0.7607
2.1,1121.0,8.1,901.0,308.0,712.0,98.0,1215.0,1134.0,8.9,71.8,0.818
1.2,982.0,4.8,752.0,196.0,844.0,77.0,1153.0,897.0,9.0,77.3,0.8873
1.0,974.0,4.6,743.0,203.0,864.0,75.0,1155.0,885.0,9.1,77.3,0.8944
1.7,1118.0,8.4,915.0,393.0,731.0,95.0,1289.0,1059.0,9.3,76.9,0.9007
4.3,1508.0,23.1,1379.0,864.0,496.0,192.4082300735655,1767.0,1567.0,10.0,75.0,0.9179
5.8,1521.0,26.6,1470.0,716.3445577260229,456.0,149.0,1857.0,1727.0,10.6,72.7,0.9272
5.21641456378588,1562.0,26.1,1458.0,793.7758829080044,458.0,195.15526123018614,1770.0,2021.0,12.4,64.8,0.931
4.0,1392.0,16.4,1192.0,856.0,543.0,183.0,1508.0,1795.0,13.7,59.9,0.9335
4.0,1439.0,18.9,1267.0,635.1216708989191,522.0,179.0,1586.0,1852.0,14.9,57.0,0.9564
4.9,1539.0,22.7,1371.0,854.0,488.0,201.8940618447092,1712.0,1943.0,15.5,56.2,0.9814
5.372090853319372,1608.0,27.2,1483.0,762.6616069206124,446.0,208.0,1845.0,2058.0,15.8,56.3,1.0026
5.1,1589.0,24.1,1407.0,719.236853710966,556.0,182.85638317741657,1757.0,1972.0,15.8,57.9,1.0292
5.637191488571465,1704.0,29.1,1531.0,781.2061643302673,507.0,188.47411586194272,1904.0,2098.0,15.7,58.9,1.0432
6.472375199560982,1822.0,36.0,1686.0,875.5739064946409,387.0,199.15399188220331,2077.0,2244.0,15.5,61.2,1.067
7.448948026655582,1956.0,45.2,1877.0,945.795595123759,347.0,198.4835264997817,2338.0,2465.0,15.5,62.8,1.0979
5.729184666073548,1676.0,30.7,1568.0,805.3769379006901,444.0,185.48921316986318,1983.0,2096.0,15.6,64.9,1.1396
6.627486408681056,1834.0,37.7,1723.0,947.0,400.0,167.0,2204.0,2190.0,15.1,67.0,1.1394
6.373957706297896,1759.0,31.6,1588.0,1155.0,437.0,216.33080122534656,1971.0,2234.0,14.6,67.7,1.1164
4.393116818741911,1518.0,19.9,1293.0,745.9784929119709,515.0,183.76077774480845,1602.0,2048.0,13.8,67.8,1.0609
4.3,1502.0,18.6,1256.0,696.0,560.0,154.0,1568.0,2044.0,13.4,69.0,1.0579
4.1,1499.0,16.9,1207.0,654.0,748.0,143.0,1530.0,1881.0,13.0,73.7,1.0957
4.2,1531.0,18.0,1238.0,685.0,619.0,140.0,1583.0,1774.0,12.7,77.5,1.1339
3.5569939053374178,1424.0,14.9,1145.0,574.0,641.0,152.17337864888916,1482.0,1615.0,12.4,78.4,1.1269
2.4,1250.0,9.1,942.0,319.0,755.0,103.0,1323.0,1380.0,11.9,80.7,1.1199
2.0,1189.0,7.3,870.0,263.0,821.0,97.0,1272.0,1251.0,13.2,75.8,1.1459
1.7,1197.0,7.6,881.0,320.0,820.0,99.0,1295.0,1173.0,12.3,81.9,1.1674
2.1,1273.0,9.2,946.0,439.0,729.0,110.0,1349.0,1217.0,12.8,80.8,1.1898
2.5,1298.0,11.1,1017.0,398.0,727.0,110.0,1418.0,1193.0,13.7,76.3,1.1932
3.8,1453.0,16.3,1190.0,637.0,583.0,121.0,1644.0,1358.0,13.4,78.8,1.2104
3.9,1492.0,17.8,1233.0,699.0,561.0,122.0,1672.0,1481.0,13.8,77.8,1.2201
4.2,1481.0,16.7,1202.0,699.0,768.0,136.0,1639.0,1532.0,15.1,73.2,1.244
4.0,1524.0,17.6,1228.0,707.0,853.0,170.0,1646.0,1675.0,15.8,70.5,1.2557
4.4,1562.0,19.4,1280.0,743.0,479.0,156.0,1711.0,1709.0,15.4,73.3,1.27
4.367589522618935,1567.0,20.1,1300.0,632.8928853436669,473.0,158.0,1753.0,1743.0,15.6,71.4,1.2596
4.6,1568.0,19.4,1280.0,741.0,479.0,174.0,1703.0,1774.0,16.3,68.7,1.2596
4.8,1622.0,20.5,1312.0,692.0299372559779,477.0,187.0,1727.0,1804.0,16.4,68.2,1.2662
4.5,1515.0,18.7,1259.0,632.0,508.0,147.0,1695.0,1555.0,15.6,70.2,1.238
5.6,1603.0,24.5,1417.0,714.1114846470942,459.0,173.965602952161,1871.0,1621.0,14.2,75.8,1.2202
4.9,1514.0,21.3,1334.0,703.0,489.0,172.53110741480978,1755.0,1614.0,14.0,74.6,1.1865
5.3,1567.0,23.5,1392.0,764.0,470.0,126.0,1821.0,1637.0,13.3,75.8,1.1506
4.6,1380.0,15.5,1163.0,667.0,573.0,130.0,1547.0,1485.0,13.7,72.5,1.1326
2.4,1214.0,9.9,972.0,355.0,663.0,98.0,1359.0,1280.0,12.8,73.8,1.0853
2.7,1225.0,10.1,982.0,359.0,656.0,89.0,1358.0,1236.0,11.2,78.3,1.0415
2.5,1250.0,10.3,989.0,327.0,665.0,88.0,1343.0,1204.0,10.6,79.4,1.0133
2.3,1143.0,7.6,882.0,289.0,738.0,86.0,1260.0,1069.0,10.8,77.5,1.0027
1.3,953.0,4.2,722.0,138.0,911.0,70.0,1148.0,828.0,10.3,77.6,0.9743
1.0,913.0,3.1,659.0,86.0,1010.0,55.0,1121.0,748.0,10.3,74.9,0.9362
0.9,858.0,1.6,554.0,60.0,1207.0,45.0,1047.0,663.0,11.2,69.0,0.9159
0.7,848.0,1.7,560.0,62.0,1206.0,44.0,1045.0,644.0,8.9,77.1,0.8804
0.8,871.0,1.5,548.0,73.0,1197.0,50.0,1025.0,662.0,9.5,73.3,0.8719
1.0,909.0,2.6,624.0,157.0,1056.0,74.0,1073.0,736.0,8.6,77.2,0.8617
1.1,906.0,2.8,637.0,166.0,1024.0,81.0,1070.0,761.0,8.6,76.6,0.8586
0.8,859.0,1.9,573.0,98.0,1126.0,65.0,1039.0,696.0,9.7,72.0,0.8649
1.4,1028.0,5.2,773.0,153.0,877.0,76.0,1194.0,871.0,11.1,68.2,0.8979
2.2,1089.0,6.5,835.0,307.0,778.0,110.0,1216.0,1004.0,11.8,65.0,0.8966
2.7,1184.0,9.4,954.0,416.0,701.0,124.0,1313.0,1133.0,12.1,64.8,0.9135
2.3,1136.0,8.2,906.0,346.0,729.0,120.0,1274.0,1140.0,12.6,63.2,0.9209
1.9,1069.0,6.9,854.0,252.0,780.0,99.0,1242.0,999.0,13.4,61.9,0.9513
2.7,1214.0,8.6,922.0,326.0,741.0,117.0,1273.0,1124.0,13.3,63.3,0.9597
3.2,1212.0,8.6,926.0,490.0,720.0,132.0,1283.0,1193.0,11.2,70.9,0.9406
3.2,1218.0,10.1,981.0,452.0,677.0,113.0,1335.0,1258.0,9.6,76.5,0.9184
3.5,1279.0,12.6,1069.0,542.0,628.0,117.0,1418.0,1356.0,9.9,76.3,0.9296
4.5,1382.0,16.5,1196.0,605.0,573.0,127.0,1543.0,1468.0,10.4,74.6,0.9394
4.1,1292.0,13.0,1085.0,524.589341027333,620.0,132.0,1438.0,1390.0,10.3,75.1,0.9399
3.3,1250.0,12.1,1054.0,491.0,634.0,121.0,1407.0,1348.0,10.4,75.4,0.947
3.1,1260.0,11.4,1030.0,492.0,639.0,122.0,1378.0,1355.0,10.5,75.4,0.9566
3.0,1203.0,10.3,988.0,412.0,658.0,113.0,1350.0,1315.0,10.2,78.4,0.9757
2.3,1146.0,8.0,900.0,283.0,718.0,99.0,1280.0,1183.0,9.9,80.5,0.984
2.3,1130.0,8.1,902.0,280.0,715.0,86.0,1289.0,1117.0,9.8,81.4,0.9855
1.5,993.0,4.2,720.0,156.0,891.0,66.0,1143.0,925.0,8.9,83.0,0.9487
1.3,987.0,4.9,759.0,166.0,856.0,67.0,1162.0,940.0,8.8,83.7,0.9529
1.4,1018.0,5.7,800.0,225.0,821.0,78.0,1185.0,956.0,8.7,84.2,0.9526
2.0,1129.0,9.8,971.0,325.0,707.0,90.0,1315.0,1064.0,8.7,83.7,0.9454
4.2,1440.0,20.6,1312.0,760.0,537.0,120.0,1657.0,1515.0,9.6,80.8,0.9687
5.4144310043961665,1609.0,29.5,1540.0,732.5638046711131,486.0,139.0,1961.0,1803.0,11.3,75.3,1.0048
5.357397525205774,1573.0,28.3,1511.0,761.7358918822149,531.0,172.0,1916.0,1927.0,13.8,68.5,1.0718
5.775071470948769,1705.0,30.5,1562.0,799.1574700911219,473.0,186.29755227019044,1988.0,2197.0,14.9,64.9,1.0929
5.0,1551.0,23.0,1377.0,728.7520554880374,564.0,168.0,1734.0,2038.0,15.3,63.2,1.0898
2.5,1163.0,11.1,1016.0,366.0,781.0,120.0,1363.0,1339.0,18.6,49.1,1.0425
2.6,1186.0,12.8,1077.0,346.0,797.0,121.0,1404.0,1328.0,18.6,49.3,1.0451
1.9,1166.0,10.8,1007.0,289.0,775.0,117.0,1391.0,1227.0,18.4,49.9,1.0453
2.3,1200.0,11.4,1027.0,316.0,760.0,121.0,1416.0,1199.0,17.9,51.4,1.0488
1.9,1134.0,8.1,903.0,238.0,821.0,107.0,1299.0,1046.0,18.0,51.9,1.0622
2.3,1161.0,10.0,979.0,267.0,758.0,115.0,1375.0,1132.0,16.7,57.3,1.0813
1.8,1117.0,7.3,871.0,182.0,781.0,94.0,1320.0,986.0,17.3,57.0,1.1137
1.9,1114.0,7.3,872.0,197.0,857.0,98.0,1310.0,991.0,16.8,58.7,1.1109
1.4,1022.0,4.6,744.0,149.0,1224.0,87.0,1210.0,847.0,16.5,59.2,1.1021
1.2,996.0,4.0,710.0,124.0,1699.0,78.0,1182.0,783.0,16.3,59.7,1.0941
1.0,1002.0,3.9,704.0,105.0,1472.0,69.0,1202.0,752.0,16.0,61.6,1.1127
1.2,1032.0,3.6,688.0,109.0,1514.0,67.0,1200.0,737.0,15.6,66.6,1.1763
1.4,1052.0,5.1,766.0,169.0,1031.0,81.0,1302.0,796.0,13.8,80.4,1.2621
1.2,1014.0,4.5,737.0,124.0,1509.0,75.0,1288.0,765.0,13.2,84.4,1.2779
0.6,878.0,1.2,518.0,50.0,1294.0,42.0,1149.0,539.0,13.8,81.3,1.2767
0.6,840.0,1.4,534.0,47.0,1268.0,38.0,1109.0,483.0,13.6,75.5,1.172
0.7,879.0,1.9,575.0,110.0,1262.0,64.0,1111.0,537.0,11.5,81.4,1.1025
1.1,999.0,3.6,690.0,193.0,1027.0,86.0,1192.0,707.0,11.8,80.7,1.1181
2.5,1251.0,11.0,1015.0,475.0,751.0,127.0,1453.0,1070.0,12.3,78.9,1.1283
3.5983185075268165,1351.0,17.5,1226.0,420.0,648.0,122.0,1649.0,1248.0,13.0,76.0,1.1317
3.6,1312.0,15.9,1177.0,439.0,711.0,141.0,1588.0,1261.0,13.7,70.9,1.1076
3.3,1201.0,13.4,1098.0,461.0,763.0,139.0,1500.0,1209.0,14.0,70.9,1.1244
2.0,1120.0,8.8,932.0,238.0,897.0,105.0,1301.0,1039.0,14.6,65.9,1.088
1.9,1071.0,9.4,955.0,232.0,940.0,103.0,1311.0,977.0,14.9,59.9,1.0063
2.2,1085.0,9.7,967.0,241.0,943.0,108.0,1321.0,976.0,14.9,58.4,0.9839
2.2,1113.0,10.1,980.0,278.0,984.0,109.0,1311.0,995.0,15.3,54.3,0.9357
3.8,1310.0,20.2,1301.0,496.0,746.0,149.0,1694.0,1350.0,14.6,56.6,0.9367
3.210804630163241,1183.0,14.2,1122.0,464.0,897.0,143.0,1476.0,1215.0,12.6,62.0,0.9027
5.2,1362.0,22.8,1373.0,600.0,755.0,159.0,1698.0,1461.0,11.9,62.3,0.8674
5.206586834356745,1408.0,28.0,1502.0,727.0142251502461,640.0,178.0,1843.0,1598.0,11.6,64.3,0.8789
6.8,1471.0,30.3,1559.0,772.9121677370653,605.0,168.0,1939.0,1669.0,11.5,68.0,0.9207
4.1,1157.0,12.4,1063.0,491.0,905.0,131.74263215365656,1394.0,1223.0,10.7,73.9,0.9502
2.3,1061.0,8.0,899.0,284.0,1067.0,117.0,1277.0,939.0,9.6,83.0,0.9899
1.7780279520173334,1006.0,6.5,836.0,245.0,1226.0,113.0,1210.0,902.0,9.6,79.9,0.9579
2.2,1039.0,7.5,880.0,273.0,1198.0,113.0,1251.0,933.0,9.8,79.4,0.9626
1.3,886.0,3.8,699.0,157.0,1900.0,94.0,1106.0,766.0,10.1,75.3,0.9322
1.2,900.0,3.8,701.0,117.0,1955.0,76.0,1127.0,749.0,9.1,80.0,0.9299
0.6,844.0,2.5,618.0,100.0,2095.0,63.0,1064.0,757.0,8.3,80.4,0.8861
0.9,927.0,3.3,671.0,135.0,2009.0,74.0,1098.0,792.0,8.9,79.2,0.9067
1.4,1007.0,7.0,857.0,301.0,1699.0,96.0,1248.0,921.0,8.7,80.8,0.9096
3.4,1318.0,18.1,1243.0,641.0,1261.0,121.0,1638.0,1318.0,9.0,79.8,0.9203
5.0,1396.0,24.6,1419.0,849.0,1104.0,145.0,1799.0,1547.0,9.5,78.3,0.9338
4.575015682394415,1337.0,19.7,1288.0,861.0,1192.0,158.0,1648.0,1516.0,10.4,76.0,0.9561
3.2,1202.0,13.0,1083.0,629.0,1376.0,143.0,1410.0,1340.0,11.0,74.4,0.9736
3.5,1309.0,17.1,1212.0,737.0,1267.0,182.0,1533.0,1556.0,13.8,63.6,0.9959
4.0,1351.0,19.3,1278.0,712.0,1249.0,163.0,1623.0,1582.0,13.6,65.6,1.0167
5.7,1501.0,28.4,1514.0,737.4762809187997,1090.0,129.98053698136218,1898.0,1791.0,13.7,66.5,1.038
5.0,1426.0,22.9,1375.0,836.0,1143.0,162.0,1751.0,1631.0,13.0,73.0,1.086
5.6,1544.0,25.7,1446.0,785.9515753130294,1070.0,171.0,1834.0,1679.0,12.7,77.1,1.1251
5.551155038667215,1566.0,26.8,1474.0,985.0,1049.0,145.38541254230836,1887.0,1681.0,12.3,79.7,1.1342
5.765553054596776,1547.0,29.2,1532.0,807.8113213206202,1009.0,185.0,1972.0,1718.0,12.3,78.8,1.1279
3.0,1124.0,11.9,1047.0,401.0,1401.0,126.0,1419.0,1193.0,12.5,72.6,1.0489
2.6,1090.0,10.1,981.0,279.0,1513.0,113.0,1390.0,1044.0,11.8,76.1,1.0544
2.1,1034.0,7.2,865.0,280.0,1732.0,111.0,1280.0,925.0,11.3,79.9,1.0697
1.8,1040.0,7.1,859.0,280.0,1705.0,107.0,1293.0,889.0,11.1,84.3,1.1137
2.0,1060.0,7.5,877.0,327.0,1648.0,107.0,1313.0,929.0,11.3,83.1,1.1089
2.2,1076.0,8.1,903.0,316.0,1627.0,102.0,1330.0,958.0,11.6,81.0,1.1082
1.9,975.0,5.5,787.0,223.0,1812.0,96.0,1238.0,844.0,11.7,77.8,1.0689
1.6,987.0,5.7,796.0,180.0,1789.0,86.0,1254.0,830.0,11.7,78.6,1.0813
0.9,889.0,2.9,646.0,131.0,2047.0,70.0,1163.0,743.0,12.0,77.4,1.0825
0.7,880.0,2.4,610.0,101.0,2095.0,59.0,1150.0,711.0,12.0,78.0,1.094
0.9,919.0,4.0,711.0,189.0,1667.0,74.0,1195.0,819.0,12.4,75.3,1.0813
1.4,1073.0,7.2,867.0,336.0,768.0,89.0,1329.0,981.0,12.5,76.4,1.1021
4.2,1435.0,21.6,1341.0,804.0,501.0,131.0,1787.0,1480.0,12.9,73.8,1.0937
5.190071223029079,1477.0,27.9,1501.0,860.0,444.0,139.0,1972.0,1691.0,13.3,70.7,1.0749
4.4,1337.0,19.2,1275.0,745.0,525.0,145.0,1655.0,1548.0,14.3,66.1,1.0711
3.4,1308.0,16.4,1191.0,685.0,537.0,137.0,1559.0,1523.0,15.4,63.9,1.1071
2.8,1245.0,14.8,1143.0,639.0,569.0,128.0,1531.0,1406.0,15.9,62.7,1.1273
3.4,1295.0,16.8,1205.0,668.0,538.0,128.0,1579.0,1476.0,16.4,61.9,1.1465
2.9,1338.0,16.9,1208.0,469.0,539.0,123.0,1600.0,1481.0,18.0,58.0,1.1901
3.9,1405.0,19.0,1269.0,605.0,500.0,136.0,1735.0,1534.0,19.2,57.9,1.2757
4.0,1456.0,19.8,1291.0,641.0,490.0,137.0,1753.0,1592.0,18.1,62.1,1.2822
4.9,1516.0,24.8,1423.0,663.9947083345817,455.0,151.0,1881.0,1688.0,16.7,67.3,1.2707
6.354984806535783,1707.0,37.6,1721.0,798.0373140624583,375.0,171.0,2260.0,1940.0,15.8,70.7,1.2601
7.089637088677488,1816.0,43.9,1851.0,876.184378206477,341.0,177.3602087751578,2405.0,2069.0,15.4,73.0,1.2688
6.215939910105689,1713.0,36.6,1699.0,818.6925113951293,371.0,161.0,2196.0,1943.0,15.4,73.0,1.2648
5.559378740129054,1646.0,30.8,1570.0,758.7565338424819,401.0,154.0,2049.0,1846.0,15.3,73.6,1.2691
4.7,1468.0,22.0,1351.0,741.0,472.0,127.0,1783.0,1611.0,15.1,74.3,1.2623
4.8,1443.0,20.9,1323.0,628.9842347294486,486.0,115.0,1760.0,1487.0,14.2,78.0,1.254
3.2,1289.0,13.1,1087.0,564.0,587.0,102.0,1515.0,1208.0,14.1,81.4,1.3066
2.6,1194.0,9.3,950.0,434.0,667.0,100.0,1433.0,1043.0,14.4,82.7,1.3496
2.1,1165.0,9.4,957.0,308.0,661.0,86.0,1452.0,979.0,14.1,84.1,1.3461
1.1,986.0,3.8,700.0,133.0,883.0,80.0,1249.0,768.0,14.0,84.1,1.3389
0.7,930.0,2.5,623.0,103.0,975.0,74.0,1215.0,720.0,13.9,85.1,1.3449
0.9,988.0,4.0,709.0,178.0,897.0,82.0,1267.0,785.0,13.8,85.5,1.3469
1.5,1094.0,7.0,857.0,289.0,739.0,96.0,1378.0,903.0,13.8,85.3,1.3412
3.8,1528.0,21.1,1328.0,736.0,487.0,124.0,1839.0,1389.0,13.7,84.5,1.3202
5.39035804610014,1628.0,29.0,1528.0,707.0991916373388,416.0,142.0,2081.0,1649.0,13.9,83.9,1.3284
5.1,1555.0,23.0,1377.0,716.1249653276232,455.0,154.0,1834.0,1621.0,14.6,81.6,1.3448
3.6,1290.0,13.0,1084.0,596.0,586.0,144.0,1544.0,1362.0,15.8,74.7,1.3336
3.0,1280.0,14.9,1144.0,481.0,555.0,144.0,1599.0,1624.0,16.4,72.1,1.336
3.1,1302.0,15.7,1169.0,495.0,544.0,139.0,1636.0,1605.0,16.8,70.3,1.3341
3.3,1332.0,18.1,1242.0,460.0,524.0,138.0,1716.0,1608.0,17.9,66.3,1.3499
3.4,1332.0,15.5,1163.0,445.0,548.0,134.0,1664.0,1522.0,18.8,62.7,1.3506
4.6,1493.0,23.8,1399.0,618.0,466.0,161.4204093754115,1893.0,1708.0,19.0,61.6,1.3407
5.759352379306299,1648.0,32.6,1612.0,727.9838721411409,401.0,166.49126123420723,2177.0,1885.0,17.7,68.3,1.3713
4.504537631130353,1482.0,24.0,1404.0,634.0,463.0,134.0,1883.0,1657.0,16.5,71.7,1.3358
4.9,1501.0,23.6,1392.0,575.0,476.0,128.0,1832.0,1645.0,15.7,72.7,1.2872
5.4010096512732,1601.0,30.7,1568.0,680.250040823723,422.0,132.0,2111.0,1729.0,15.0,74.4,1.2593
6.2,1421.0,20.9,1320.0,739.0,496.0,134.0,1804.0,1556.0,14.6,75.2,1.2405
3.0,1232.0,12.7,1074.0,472.0,606.0,107.0,1504.0,1317.0,14.0,75.7,1.2051
3.4,1270.0,14.0,1117.0,542.0,586.0,101.0,1528.0,1290.0,13.1,78.7,1.1817
3.5,1257.0,13.7,1108.0,577.0,592.0,94.0,1520.0,1287.0,12.6,78.4,1.1419
3.2,1246.0,12.8,1077.0,568.0,621.0,99.0,1462.0,1235.0,12.8,77.9,1.1438
2.9,1166.0,11.0,1013.0,451.0,643.0,90.0,1408.0,1144.0,12.1,79.4,1.1201
1.7,1032.0,6.8,848.0,277.0,751.0,71.0,1266.0,972.0,11.4,81.1,1.0928
1.7,1034.0,7.4,876.0,291.0,740.0,66.0,1305.0,968.0,11.5,81.7,1.1033
1.3,1024.0,6.2,822.0,277.0,800.0,70.0,1266.0,954.0,12.4,77.1,1.1072
2.8,1243.0,13.7,1108.0,510.0,595.0,90.0,1539.0,1201.0,12.3,79.0,1.1293
2.5,1148.0,9.6,963.0,451.0,680.0,102.0,1395.0,1017.0,12.2,83.9,1.189
2.7,1182.0,10.4,994.0,584.0,654.0,102.0,1431.0,1039.0,12.2,85.1,1.2079
1.5,1015.0,6.5,835.0,260.0,796.0,94.0,1263.0,911.0,12.4,80.1,1.1462
2.6,1175.0,10.6,1002.0,492.0,668.0,122.0,1422.0,1059.0,13.0,77.8,1.1641
3.1,1224.0,11.9,1046.0,580.0,630.0,124.0,1476.0,1213.0,11.8,86.5,1.1981
2.5,1123.0,8.4,916.0,373.0,709.0,103.0,1346.0,1003.0,11.9,85.7,1.1912
2.6,1187.0,9.6,961.0,497.0,685.0,128.03477336701985,1408.0,1017.0,11.9,88.7,1.2352
2.5,1116.0,7.1,860.0,413.0,758.0,107.0,1316.0,937.0,12.3,87.0,1.2422
2.3,1131.0,8.3,912.0,444.0,728.0,120.0,1356.0,987.0,12.7,84.4,1.2352
3.1,1215.0,10.9,1012.0,533.0,653.0,120.0,1441.0,1131.0,13.1,81.7,1.2284
1.9,1077.0,6.9,852.0,325.0,773.0,108.0,1302.0,969.0,13.1,80.4,1.2038
2.5,1210.0,10.6,1000.0,439.0,679.0,115.0,1456.0,1062.0,13.4,79.9,1.2254
3.1,1181.0,9.4,956.0,506.0,689.0,136.81210344558866,1400.0,1058.0,13.8,76.8,1.206
2.0,1088.0,6.9,851.0,349.0,766.0,109.0,1307.0,959.0,14.0,75.9,1.2064
1.9,1054.0,5.6,794.0,235.0,830.0,93.0,1282.0,887.0,13.5,78.3,1.2097
2.4,1096.0,6.3,826.0,378.0,795.0,103.0,1285.0,911.0,13.0,79.2,1.182
2.0,1042.0,6.5,834.0,304.0,808.0,106.0,1267.0,914.0,12.4,77.5,1.1115
1.2,887.0,3.4,679.0,180.0,969.0,96.0,1132.0,786.0,12.3,71.2,1.0175
1.0,862.0,2.8,639.0,148.0,1033.0,81.0,1100.0,727.0,12.3,67.5,0.9624
0.8,821.0,2.0,584.0,106.0,1132.0,70.0,1070.0,686.0,12.7,65.6,0.9566
0.6,797.0,1.5,543.0,87.0,1235.0,60.0,1047.0,648.0,12.5,65.9,0.9533
0.7,802.0,1.4,538.0,96.0,1237.0,63.0,1042.0,645.0,12.4,65.4,0.9426
0.8,848.0,1.9,578.0,120.0,1160.0,68.0,1068.0,679.0,13.2,62.5,0.943
0.9,863.0,2.4,610.0,130.0,1088.0,68.0,1086.0,696.0,13.1,62.4,0.9366
1.0,889.0,3.1,661.0,140.0,1001.0,66.0,1115.0,735.0,12.9,64.7,0.9564
1.3,969.0,4.4,733.0,176.0,901.0,72.0,1191.0,803.0,13.0,67.6,1.009
1.7,1013.0,5.6,795.0,209.0,826.0,81.0,1257.0,848.0,13.0,69.7,1.0403
2.4,1100.0,6.7,842.0,309.0,774.0,89.0,1296.0,882.0,12.0,80.0,1.1167
1.7,1019.0,5.5,788.0,226.0,828.0,85.0,1267.0,812.0,11.4,83.7,1.1278
1.8,1061.0,7.7,887.0,246.0,745.0,86.0,1367.0,889.0,12.0,80.8,1.1264
1.5,940.0,3.7,692.0,208.0,934.0,83.0,1177.0,749.0,11.5,81.0,1.101
1.1,904.0,2.8,640.0,154.0,1022.0,77.0,1152.0,682.0,11.3,81.0,1.0851
2.4,1120.0,8.9,935.0,275.0,744.0,93.0,1385.0,922.0,12.0,78.4,1.0954
2.0,987.0,4.6,746.0,281.0,880.0,103.0,1212.0,833.0,12.1,75.5,1.0669
1.5,971.0,4.4,734.0,237.0,905.0,90.0,1187.0,808.0,12.5,71.9,1.0351
1.7,965.0,4.4,733.0,225.0,909.0,93.0,1173.0,790.0,12.6,70.5,1.0239
1.0,873.0,2.8,641.0,143.0,1025.0,72.0,1120.0,685.0,12.5,69.1,1.0003
1.0,892.0,3.3,672.0,146.0,1012.0,73.0,1111.0,706.0,13.1,64.3,0.9628
1.0,857.0,2.3,605.0,115.0,1094.0,64.0,1071.0,636.0,13.2,62.9,0.9517
0.9,901.0,3.2,662.0,125.0,1034.0,66.0,1127.0,678.0,13.3,63.6,0.9673
1.1,901.0,3.1,661.0,150.0,1022.0,71.0,1124.0,714.0,13.3,65.3,0.9948
0.6,857.0,1.7,562.0,78.0,1140.0,54.0,1130.0,646.0,11.9,79.6,1.1043
0.7,881.0,2.3,602.0,108.0,1034.0,58.0,1157.0,685.0,11.8,81.4,1.1238
0.9,913.0,3.8,701.0,181.0,926.0,72.0,1219.0,750.0,12.0,80.1,1.1231
1.3,1012.0,6.1,817.0,302.0,819.0,89.0,1314.0,878.0,12.2,78.8,1.1178
3.1,1314.0,15.8,1173.0,587.0,589.0,112.0,1627.0,1238.0,12.7,77.2,1.1298
4.974908567878535,1479.0,26.4,1465.0,712.0,471.0,131.0,2018.0,1572.0,13.4,74.4,1.1407
3.9306351166315565,1299.0,18.5,1254.0,698.0,566.0,161.0,1662.0,1488.0,15.9,63.4,1.1349
3.2,1221.0,13.2,1090.0,427.38516540123703,641.0,135.0,1489.0,1424.0,18.5,52.9,1.1174
2.5,1171.0,12.0,1049.0,438.0,655.0,119.0,1418.0,1338.0,18.4,52.6,1.1064
3.8,1316.0,19.9,1293.0,562.0,538.0,165.50807438088296,1682.0,1559.0,19.4,49.8,1.1095
3.3,1208.0,16.4,1191.0,455.48361974392185,573.0,130.0,1589.0,1415.0,19.5,50.1,1.1225
2.5,1145.0,13.8,1112.0,323.0,621.0,109.0,1481.0,1331.0,20.3,47.5,1.1187
2.7,1189.0,15.6,1167.0,391.0,599.0,114.0,1541.0,1315.0,18.7,53.0,1.1322
2.9,1173.0,15.7,1170.0,379.0,597.0,115.0,1551.0,1289.0,17.3,57.1,1.1161
3.1,1237.0,18.0,1239.0,387.0,570.0,123.0,1620.0,1389.0,16.4,59.5,1.1017
4.0,1253.0,17.9,1238.0,433.0,571.0,138.0,1613.0,1351.0,15.9,60.8,1.088
3.1,1155.0,14.3,1126.0,349.0,617.0,123.0,1511.0,1267.0,15.5,60.7,1.0591
2.7,1175.0,12.8,1077.0,337.0,634.0,112.0,1480.0,1279.0,15.3,63.1,1.0872
1.7,1001.0,7.3,871.0,245.0,806.0,87.0,1264.0,1071.0,16.6,58.5,1.0963
1.5,1014.0,5.8,804.0,236.0,871.0,79.0,1233.0,994.0,14.6,64.7,1.0677
1.4,966.0,5.1,770.0,191.0,900.0,74.0,1206.0,956.0,14.0,66.1,1.05
1.4,987.0,5.5,786.0,273.0,901.0,75.0,1220.0,936.0,13.0,69.4,1.0364
1.1,888.0,3.5,680.0,211.0,985.0,70.0,1138.0,826.0,13.1,67.4,1.0101
0.6,857.0,2.3,604.0,126.0,1126.0,63.0,1091.0,740.0,12.4,68.3,0.9801
0.8,886.0,2.8,641.0,146.0,1082.0,67.0,1098.0,783.0,14.1,60.6,0.9715
1.0,964.0,4.3,730.0,243.0,985.0,71.0,1146.0,891.0,12.9,64.2,0.9506
2.8,1230.0,12.6,1070.0,450.0,761.0,98.0,1431.0,1197.0,11.7,68.9,0.9439
3.4,1236.0,16.8,1203.0,499.0,681.0,114.0,1566.0,1311.0,12.5,65.8,0.9538
3.3,1322.0,17.3,1219.0,574.0,682.0,130.0,1591.0,1472.0,14.5,61.1,1.0007
4.1,1407.0,19.8,1292.0,679.0,643.0,155.0,1638.0,1694.0,16.9,54.2,1.0371
3.5,1357.0,21.6,1339.0,572.0,657.0,141.0,1583.0,1639.0,17.4,53.3,1.0528
3.0,1289.0,18.0,1239.0,396.0,733.0,118.0,1635.0,1469.0,18.8,49.3,1.0581
3.6,1257.0,16.0,1179.0,455.0,818.0,134.0,1545.0,1415.0,19.4,47.1,1.051
3.0,1199.0,13.7,1108.0,423.0,818.0,123.0,1450.0,1250.0,19.2,47.1,1.0371
2.6,1181.0,14.1,1121.0,356.0,629.0,117.0,1466.0,1236.0,17.7,51.5,1.0315
2.6,1175.0,13.9,1112.0,350.0,628.0,110.0,1484.0,1212.0,16.5,54.6,1.0164
3.1,1202.0,14.3,1126.0,359.0,606.0,115.0,1480.0,1212.0,15.4,57.9,1.0068
3.2,1170.0,13.3,1095.0,358.0,618.0,116.0,1470.0,1195.0,15.2,58.4,1.0007
2.4,1115.0,11.6,1036.0,289.0,649.0,99.0,1381.0,1200.0,14.9,58.4,0.9843
2.6,1130.0,11.3,1026.0,359.0,657.0,115.0,1374.0,1209.0,14.5,60.4,0.9909
2.4,1195.0,11.0,1013.0,355.0,646.0,104.0,1345.0,1276.0,14.5,62.3,1.0216
1.8,1111.0,7.7,887.0,244.0,720.0,92.0,1262.0,1132.0,14.6,60.6,1.0033
1.7,1092.0,7.0,855.0,194.0,750.0,84.0,1231.0,1061.0,15.0,59.3,1.0045
1.9,1111.0,7.0,856.0,176.0,746.0,81.0,1254.0,1036.0,14.7,60.3,1.0031
1.4,992.0,4.4,731.0,170.0,1035.0,77.0,1149.0,911.0,15.3,59.1,1.0191
1.7,1080.0,7.9,896.0,212.0,1075.0,75.0,1262.0,1033.0,11.6,72.5,0.9916
1.0,893.0,3.1,655.0,146.0,990.0,69.0,1097.0,816.0,12.0,71.9,1.003
0.9,923.0,3.2,664.0,177.0,988.0,67.0,1121.0,822.0,11.8,71.8,0.9909
1.0,950.0,4.0,713.0,172.0,917.0,68.0,1139.0,841.0,11.8,71.4,0.9864
1.0,947.0,3.2,666.0,159.0,985.0,68.0,1115.0,795.0,12.8,66.3,0.9804
1.1,973.0,4.0,712.0,184.0,923.0,69.0,1157.0,831.0,13.2,65.2,0.9841
1.7,1111.0,7.6,884.0,310.0,751.0,81.0,1280.0,1025.0,13.1,66.2,0.9933
2.3,1206.0,9.8,969.0,363.0,701.0,95.0,1365.0,1178.0,14.3,63.3,1.0266
2.1,1202.0,9.5,958.0,302.0,732.0,92.0,1330.0,1181.0,16.0,58.1,1.0482
2.7,1261.0,11.2,1022.0,424.0,635.0,113.0,1407.0,1250.0,17.3,53.9,1.0562
2.3,1102.0,6.9,855.0,258.0,763.0,98.0,1279.0,1039.0,17.3,53.3,1.0407
1.2,997.0,4.6,742.0,179.0,911.0,82.0,1180.0,899.0,16.7,54.7,1.0311
1.4,1049.0,5.5,790.0,221.0,870.0,96.0,1183.0,1019.0,15.4,58.9,1.02
1.9,1082.0,6.5,834.0,303.0,800.0,107.0,1207.0,1057.0,15.2,58.0,0.9927
2.6,1177.0,10.3,987.0,429.0,692.0,119.0,1324.0,1229.0,16.2,54.5,0.9956
2.4,1166.0,8.9,935.0,357.0,756.0,114.0,1301.0,1135.0,16.5,55.3,1.0267
3.5,1352.0,14.0,1118.0,438.0,625.0,127.0,1524.0,1188.0,14.6,72.1,1.1947
3.5,1210.0,9.2,947.0,457.0,697.0,121.0,1404.0,1060.0,13.9,76.7,1.2098
2.2,1161.0,8.2,909.0,355.0,721.0,109.0,1370.0,962.0,13.7,79.3,1.2326
2.3,1142.0,7.2,866.0,348.0,815.0,107.0,1329.0,939.0,13.8,77.3,1.2169
1.9,1054.0,5.5,789.0,241.0,886.0,100.0,1254.0,864.0,14.2,71.7,1.1578
1.0,926.0,2.9,649.0,134.0,1035.0,83.0,1145.0,741.0,14.9,65.7,1.105
0.8,873.0,2.0,583.0,94.0,1155.0,66.0,1108.0,642.0,14.7,67.3,1.1177
0.4,803.0,0.7,466.0,33.0,1451.0,30.0,1034.0,449.0,14.8,65.5,1.0965
0.4,818.0,0.7,463.0,33.0,1509.0,29.0,1046.0,437.0,14.4,68.5,1.1158
0.4,814.0,0.8,482.0,57.0,1426.0,41.0,1027.0,457.0,14.5,62.9,1.0335
0.6,832.0,1.3,530.0,112.0,1346.0,63.0,1027.0,512.0,14.6,56.7,0.9358
1.9,1091.0,7.6,882.0,358.0,844.0,114.0,1288.0,931.0,15.0,55.3,0.9338
2.0,1019.0,7.4,874.0,287.0,1113.0,114.0,1235.0,905.0,14.5,56.5,0.9306
1.4,937.0,4.7,750.0,263.0,1386.0,102.0,1141.0,790.0,14.3,55.4,0.9005
1.4,950.0,5.4,786.0,282.0,1038.0,101.0,1145.0,850.0,14.7,52.5,0.8716
1.5,962.0,5.4,785.0,286.0,993.0,103.0,1161.0,870.0,15.5,51.7,0.9033
1.6,969.0,6.0,812.0,259.0,989.0,100.0,1189.0,842.0,14.9,53.4,0.8998
1.8,1010.0,7.1,863.0,265.0,915.0,95.0,1257.0,886.0,15.2,51.0,0.8762
1.4,946.0,5.3,780.0,249.0,945.0,99.0,1142.0,801.0,15.2,50.1,0.858
1.7,988.0,7.2,865.0,268.0,876.0,102.0,1190.0,895.0,15.6,46.6,0.8176
1.7,948.0,5.7,799.0,226.0,1539.0,105.0,1145.0,827.0,14.8,48.4,0.8069
2.3,1045.0,9.5,960.0,301.0,1376.0,118.0,1259.0,972.0,14.6,48.0,0.7902
2.627231642723575,1114.0,12.2,1057.0,388.0,777.0,135.0,1301.0,1079.0,15.1,45.4,0.7759
2.6,1006.0,10.3,987.0,285.0,1028.0,124.0,1247.0,964.0,14.5,45.4,0.7458
1.6,889.0,4.5,738.0,197.0,1379.0,100.0,1061.0,743.0,13.4,48.1,0.7374
0.5676436715490502,792.0,2.0,583.0,105.0,1972.0,66.0,946.0,517.0,12.3,48.7,0.6931
0.7,808.0,1.8,572.0,88.0,1729.0,57.0,954.0,468.0,12.0,51.2,0.7179
0.6,814.0,1.9,574.0,92.0,1613.0,58.0,965.0,461.0,11.9,54.6,0.7589
0.7,827.0,2.7,636.0,88.0,1485.0,59.0,980.0,483.0,13.7,45.0,0.6991
0.7,801.0,2.7,633.0,90.0,1489.0,60.0,940.0,482.0,14.7,37.5,0.622
0.3,709.0,0.5,437.0,31.0,2559.0,27.0,787.0,324.0,12.0,37.3,0.5239
0.4,734.0,0.8,478.0,51.0,2294.0,39.0,805.0,378.0,11.7,38.1,0.5223
0.5,770.0,1.4,533.0,100.0,2683.0,63.0,839.0,480.0,11.5,38.0,0.5159
1.4,919.0,5.6,795.0,315.0,2327.0,110.0,998.0,822.0,12.3,35.8,0.5086
2.4,996.0,10.6,998.0,417.0,2318.0,128.0,1136.0,1060.0,12.9,34.5,0.5102
1.8,925.0,7.2,866.0,328.0,2542.0,122.0,1013.0,916.0,14.4,30.2,0.4911
1.5,883.0,6.2,821.0,304.0,886.0,111.0,967.0,844.0,16.2,26.2,0.4789
1.5,884.0,6.2,822.0,300.0,909.0,110.0,968.0,807.0,17.1,23.5,0.453
1.8,920.0,8.1,903.0,306.0,849.0,114.0,1011.0,853.0,18.1,21.3,0.4396
2.1,941.0,9.0,941.0,342.0,837.0,114.0,1036.0,884.0,18.8,20.0,0.4278
1.7,934.0,8.4,914.0,324.0,873.0,111.0,1016.0,834.0,18.1,20.8,0.4274
2.3,929.0,8.7,928.0,327.0,842.0,116.0,1001.0,893.0,17.6,19.9,0.3952
2.9,972.0,11.8,1043.0,404.0,764.0,148.0,1083.0,1037.0,16.0,20.8,0.3757
4.0,1073.0,16.5,1195.0,575.0,675.0,177.0,1249.0,1244.0,14.6,23.7,0.3903
4.2,1050.0,18.7,1260.0,539.0,662.0,164.0,1256.0,1269.0,13.7,22.9,0.3581
3.5,980.0,14.5,1132.0,460.0,742.0,151.0,1102.0,1125.0,12.8,21.7,0.3182
2.6,872.0,8.0,900.0,386.0,918.0,147.0,910.0,946.0,12.7,21.3,0.3119
1.3,802.0,4.6,743.0,202.0,1051.0,110.0,826.0,751.0,12.8,22.5,0.3309
1.0,792.0,3.4,674.0,162.0,1122.0,99.0,810.0,670.0,12.6,23.4,0.3408
1.6,857.0,4.8,753.0,261.0,1034.0,116.0,860.0,754.0,12.4,24.0,0.3443
1.6,856.0,4.4,734.0,263.0,1041.0,121.0,853.0,781.0,12.5,24.0,0.3462
1.1,869.0,3.8,702.0,159.0,1019.0,103.0,891.0,842.0,11.9,32.4,0.4489
0.8,834.0,2.7,632.0,111.0,1102.0,83.0,871.0,746.0,11.5,34.2,0.4621
0.8,860.0,2.4,616.0,104.0,1105.0,76.0,873.0,754.0,10.5,37.8,0.4799
1.0,909.0,4.3,728.0,221.0,933.0,107.0,948.0,905.0,7.8,47.4,0.5046
1.2,955.0,5.2,772.0,243.0,1030.0,106.0,957.0,960.0,9.3,43.1,0.5062
1.7,1035.0,8.4,914.0,356.0,947.0,124.0,1064.0,1080.0,8.2,46.8,0.5091
2.4,1087.0,14.1,1121.0,429.0,711.0,134.0,1177.0,1209.0,10.7,34.2,0.439
2.8,1101.0,13.0,1083.0,480.87217525828424,692.0,185.10752298689295,1130.0,1243.0,14.4,28.2,0.4593
2.9,1135.0,13.5,1100.0,460.0,679.0,146.0,1161.0,1273.0,17.4,23.3,0.4599
2.6,1095.0,12.5,1067.0,389.0,702.0,133.0,1152.0,1216.0,17.8,23.6,0.4766
2.3,986.0,8.8,931.0,362.0,815.0,120.0,1011.0,976.0,18.3,19.5,0.4044
2.3,991.0,9.0,940.0,337.0,816.0,117.0,1035.0,973.0,18.9,18.9,0.4091
1.7,926.0,6.1,815.0,254.0,931.0,109.0,945.0,827.0,18.4,19.7,0.4117
1.8,974.0,7.8,891.0,281.0,857.0,112.0,1005.0,912.0,17.8,21.0,0.4234
2.5,1042.0,11.5,1031.0,369.0,756.0,131.0,1094.0,1084.0,16.1,23.4,0.4248
2.4,1006.0,10.7,1005.0,350.0,781.0,133.0,1071.0,1045.0,14.9,24.9,0.4178
2.0,979.0,9.2,946.0,323.0,826.0,138.0,1018.0,1026.0,14.6,24.6,0.4054
2.3,1072.0,10.9,1011.0,340.0,762.0,142.0,1075.0,1172.0,14.2,26.8,0.4332
2.9,1217.0,11.6,1037.0,443.0,669.0,138.0,1167.0,1452.0,13.3,38.7,0.5867
2.0,1124.0,9.0,939.0,292.0,737.0,118.0,1126.0,1317.0,11.2,45.1,0.6004
2.5,1152.0,11.6,1036.0,372.0,670.0,120.0,1206.0,1365.0,8.8,52.5,0.5969
3.0,1216.0,11.7,1039.0,443.0,685.0,132.0,1183.0,1378.0,8.6,54.3,0.606
2.4,1095.0,11.3,1024.0,360.0,708.0,121.0,1219.0,1246.0,8.1,53.2,0.5746
2.6,1099.0,10.4,994.0,401.0,715.0,117.0,1164.0,1186.0,6.8,57.8,0.5768
2.1,1091.0,9.8,971.0,273.0,703.0,102.0,1148.0,1187.0,5.4,64.1,0.5772
1.7,955.0,5.8,804.0,199.0,843.0,95.0,1017.0,1007.0,5.6,61.6,0.5656
1.5,975.0,7.0,859.0,177.0,777.0,81.0,1043.0,1019.0,4.2,69.0,0.5737
1.3,909.0,4.0,709.0,206.0,936.0,95.0,953.0,921.0,4.8,64.6,0.563
1.9,992.0,6.9,853.0,323.0,821.0,111.0,1052.0,1038.0,4.0,69.0,0.5661
2.0,1018.0,7.7,889.0,392.0,780.0,118.0,1085.0,1105.0,4.9,66.3,0.5786
2.7,1100.0,9.9,974.0,420.0,728.0,130.0,1131.0,1208.0,9.4,48.7,0.5748
2.4,1101.0,8.9,934.0,333.0,751.0,116.0,1085.0,1208.0,12.6,39.9,0.5804
2.7,1148.0,11.3,1025.0,395.0,701.0,128.0,1165.0,1282.0,14.4,35.3,0.5763
3.019102102735798,1253.0,13.7,1108.0,478.0,633.0,156.0,1253.0,1494.0,15.1,37.4,0.6374
3.4,1229.0,12.7,1075.0,470.0,638.0,169.0,1226.0,1500.0,16.0,35.8,0.6456
3.2,1250.0,14.5,1133.0,508.0,629.0,168.0,1274.0,1463.0,17.5,30.8,0.6095
4.3,1432.0,18.4,1251.0,596.0,547.0,202.21792302178562,1396.0,1722.0,17.2,34.2,0.6669
5.0,1530.0,22.0,1352.0,694.0,491.0,178.0,1550.0,1934.0,14.3,45.8,0.7452
6.3,1604.0,25.4,1438.0,796.1377353370395,466.0,188.0,1650.0,2018.0,12.2,53.9,0.7617
4.6,1352.0,16.4,1191.0,658.0,570.0,169.0,1362.0,1796.0,11.6,51.2,0.6965
3.1,1235.0,12.4,1065.0,409.0,640.0,133.0,1213.0,1594.0,11.3,50.1,0.672
2.6,1127.0,9.6,962.0,345.0,751.0,125.0,1120.0,1389.0,10.6,51.2,0.6541
2.1,1073.0,7.1,860.0,230.0,896.0,110.0,1058.0,1238.0,9.6,51.7,0.6163
2.1,1074.0,7.2,867.0,285.0,888.0,112.0,1064.0,1221.0,8.7,55.2,0.6225
2.5,1133.0,9.3,951.0,310.0,825.0,112.0,1156.0,1254.0,7.9,60.2,0.6432
2.0,1021.0,5.9,808.0,224.0,961.0,102.0,1048.0,1098.0,7.9,59.2,0.6331
1.8,995.0,5.9,807.0,213.0,978.0,90.0,1056.0,1044.0,6.7,64.6,0.6381
0.7,868.0,1.8,567.0,91.0,1238.0,64.0,919.0,823.0,6.4,63.3,0.6123
0.9,921.0,3.1,655.0,178.0,1001.0,81.0,972.0,908.0,6.4,64.4,0.6204
1.5,1041.0,6.8,846.0,351.0,829.0,106.0,1112.0,1076.0,5.6,68.9,0.6328
3.4,1275.0,16.4,1193.0,587.0,596.0,140.0,1389.0,1393.0,6.4,65.6,0.6348
3.4,1238.0,16.7,1202.0,475.0,748.0,138.0,1382.0,1429.0,7.3,61.4,0.6306
3.2,1288.0,17.3,1220.0,576.0,937.0,165.0,1391.0,1594.0,9.6,53.7,0.6409
4.8,1422.0,22.4,1362.0,920.0,775.0,200.8476784282262,1509.0,1956.0,12.0,45.9,0.6421
3.5,1293.0,17.9,1236.0,710.0,784.0,178.0,1370.0,1872.0,12.7,44.4,0.6512
4.1,1410.0,22.4,1363.0,696.0,690.0,187.0,1515.0,2014.0,13.9,42.8,0.6761
4.8,1425.0,23.3,1386.0,744.0,691.0,203.0,1536.0,1978.0,15.0,41.4,0.7016
4.4,1590.0,28.0,1503.0,743.0,575.0,199.86193203177442,1559.0,2257.0,16.0,38.7,0.6987
4.5,1520.0,30.1,1552.0,801.0,568.0,198.0,1615.0,2104.0,16.0,38.6,0.6952
5.9423223674960575,1595.0,33.4,1628.0,866.3400564326122,495.0,209.38034180926618,1822.0,2140.0,14.1,44.9,0.7194
7.865771592210841,1881.0,50.8,1983.0,1062.2991646767882,334.0,215.201094996947,2271.0,2523.0,12.6,55.9,0.8142
6.263553323211254,1633.0,35.6,1677.0,972.5412308548068,400.0,211.48785735924642,1880.0,2188.0,11.7,60.8,0.8336
4.476045699532461,1391.0,21.5,1338.0,779.4910875033996,509.0,195.26365841023375,1514.0,1816.0,11.5,60.9,0.8249
2.9,1263.0,15.5,1164.0,508.0,581.0,147.0,1338.0,1587.0,10.6,64.1,0.8182
2.0,1147.0,10.9,1012.0,347.0,665.0,120.0,1214.0,1381.0,10.1,66.2,0.8185
1.7,1103.0,8.7,928.0,327.0,715.0,112.0,1174.0,1287.0,9.0,70.1,0.8036
1.9,1071.0,7.4,873.0,339.0,739.0,107.0,1150.0,1193.0,8.6,70.5,0.7915
2.0,1137.0,9.9,975.0,358.0,687.0,103.0,1234.0,1223.0,7.6,74.3,0.7783
1.9,1066.0,8.2,907.0,377.0,728.0,97.0,1174.0,1122.0,6.9,76.1,0.759
0.8,895.0,3.2,663.0,165.0,977.0,74.0,1007.0,866.0,6.8,75.4,0.7475
0.7,885.0,3.0,655.0,145.0,996.0,68.0,1015.0,848.0,6.6,75.3,0.7378
1.1,964.0,5.4,784.0,282.0,824.0,92.0,1080.0,959.0,6.0,77.3,0.7262
1.7,1088.0,8.7,927.0,494.0,715.0,111.0,1196.0,1154.0,6.0,76.7,0.722
3.1,1274.0,15.4,1160.0,606.0,587.0,133.0,1412.0,1373.0,6.9,73.7,0.7348
4.4,1406.0,27.2,1483.0,581.0,478.0,139.0,1767.0,1708.0,7.6,70.6,0.7371
5.6,1521.0,30.7,1568.0,852.5579333687308,440.0,203.4250157200465,1843.0,2097.0,9.3,64.2,0.7544
4.4,1408.0,24.3,1412.0,811.0,484.0,192.0,1608.0,2056.0,11.7,55.7,0.763
4.4,1377.0,21.7,1342.0,759.0398617515644,499.0,206.0,1546.0,2006.0,12.9,54.1,0.8003
4.7,1470.0,25.8,1450.0,749.7390304591229,481.0,182.0,1706.0,2015.0,14.0,53.0,0.8451
4.2,1416.0,21.8,1346.0,612.0,609.0,192.0,1570.0,1945.0,15.1,50.2,0.8552
3.3,1383.0,20.6,1314.0,524.0,785.0,188.0,1538.0,1793.0,16.7,47.3,0.8883
5.1,1574.0,27.2,1483.0,775.0,460.0,199.8470017457178,1778.0,1962.0,16.8,48.4,0.9175
3.3,1325.0,16.4,1191.0,403.0,564.0,130.0,1542.0,1389.0,13.3,68.0,1.0376
3.1,1316.0,13.4,1099.0,412.0,610.0,137.0,1451.0,1268.0,13.2,72.8,1.0984
2.4,1170.0,8.2,906.0,322.0,707.0,125.0,1317.0,1046.0,12.6,76.5,1.1106
1.4,1061.0,5.7,800.0,200.0,819.0,106.0,1232.0,862.0,12.6,74.3,1.0843
2.1,1109.0,7.0,855.0,244.0,787.0,121.0,1220.0,866.0,12.9,72.1,1.0658
1.4,1025.0,5.6,794.0,199.0,848.0,101.0,1202.0,788.0,13.1,70.5,1.0594
1.4,1086.0,5.1,769.0,190.0,822.0,100.0,1196.0,857.0,12.4,73.8,1.0574
1.0,1034.0,4.2,719.0,153.0,858.0,86.0,1189.0,845.0,11.8,76.3,1.0547
1.3,1065.0,6.1,816.0,215.0,777.0,90.0,1245.0,873.0,10.8,80.0,1.0367
1.0,988.0,5.2,774.0,206.0,842.0,89.0,1189.0,841.0,10.4,77.3,0.9709
1.1,986.0,5.4,785.0,225.0,842.0,96.0,1173.0,853.0,10.0,76.2,0.9332
2.1,1136.0,11.0,1015.0,416.0,702.0,125.0,1287.0,1063.0,9.4,67.7,0.8018
3.2,1256.0,16.1,1184.0,613.0,582.0,143.0,1448.0,1276.0,9.3,71.2,0.8325
3.3,1228.0,15.7,1170.0,567.0,596.0,153.0,1375.0,1332.0,12.6,54.0,0.784
2.3,956.0,8.8,931.0,409.0,799.0,166.71919052369574,1046.0,1015.0,16.1,28.5,0.5164
1.0,781.0,3.9,704.0,183.0,1062.0,92.0,842.0,594.0,16.6,19.9,0.3728
0.8,759.0,3.8,699.0,140.0,1223.0,78.0,799.0,501.0,15.9,18.2,0.3255
0.8,722.0,3.3,671.0,133.0,1596.0,68.0,737.0,448.0,14.3,18.4,0.2991
0.6,699.0,2.4,613.0,115.0,1731.0,64.0,682.0,387.0,15.0,16.3,0.2749
0.9,755.0,3.6,690.0,157.0,1653.0,80.0,750.0,467.0,14.9,17.1,0.2875
0.8,746.0,3.5,684.0,149.0,1301.0,81.0,764.0,484.0,13.2,18.8,0.2837
1.2,784.0,4.6,744.0,219.0,1080.0,102.0,802.0,608.0,12.4,19.6,0.2797
2.1,931.0,9.9,972.0,424.0,868.0,172.06289589845863,974.0,953.0,11.9,21.3,0.2957
3.9,1112.0,19.0,1267.0,659.0,671.0,162.0,1250.0,1307.0,11.1,24.8,0.3264
4.4,1133.0,17.2,1215.0,727.0,674.0,179.0,1196.0,1415.0,10.1,29.7,0.3666
2.0,886.0,8.4,917.0,398.0,908.0,148.0,901.0,1023.0,10.2,23.8,0.2955
2.3,993.0,11.4,1030.0,414.0,805.0,146.0,1005.0,1154.0,9.4,27.4,0.3239
3.6,1215.0,15.6,1167.0,577.7760228413314,664.0,164.0,1181.0,1426.0,7.9,39.0,0.4154
3.9,1160.0,13.0,1083.0,540.2898352171901,706.0,162.0,1114.0,1363.0,7.6,40.6,0.4273
1.6,928.0,6.2,819.0,225.0,919.0,118.0,923.0,1006.0,6.4,43.7,0.4242
1.0,840.0,3.0,649.0,126.0,1044.0,79.0,869.0,799.0,3.3,53.5,0.418
0.8,848.0,2.4,612.0,83.0,1169.0,62.0,852.0,703.0,4.8,49.9,0.4325
0.7,828.0,3.1,660.0,156.0,1078.0,85.0,881.0,781.0,2.2,60.1,0.4361
1.0,847.0,3.8,698.0,240.0,1034.0,110.0,905.0,815.0,2.5,59.3,0.4401
1.0,868.0,3.2,665.0,186.0,1067.0,99.0,865.0,800.0,3.2,55.7,0.4344
1.509210669623952,970.0,6.2,819.0,224.0,923.0,101.0,959.0,926.0,5.0,48.8,0.429
2.5,1077.0,9.6,963.0,386.0,761.0,129.0,1081.0,1151.0,5.8,49.8,0.4613
2.6,1058.0,9.6,962.0,397.0,778.0,132.0,1058.0,1153.0,6.0,47.6,0.4488
3.2,1136.0,12.5,1067.0,477.0,702.0,148.0,1143.0,1298.0,7.4,44.6,0.4613
3.0,1228.0,12.5,1068.0,405.0,658.0,134.0,1264.0,1238.0,5.2,73.1,0.6535
3.4,1235.0,14.0,1118.0,453.0,612.0,148.0,1354.0,1222.0,4.8,81.4,0.7055
3.3,1217.0,11.6,1036.0,459.0,661.0,146.0,1260.0,1171.0,4.7,82.3,0.7105
3.6,1298.0,13.0,1082.0,452.0,642.0,148.0,1287.0,1237.0,4.7,82.8,0.7157
5.5,1327.0,17.3,1219.0,579.0,582.0,175.0,1453.0,1366.0,4.7,83.4,0.7177
4.5,1293.0,14.6,1136.0,542.0,631.0,170.0,1365.0,1278.0,5.2,83.1,0.7411
4.7,1353.0,16.2,1187.0,601.0,599.0,173.0,1424.0,1293.0,5.5,84.1,0.7657
3.3149555759380074,1254.0,13.8,1111.0,521.0,630.0,151.0,1360.0,1198.0,5.8,84.5,0.7822
3.2,1189.0,10.6,999.0,411.0,680.0,129.0,1286.0,1115.0,6.2,84.1,0.8018
2.9,1183.0,9.1,944.0,382.0,731.0,126.0,1226.0,1092.0,6.6,83.3,0.8183
3.1,1185.0,9.7,966.0,421.0,711.0,127.0,1250.0,1104.0,6.8,82.8,0.8216
2.8,1098.0,7.0,859.0,362.0,792.0,118.0,1211.0,1006.0,8.2,78.4,0.8561
1.2,938.0,2.8,639.0,104.0,1020.0,83.0,1059.0,777.0,9.7,70.9,0.8539
0.8,839.0,1.4,536.0,69.0,1229.0,60.0,970.0,600.0,9.3,65.9,0.7757
0.6,784.0,0.8,479.0,41.0,1365.0,37.0,905.0,477.0,8.8,62.9,0.7154
0.6,779.0,0.7,466.0,46.0,1393.0,39.0,881.0,454.0,8.6,58.8,0.6603
1.0,883.0,2.6,625.0,118.0,1069.0,70.0,997.0,630.0,9.2,55.9,0.6521
3.2,970.0,5.3,776.0,295.0,873.0,108.0,1059.0,858.0,8.4,57.7,0.6376
3.6,1012.0,7.1,861.0,311.0,785.0,119.0,1133.0,951.0,8.5,60.4,0.6713
2.9,934.0,5.0,766.0,269.0,878.0,111.0,1047.0,836.0,8.9,57.4,0.6575
2.4,888.0,3.8,700.0,225.0,956.0,106.0,999.0,721.0,9.2,55.8,0.6479
2.5,918.0,4.5,737.0,220.0,1007.0,105.0,1030.0,703.0,9.6,53.9,0.6425
2.6,901.0,4.7,747.0,216.0,1001.0,114.0,1020.0,657.0,9.6,52.4,0.6276
2.3,857.0,3.9,708.0,162.0,972.0,93.0,983.0,581.0,9.7,49.8,0.5998
2.2,838.0,3.8,699.0,152.0,1015.0,89.0,944.0,546.0,9.4,44.9,0.5296
1.189058106182556,869.0,5.2,772.0,183.0,1051.0,102.0,966.0,641.0,9.8,41.9,0.5083
2.9,928.0,6.8,850.0,254.0,1118.0,129.0,1004.0,794.0,8.9,44.9,0.5125
4.1,1037.0,11.9,1047.0,355.0,869.0,151.0,1159.0,1042.0,8.4,45.4,0.5035
4.1,980.0,10.8,1008.0,341.0,758.0,151.0,1103.0,993.0,8.0,41.0,0.4416
4.0,978.0,11.5,1031.0,451.81631077265956,765.0,149.0,1066.0,968.0,7.9,37.1,0.3974
3.7,891.0,7.6,882.0,342.0,885.0,149.0,950.0,894.0,7.8,33.9,0.3594
1.7,762.0,3.1,657.0,186.0,1158.0,114.0,783.0,592.0,7.3,32.4,0.334
1.1,794.0,3.6,687.0,170.0,1100.0,104.0,826.0,611.0,7.4,34.6,0.3576
1.1,799.0,3.6,690.0,169.0,1125.0,104.0,823.0,611.0,7.1,33.7,0.3417
1.5,818.0,4.3,725.0,246.0,1065.0,127.0,849.0,694.0,6.4,35.8,0.3471
0.5,691.0,0.7,471.0,63.0,1552.0,53.0,698.0,357.0,5.6,37.7,0.3444
0.2,697.0,0.5,437.0,44.0,1705.0,39.0,702.0,325.0,5.3,38.8,0.3473
0.3,716.0,0.7,473.0,54.0,1595.0,41.0,734.0,343.0,4.7,41.4,0.3576
0.6,791.0,2.2,598.0,176.0,1186.0,97.0,802.0,608.0,4.3,43.9,0.3675
0.7,804.0,2.6,630.0,236.0,1188.0,120.0,806.0,712.0,4.9,40.6,0.3539
2.6,1093.0,13.4,1098.0,613.0,782.0,167.0,1221.0,1173.0,5.1,40.8,0.3603
5.5,1179.0,23.5,1390.0,755.0,567.0,198.0,1453.0,1459.0,6.5,38.1,0.3709
2.6,951.0,9.4,953.0,460.0,812.0,157.0,1022.0,1055.0,7.4,36.5,0.3778
1.5,882.0,6.3,826.0,280.0,952.0,125.0,910.0,799.0,7.9,36.4,0.3889
1.7,897.0,6.7,845.0,322.0,942.0,135.0,943.0,787.0,7.8,36.8,0.3908
2.2,949.0,9.7,965.0,349.0,860.0,138.0,1041.0,892.0,8.7,33.7,0.379
2.1,896.0,7.8,891.0,297.0,921.0,132.0,935.0,766.0,8.5,34.3,0.3813
2.2,908.0,7.7,886.0,353.0,922.0,142.0,947.0,835.0,8.9,34.5,0.3946
2.3,959.0,8.6,924.0,316.0,899.0,137.0,993.0,897.0,8.8,35.7,0.4043
2.5,994.0,10.7,1005.0,348.0,832.0,145.0,1054.0,1009.0,7.9,38.6,0.4137
3.1,1081.0,16.7,1202.0,445.0,691.0,166.0,1230.0,1250.0,7.6,40.1,0.4195
3.6,1081.0,15.5,1164.0,457.0,705.0,165.0,1171.0,1283.0,6.9,40.3,0.4025
3.9,1175.0,18.3,1248.0,516.0,661.0,175.0,1308.0,1377.0,6.5,41.7,0.4047
4.0,1123.0,13.8,1110.0,575.0,732.0,185.0,1152.0,1322.0,6.3,42.6,0.4106
2.3,1032.0,9.3,952.0,449.0,833.0,166.0,1025.0,1198.0,5.9,44.7,0.4186
1.5,927.0,5.8,805.0,289.0,965.0,140.0,918.0,1007.0,5.8,43.4,0.4037
1.5,952.0,6.6,838.0,268.0,948.0,133.0,937.0,976.0,5.8,42.5,0.3937
2.2,987.0,7.6,883.0,343.0,913.0,144.0,949.0,1013.0,5.6,42.0,0.3856
1.3,902.0,5.0,761.0,222.0,1048.0,126.0,872.0,868.0,5.3,42.3,0.3806
0.5,812.0,1.5,541.0,89.0,1309.0,70.0,774.0,616.0,5.2,45.9,0.4099
0.5,821.0,1.7,563.0,103.0,1270.0,74.0,807.0,678.0,4.7,49.0,0.4209
0.9,932.0,3.8,701.0,254.0,944.0,124.0,875.0,936.0,4.5,51.8,0.4418
2.0,1069.0,8.8,931.0,392.11144491792794,782.0,152.0,1054.0,1110.0,4.5,53.0,0.4495
3.2,1137.0,12.5,1066.0,638.0,681.0,188.24897355318984,1151.0,1258.0,4.8,53.1,0.4605
2.3613135983473756,1009.0,8.7,926.0,492.0,791.0,170.876890380118,1015.0,1080.0,7.8,42.0,0.4464
1.8,962.0,7.5,877.0,413.0,841.0,120.0,969.0,949.0,9.3,37.6,0.4391
2.1,972.0,8.2,909.0,364.0,827.0,111.0,1012.0,894.0,10.0,34.2,0.4212
1.9,968.0,8.5,920.0,299.0,831.0,128.0,991.0,882.0,10.3,32.6,0.4094
2.4,939.0,8.1,902.0,342.0,884.0,133.0,969.0,872.0,9.8,31.8,0.3858
2.1,901.0,6.7,843.0,309.0,1061.0,121.0,907.0,751.0,9.8,30.3,0.3658
2.8,975.0,9.0,938.0,367.0,874.0,147.0,989.0,928.0,9.6,29.6,0.3545
3.3,1028.0,11.3,1025.0,357.0,774.0,136.0,1024.0,1160.0,8.1,32.5,0.3516
2.9,998.0,9.9,972.0,345.0,806.0,153.0,984.0,1090.0,6.8,36.1,0.3575
3.9,1094.0,13.6,1105.0,483.0,708.0,178.0,1086.0,1274.0,6.4,36.5,0.3519
4.1,1128.0,15.4,1161.0,480.0,672.0,187.86418351999583,1163.0,1340.0,5.9,37.8,0.3528
3.3,1111.0,11.4,1030.0,427.0,751.0,166.0,1033.0,1271.0,5.1,40.7,0.3621
3.3,1121.0,11.2,1023.0,504.0,725.0,169.0,1053.0,1354.0,4.8,45.1,0.3925
1.9,956.0,5.7,796.0,248.0,915.0,132.0,861.0,1084.0,4.5,43.9,0.3728
2.0,973.0,5.4,785.0,241.0,916.0,127.0,883.0,1086.0,5.2,44.1,0.3939
1.9,952.0,5.5,790.0,210.0,921.0,113.0,896.0,1038.0,4.3,46.4,0.3896
2.1,969.0,5.2,773.0,292.0,889.0,128.0,914.0,1064.0,3.0,52.5,0.4021
1.3,874.0,3.1,657.0,129.0,985.0,85.0,867.0,930.0,1.5,61.4,0.4235
1.1,806.0,1.6,554.0,106.0,1206.0,77.0,807.0,783.0,4.0,50.4,0.4154
1.2,874.0,2.5,623.0,125.0,1096.0,78.0,847.0,831.0,2.8,55.2,0.4177
1.8,961.0,5.3,779.0,267.0,917.0,115.0,960.0,983.0,1.2,61.4,0.4159
3.6,1195.0,13.4,1096.0,543.0,668.0,169.0,1166.0,1315.0,1.4,61.3,0.4208
3.7,1184.0,15.0,1148.0,496.0,651.0,174.0,1178.0,1389.0,2.2,58.1,0.4218
3.4,1135.0,12.8,1076.0,491.0,685.0,171.0,1120.0,1396.0,4.3,49.4,0.4138
4.0,1211.0,15.9,1177.0,667.0,620.0,179.0,1221.0,1585.0,6.6,42.5,0.416
3.8,1228.0,15.9,1178.0,631.5848678728614,621.0,203.03648288129568,1202.0,1628.0,8.0,38.3,0.4133
4.1,1247.0,16.3,1188.0,707.0,598.0,213.0004115034904,1237.0,1692.0,9.1,36.1,0.4172
4.9,1336.0,18.6,1256.0,675.3707166809477,567.0,215.96446211622154,1320.0,1828.0,10.0,34.7,0.4259
3.3,1205.0,12.8,1079.0,512.0,652.0,175.0,1168.0,1476.0,11.0,33.0,0.4331
4.3,1305.0,17.9,1238.0,587.0,565.0,206.60595053346535,1325.0,1640.0,11.3,33.6,0.4504
6.6,1568.0,29.0,1528.0,810.8945239310578,455.0,208.0,1661.0,2046.0,9.4,41.3,0.4888
6.281461295346442,1630.0,33.1,1622.0,909.6273429765497,421.0,247.0,1757.0,2238.0,8.0,45.9,0.4936
6.589875196497256,1704.0,36.1,1689.0,976.7871358704994,402.0,233.5008924868456,1820.0,2480.0,7.1,50.3,0.51
6.622219741809589,1701.0,36.3,1692.0,994.9911486886535,402.0,230.07505416736976,1832.0,2415.0,6.2,56.9,0.5419
5.454883444268072,1564.0,26.3,1462.0,883.7892788118605,472.0,221.43517040983062,1574.0,2181.0,6.3,57.9,0.5575
4.527967913983106,1441.0,20.6,1314.0,794.8473492495594,517.0,196.0,1389.0,2051.0,6.2,56.8,0.5421
4.2,1376.0,17.0,1209.0,740.0,549.0,190.0,1283.0,2041.0,6.1,54.7,0.5201
4.6,1412.0,17.2,1216.0,759.0,543.0,187.0,1300.0,2059.0,6.0,55.6,0.5244
3.9,1352.0,14.6,1137.0,610.0,567.0,197.40777776516552,1234.0,2016.0,5.1,59.0,0.5248
3.4,1285.0,12.1,1052.0,465.0,605.0,158.0,1164.0,1967.0,5.1,58.4,0.517
2.4,1200.0,8.7,929.0,288.0,664.0,132.0,1082.0,1847.0,4.2,63.1,0.5259
2.5,1187.0,8.8,931.0,251.0,669.0,121.0,1093.0,1792.0,4.3,64.1,0.537
3.5,1166.0,8.2,909.0,351.0,691.0,136.0,1079.0,1680.0,4.8,61.9,0.537
3.9,1209.0,9.5,958.0,379.0,666.0,138.0,1124.0,1662.0,5.3,61.1,0.5499
4.8,1349.0,14.6,1136.0,539.0,575.0,149.0,1299.0,1810.0,5.7,61.3,0.5657
6.1,1458.0,20.4,1307.0,706.0,497.0,165.0,1483.0,2103.0,6.1,60.5,0.5719
6.6,1462.0,18.8,1263.0,758.9629670151173,510.0,170.0,1421.0,2082.0,6.7,59.7,0.589
4.158989016700728,1448.0,18.8,1263.0,684.1042867709546,511.0,165.0,1428.0,1971.0,7.2,58.6,0.5986
6.0,1419.0,18.5,1254.0,719.3220808426702,524.0,167.0,1406.0,1950.0,8.0,55.9,0.6018
6.9,1561.0,24.8,1425.0,772.0,465.0,197.0,1624.0,2101.0,9.8,52.4,0.6349
7.9,1558.0,22.9,1375.0,792.0,471.0,226.46058043914272,1563.0,2112.0,10.5,51.1,0.6503
4.026883084859899,1438.0,16.9,1208.0,626.0,528.0,204.0,1405.0,1962.0,10.8,52.4,0.6767
4.824401069484413,1532.0,22.2,1356.0,717.938632532667,474.0,205.78250606736586,1610.0,2033.0,10.6,55.3,0.7058
6.8,1522.0,21.5,1337.0,706.0,479.0,192.0,1578.0,2034.0,10.4,57.0,0.7167
4.562122458559967,1514.0,21.5,1338.0,689.0118758086189,474.0,175.0,1598.0,2018.0,10.2,58.3,0.7256
5.9,1505.0,15.6,1168.0,567.0,525.0,169.0,1447.0,2066.0,9.4,66.1,0.7816
5.6,1458.0,14.2,1123.0,527.0,540.0,164.0,1395.0,2030.0,9.6,65.9,0.7869
5.5,1431.0,13.5,1100.0,503.0,553.0,154.0,1385.0,1913.0,9.5,66.2,0.7882
2.2,1243.0,8.6,924.0,274.0,648.0,119.0,1250.0,1534.0,9.0,69.8,0.8039
2.0,1251.0,8.6,924.0,231.0,644.0,106.0,1246.0,1568.0,8.9,70.5,0.8056
2.2,1259.0,9.1,944.0,268.0,631.0,111.0,1267.0,1622.0,8.9,70.4,0.8074
2.0,1268.0,8.6,926.0,281.0,645.0,122.0,1247.0,1628.0,9.1,69.6,0.8045
2.5,1288.0,9.4,956.0,340.0,623.0,121.0,1272.0,1553.0,9.0,70.8,0.8173
3.0,1410.0,11.0,1015.0,406.0,594.0,136.0,1319.0,1769.0,9.8,68.6,0.8324
2.8,1374.0,10.6,999.0,379.0,598.0,138.0,1316.0,1776.0,10.2,67.3,0.8373
3.4,1458.0,13.2,1090.0,436.0,553.0,147.0,1383.0,1898.0,10.7,65.0,0.8378
5.5,1609.0,18.1,1243.0,729.1553689871256,505.0,178.0,1491.0,2100.0,11.4,62.9,0.8454
4.0,1424.0,13.2,1090.0,507.0,566.0,176.0,1351.0,1896.0,12.2,61.1,0.8652
2.4,1331.0,9.7,966.0,266.0,633.0,159.0,1266.0,1745.0,12.1,61.8,0.8723
3.1,1434.0,13.3,1093.0,335.0,561.0,168.0,1366.0,1893.0,11.7,65.6,0.898
3.7397299961375103,1542.0,15.4,1161.0,464.0,531.0,181.0,1435.0,1972.0,11.4,67.9,0.9119
4.6,1651.0,17.8,1234.0,527.0,501.0,184.0,1513.0,2020.0,11.2,70.8,0.9386
4.8,1633.0,18.0,1240.0,592.0,496.0,170.0,1555.0,1906.0,10.9,75.9,0.9868
6.2,1739.0,21.3,1333.0,761.1209293560231,460.0,174.0,1689.0,1832.0,11.3,78.3,1.0455
4.6,1523.0,14.5,1132.0,538.0,541.0,136.0,1488.0,1470.0,10.3,82.8,1.0369
4.5,1543.0,15.8,1174.0,513.0,521.0,127.0,1542.0,1494.0,10.4,82.5,1.0406
4.2,1469.0,13.1,1086.0,514.0,564.0,125.0,1485.0,1394.0,11.0,81.7,1.0727
2.6,1271.0,7.7,886.0,345.0,688.0,121.0,1321.0,1113.0,11.7,79.8,1.0964
1.6,1161.0,6.0,810.0,231.0,775.0,117.0,1281.0,958.0,11.6,80.0,1.0924
1.3,1053.0,3.5,680.0,166.0,890.0,108.0,1166.0,807.0,11.3,80.1,1.0741
0.5,900.0,1.2,522.0,61.0,1242.0,55.0,1070.0,471.0,10.8,78.7,1.0202
0.4,855.0,0.8,479.0,49.0,1319.0,46.0,1068.0,450.0,10.7,81.5,1.0497
0.3,848.0,0.7,464.0,54.0,1425.0,46.0,1062.0,438.0,10.9,80.3,1.0444
0.4,873.0,0.9,485.0,78.0,1305.0,67.0,1083.0,512.0,10.7,80.7,1.0377
0.6,945.0,1.8,569.0,136.0,1140.0,90.0,1135.0,632.0,10.5,81.8,1.0416
0.9,1003.0,2.5,618.0,198.0,1003.0,117.0,1159.0,754.0,10.4,82.9,1.0419
1.1,1041.0,3.1,659.0,211.0,908.0,118.0,1188.0,792.0,10.6,82.1,1.0451
1.0,1036.0,3.5,685.0,183.0,942.0,112.0,1168.0,776.0,11.5,72.6,0.9846
1.6,1124.0,5.7,799.0,277.0,775.0,134.0,1231.0,969.0,12.8,65.5,0.964
1.8,1130.0,5.8,803.0,267.0,772.0,126.64248588697127,1230.0,975.0,13.9,60.9,0.9644
1.0,991.0,2.7,632.0,123.0,981.0,88.0,1114.0,637.0,14.9,57.9,0.9726
0.8,988.0,2.2,596.0,68.0,1056.0,57.0,1118.0,541.0,14.8,63.5,1.0592
1.4,1163.0,5.8,801.0,186.0,772.0,99.0,1288.0,876.0,13.6,68.9,1.0699
2.1,1226.0,6.9,853.0,321.0,725.0,129.0,1307.0,1029.0,13.6,68.9,1.0661
2.3,1286.0,9.1,942.0,343.0,687.0,137.0,1362.0,1103.0,13.5,67.1,1.0357
3.5,1423.0,14.0,1116.0,550.0,553.0,146.0,1531.0,1369.0,12.3,75.4,1.0768
3.8,1408.0,13.1,1088.0,598.0,560.0,139.0,1504.0,1381.0,11.7,80.0,1.0938
2.4,1178.0,7.2,866.0,390.0,700.0,128.0,1342.0,1094.0,11.8,82.7,1.1381
1.0,985.0,3.8,701.0,159.0,877.0,106.0,1187.0,835.0,11.8,77.5,1.0741
1.3,1113.0,5.2,776.0,193.0,828.0,114.0,1217.0,881.0,12.0,72.3,1.0095
2.3,1178.0,7.4,873.0,316.0,700.0,137.0,1328.0,987.0,11.2,79.6,1.0587
1.5,1024.0,3.9,705.0,199.0,876.0,114.0,1168.0,807.0,11.5,74.2,1.0063
1.1,954.0,2.7,630.0,134.0,988.0,92.0,1107.0,664.0,11.6,68.9,0.9411
0.7,877.0,1.3,526.0,63.0,1171.0,55.0,1023.0,496.0,11.7,64.6,0.8888
0.4,826.0,0.7,465.0,50.0,1322.0,46.0,978.0,433.0,11.9,61.1,0.8527
0.5,862.0,1.4,535.0,93.0,1193.0,67.0,1020.0,524.0,12.5,57.3,0.8269
0.8,938.0,3.0,653.0,161.0,970.0,95.0,1100.0,747.0,12.3,60.1,0.8562
1.9,1205.0,9.1,943.0,368.0,688.0,133.0,1361.0,1052.0,11.5,68.7,0.9302
2.3,1171.0,10.0,978.0,344.0,637.0,138.0,1374.0,1092.0,12.5,63.2,0.9113
1.9,1131.0,8.6,926.0,288.0,684.0,127.0,1324.0,1036.0,12.9,63.2,0.9335
1.6,1074.0,6.4,832.0,244.0,748.0,119.0,1230.0,934.0,13.5,59.9,0.9261
1.4,1062.0,6.2,822.0,224.0,764.0,113.0,1228.0,917.0,13.4,61.3,0.9379
1.5,1045.0,5.7,800.0,206.0,796.0,109.0,1193.0,839.0,14.4,57.1,0.9309
1.4,1034.0,5.0,763.0,163.0,840.0,97.0,1192.0,761.0,15.0,57.2,0.9698
2.0,1186.0,8.0,899.0,296.0,695.0,117.0,1332.0,926.0,12.4,72.6,1.0422
2.5,1256.0,10.5,996.0,386.0,625.0,132.0,1417.0,1104.0,12.8,73.6,1.0851
2.2,1138.0,6.9,854.0,262.0,735.0,117.0,1276.0,911.0,13.3,68.2,1.0356
2.0,1138.0,7.8,891.0,212.0,721.0,110.0,1295.0,918.0,13.4,66.6,1.0187
2.1,1114.0,8.0,899.0,245.0,710.0,119.0,1279.0,948.0,13.3,63.6,0.9661
2.1,1107.0,8.1,905.0,263.0,705.0,116.0,1288.0,966.0,12.9,62.4,0.9258
2.1,1117.0,7.5,876.0,300.0,706.0,123.0,1264.0,1057.0,12.4,64.7,0.9266
1.6,1090.0,6.0,812.0,242.0,753.0,117.0,1213.0,1001.0,12.1,65.6,0.9222
1.1,954.0,3.2,665.0,152.0,916.0,100.0,1119.0,777.0,11.3,69.8,0.932
1.2,987.0,4.1,715.0,165.0,884.0,101.0,1145.0,797.0,11.0,68.7,0.9001
1.6,1275.0,8.8,930.0,215.0,649.0,106.0,1024.0,1617.0,5.3,50.7,0.4564
2.5,1173.0,7.5,878.0,300.0,738.0,129.0,1002.0,1355.0,5.9,50.0,0.4689
1.9,1054.0,5.6,791.0,253.0,830.0,126.0,967.0,1131.0,4.3,55.3,0.465
1.4,1004.0,4.8,753.0,181.0,879.0,106.0,942.0,1036.0,4.2,57.1,0.4759
1.5,1001.0,5.3,777.0,171.0,859.0,99.0,954.0,1009.0,3.5,58.3,0.4636
1.4,974.0,4.5,736.0,168.0,888.0,97.0,945.0,966.0,3.0,60.7,0.4667
1.1,915.0,3.0,653.0,169.0,973.0,94.0,905.0,901.0,2.6,63.2,0.4721
1.0,939.0,3.0,649.0,145.0,996.0,86.0,897.0,879.0,3.9,59.0,0.4807
1.2,973.0,4.7,748.0,190.0,878.0,97.0,968.0,991.0,4.7,57.2,0.4932
1.7,1011.0,5.4,782.0,225.0,846.0,113.0,992.0,1019.0,6.8,48.6,0.4822
2.3,1097.0,7.4,875.0,261.0,778.0,125.0,1080.0,1151.0,8.6,43.6,0.4887
2.2,1149.0,8.4,914.0,382.0,742.0,147.0,1072.0,1242.0,9.5,41.2,0.4908
2.4,1117.0,8.9,934.0,357.0,721.0,153.0,1075.0,1206.0,10.9,35.9,0.468
2.2,1085.0,7.9,896.0,299.0,760.0,147.0,1049.0,1138.0,12.5,32.3,0.467
2.1,1102.0,7.7,885.0,313.0,772.0,139.0,1051.0,1142.0,12.8,32.6,0.4814
3.0,1281.0,12.1,1053.0,510.0,659.0,165.0,1192.0,1438.0,10.9,39.7,0.5166
4.7,1472.0,16.6,1198.0,832.0,555.0,191.0,1344.0,1735.0,9.0,51.8,0.5961
3.6,1328.0,11.4,1029.0,622.0,637.0,172.0,1188.0,1611.0,8.1,54.1,0.5882
2.5,1198.0,7.9,897.0,402.0,720.0,151.0,1072.0,1436.0,7.8,54.6,0.5786
2.3,1176.0,8.1,905.0,334.0,718.0,137.0,1104.0,1389.0,6.2,59.6,0.5698
2.1,1118.0,6.4,830.0,295.0,765.0,130.0,1058.0,1313.0,5.7,59.9,0.5523
1.7,1091.0,5.2,773.0,222.0,820.0,115.0,1003.0,1232.0,5.6,59.7,0.5463
1.8,1078.0,5.2,775.0,230.0,809.0,112.0,1012.0,1195.0,4.7,62.9,0.5424
1.6,1043.0,4.3,726.0,195.0,875.0,105.0,972.0,1107.0,4.5,63.5,0.5411
1.3,992.0,3.6,685.0,167.0,916.0,96.0,963.0,1035.0,4.5,63.6,0.5414
1.3,947.0,3.3,673.0,148.0,929.0,87.0,974.0,929.0,3.2,68.3,0.531
1.1,923.0,2.7,634.0,123.0,984.0,75.0,943.0,875.0,3.1,69.2,0.5337
1.0,911.0,2.4,613.0,148.0,992.0,82.0,934.0,861.0,2.4,71.9,0.5288
1.0,924.0,2.6,629.0,143.0,994.0,83.0,941.0,852.0,3.1,68.7,0.5317
1.2,954.0,3.4,674.0,180.0,940.0,88.0,981.0,891.0,2.1,73.1,0.5289
1.3,960.0,3.9,704.0,226.0,887.0,106.0,1003.0,947.0,3.3,68.2,0.5346
1.6,1016.0,4.9,760.0,254.0,835.0,112.0,1044.0,1016.0,4.1,65.8,0.5451
2.2,1139.0,7.5,879.0,372.0,753.0,141.0,1092.0,1201.0,6.6,56.6,0.5528
2.2,1130.0,7.1,860.0,379.0,752.0,148.0,1058.0,1218.0,8.0,51.2,0.5516
2.8,1237.0,9.6,962.0,478.0,685.0,171.0,1138.0,1385.0,10.3,44.9,0.5612
2.1,1159.0,6.5,837.0,344.0,742.0,160.0,1087.0,1311.0,12.3,41.7,0.5961
1.6,1124.0,5.5,790.0,258.0,791.0,137.0,1071.0,1206.0,13.5,41.3,0.6342
2.8,1312.0,10.5,998.0,474.0,640.0,167.0,1249.0,1473.0,13.4,43.1,0.66
2.6,1246.0,8.9,936.0,438.0,665.0,164.0,1182.0,1460.0,9.9,53.3,0.6504
2.8,1232.0,8.8,931.0,451.0,674.0,166.0,1171.0,1627.0,8.9,54.6,0.6226
2.9,1286.0,10.5,996.0,473.0,644.0,167.0,1217.0,1827.0,8.9,54.8,0.6244
3.4,1347.0,13.0,1084.0,560.0,582.0,174.0,1290.0,2004.0,8.3,58.2,0.6391
1.7,1135.0,5.6,792.0,226.0,727.0,120.0,1170.0,1151.0,9.5,69.5,0.8261
1.9,1188.0,8.1,901.0,259.0,657.0,119.0,1261.0,1185.0,9.1,70.9,0.8176
2.0,1219.0,7.7,889.0,260.0,649.0,111.0,1186.0,1405.0,7.9,72.1,0.7679
1.7,1187.0,6.8,850.0,242.0,653.0,109.0,1169.0,1383.0,7.6,72.7,0.7598
1.8,1225.0,8.1,904.0,267.0,644.0,110.0,1194.0,1460.0,7.5,71.7,0.7439
2.2,1333.0,11.1,1019.0,411.0,576.0,126.0,1275.0,1612.0,7.9,70.6,0.7562
3.7,1489.0,16.4,1193.0,670.0,497.0,148.0,1475.0,1776.0,8.6,69.0,0.7732
4.8,1596.0,21.6,1341.0,830.0,436.0,162.0,1672.0,1991.0,9.1,67.5,0.7831
4.8,1585.0,19.3,1277.0,678.0369187842368,456.0,173.0,1567.0,1944.0,9.8,65.8,0.7967
5.2,1674.0,22.9,1376.0,766.443596857007,438.0,198.0,1643.0,2098.0,11.2,61.9,0.8226
5.497184156376432,1741.0,25.3,1438.0,797.0177636655131,416.0,219.0,1741.0,2159.0,12.8,60.1,0.882
5.29195639767679,1680.0,25.2,1434.0,742.9576260387234,417.0,199.0981485424813,1790.0,2005.0,13.4,62.4,0.9513
3.1,1295.0,13.2,1090.0,459.0,553.0,155.0,1479.0,1441.0,14.3,61.2,0.9941
2.6,1288.0,13.9,1112.0,346.0,560.0,150.0,1492.0,1380.0,14.6,59.6,0.9824
2.8,1281.0,13.8,1111.0,383.0,553.0,148.0,1483.0,1409.0,14.2,60.0,0.9684
2.8,1310.0,13.5,1099.0,414.0,559.0,155.9018852617547,1481.0,1445.0,13.8,62.6,0.9862
2.8,1276.0,13.5,1099.0,370.0,559.0,152.0,1504.0,1388.0,13.6,64.0,0.9891
3.1,1312.0,15.0,1148.0,400.0,532.0,148.0,1525.0,1411.0,13.4,64.5,0.9865
3.3,1332.0,14.9,1146.0,378.0,539.0,147.0,1523.0,1377.0,13.5,64.7,0.9971
2.7,1248.0,11.9,1046.0,357.0,588.0,144.0,1404.0,1316.0,13.4,65.3,0.9967
2.3,1182.0,9.2,947.0,333.0,643.0,144.0,1334.0,1210.0,13.2,64.5,0.9732
1.6,1059.0,6.0,810.0,227.0,764.0,126.0,1200.0,1002.0,13.2,62.3,0.9392
1.6,1056.0,5.6,795.0,203.0,783.0,115.0,1187.0,896.0,12.5,63.7,0.9196
1.7,1064.0,5.4,785.0,210.0,769.0,116.0,1184.0,946.0,12.3,64.6,0.9229
1.6,1059.0,5.4,783.0,198.0,781.0,112.0,1188.0,877.0,12.5,63.8,0.9244
0.9,1005.0,3.4,679.0,89.0,875.0,67.0,1120.0,745.0,10.7,69.5,0.8919
0.8,939.0,1.8,568.0,101.0,1037.0,72.0,1054.0,656.0,12.4,62.6,0.8994
0.7,961.0,2.6,629.0,104.0,1011.0,69.0,1114.0,682.0,12.3,62.7,0.8947
1.1,1017.0,4.0,712.0,192.0,827.0,107.0,1147.0,829.0,11.4,66.6,0.8948
1.5,1108.0,6.2,823.0,237.0,720.0,117.0,1247.0,961.0,11.1,70.2,0.9276
1.5,1122.0,5.8,803.0,211.0,733.0,115.0,1225.0,960.0,13.4,61.0,0.9348
1.6,1099.0,6.3,826.0,230.0,739.0,120.0,1223.0,940.0,15.9,52.2,0.9377
1.6,1124.0,5.9,805.0,240.0,726.0,128.0,1233.0,938.0,15.6,54.0,0.9515
2.0,1186.0,8.5,921.0,295.0,660.0,138.0,1310.0,1040.0,16.3,51.5,0.9462
1.7,1096.0,6.2,819.0,243.0,733.0,127.0,1238.0,904.0,16.5,50.8,0.9442
1.5,1120.0,6.4,829.0,196.0,725.0,111.0,1259.0,910.0,16.3,51.9,0.9535
2.0,1185.0,7.9,893.0,237.0,666.0,122.0,1312.0,1011.0,16.2,53.0,0.9687
1.9,1173.0,7.7,885.0,274.0,685.0,134.0,1288.0,1038.0,15.6,54.8,0.966
2.1,1221.0,8.9,935.0,352.0,642.0,153.0,1323.0,1144.0,14.5,57.5,0.944
2.8,1330.0,12.4,1063.0,488.0,578.0,169.0,1419.0,1352.0,14.0,60.1,0.9566
2.7,1325.0,11.3,1027.0,426.0,591.0,157.10496104692547,1394.0,1365.0,13.5,63.0,0.9686
2.4,1195.0,8.4,915.0,376.0,666.0,152.0,1295.0,1245.0,12.6,65.4,0.9529
1.6,1150.0,7.3,869.0,237.0,694.0,127.0,1252.0,1203.0,12.0,67.5,0.9413
1.7,1145.0,5.9,806.0,199.0,736.0,112.0,1207.0,1120.0,10.5,72.0,0.912
1.3,1041.0,4.3,729.0,164.0,819.0,98.0,1130.0,972.0,10.0,70.9,0.8706
1.4,1032.0,3.6,687.0,142.0,867.0,89.0,1109.0,878.0,9.8,70.7,0.8571
1.2,1010.0,3.1,661.0,142.0,881.0,82.0,1100.0,853.0,8.0,75.0,0.8098
1.0,944.0,2.5,617.0,127.0,944.0,77.0,1039.0,766.0,7.0,77.3,0.7782
0.6,862.0,1.4,540.0,73.0,1110.0,55.0,999.0,670.0,7.2,74.4,0.7581
0.7,909.0,1.8,567.0,100.0,1049.0,63.0,993.0,694.0,6.7,75.0,0.7418
1.0,965.0,3.1,659.0,126.0,973.0,69.0,1059.0,739.0,6.4,76.3,0.7389
1.7,1102.0,7.6,884.0,284.0,719.0,99.0,1218.0,940.0,6.0,78.5,0.7377
3.0,1226.0,15.3,1157.0,419.0,552.0,125.0,1464.0,1201.0,6.3,77.4,0.7452
2.4,1132.0,9.3,950.0,432.0,659.0,123.0,1253.0,1106.0,7.7,73.8,0.7769
2.2,1183.0,11.0,1013.0,310.0,632.0,128.0,1306.0,1186.0,10.2,61.5,0.7638
2.6,1211.0,10.6,998.0,446.0,605.0,149.0,1298.0,1302.0,11.3,58.1,0.7743
2.5,1253.0,11.4,1030.0,464.0,590.0,137.0,1351.0,1368.0,10.6,62.3,0.7981
3.0,1311.0,13.1,1088.0,505.0,563.0,147.0,1402.0,1452.0,11.1,62.0,0.8199
3.3,1341.0,14.8,1142.0,564.0,536.0,168.0,1454.0,1537.0,12.6,57.7,0.8387
3.8,1432.0,16.5,1195.0,625.0,509.0,180.0,1513.0,1651.0,13.3,56.2,0.8548
3.6,1404.0,16.5,1195.0,590.0,499.0,170.0,1501.0,1623.0,11.2,65.3,0.8639
5.0,1493.0,21.5,1337.0,731.8355603698906,466.0,180.0,1638.0,1742.0,8.8,74.6,0.8434
5.7,1478.0,22.2,1357.0,723.0,473.0,178.0,1652.0,1639.0,7.2,78.5,0.803
5.0,1411.0,20.5,1311.0,707.0,487.0,159.0,1589.0,1537.0,6.5,80.0,0.7789
4.8,1387.0,17.7,1231.0,737.0,523.0,156.0,1487.0,1463.0,5.8,83.8,0.7768
3.6166369180614883,1306.0,15.4,1161.0,646.0,557.0,146.0,1407.0,1379.0,5.5,83.5,0.7619
3.3,1232.0,11.6,1035.0,536.0,623.0,132.0,1296.0,1256.0,5.8,81.3,0.7568
3.4,1277.0,13.0,1085.0,567.0,589.0,137.0,1329.0,1344.0,5.4,82.6,0.7495
2.4,1063.0,6.7,843.0,357.0,762.0,114.0,1125.0,1089.0,6.4,76.3,0.7369
1.4,991.0,4.6,744.0,187.0,863.0,95.0,1069.0,949.0,7.0,73.6,0.7417
1.2,972.0,3.4,674.0,169.0,926.0,88.0,1032.0,882.0,7.9,69.3,0.7413
1.2,973.0,3.4,675.0,184.0,903.0,94.0,1029.0,905.0,7.4,71.7,0.7434
1.2,985.0,3.6,691.0,205.0,878.0,97.0,1056.0,902.0,7.7,71.9,0.7575
1.3,1020.0,4.5,736.0,213.0,854.0,93.0,1069.0,923.0,8.1,68.0,0.7396
2.3,1192.0,10.0,978.0,415.0,638.0,113.0,1273.0,1210.0,6.7,77.1,0.7597
3.4,1325.0,14.7,1140.0,583.0,542.0,126.0,1403.0,1468.0,6.8,77.9,0.7756
3.0,1219.0,11.3,1026.0,462.0,604.0,133.0,1311.0,1329.0,8.9,66.7,0.7634
2.5,1195.0,10.4,992.0,387.0,632.0,141.0,1251.0,1295.0,11.6,54.1,0.7387
2.7,1230.0,11.2,1020.0,414.0,605.0,168.4847827484836,1301.0,1365.0,13.5,49.4,0.7598
2.8,1312.0,13.1,1087.0,440.0,567.0,147.0,1393.0,1452.0,13.8,50.9,0.796
3.6,1387.0,14.3,1127.0,516.0,530.0,175.0,1430.0,1615.0,13.4,55.9,0.8588
3.1,1375.0,12.8,1076.0,519.0190150135331,555.0,180.0,1377.0,1599.0,12.9,59.0,0.8736
4.3,1532.0,18.9,1265.0,640.016176517839,482.0,194.0,1578.0,1777.0,13.3,59.0,0.8945
4.6,1531.0,17.9,1235.0,725.0,484.0,196.59557212633302,1541.0,1742.0,13.0,61.9,0.9224
4.078863438365633,1479.0,16.5,1196.0,683.0,498.0,190.32881309313285,1511.0,1739.0,12.5,63.6,0.9193
4.150046465604645,1521.0,16.9,1208.0,681.0,497.0,179.0,1549.0,1770.0,12.2,65.8,0.931
5.5,1616.0,22.4,1363.0,833.0,442.0,196.0,1701.0,1918.0,12.6,65.2,0.9474
3.4,1371.0,13.6,1105.0,514.0,553.0,169.0,1429.0,1581.0,13.3,63.6,0.9681
2.4,1198.0,9.1,943.0,371.0,647.0,151.0,1307.0,1291.0,13.5,62.6,0.9644
1.6,1102.0,6.0,813.0,213.0,764.0,123.0,1204.0,1000.0,14.1,59.6,0.9563
1.7,1120.0,6.3,826.0,242.0,750.0,127.0,1222.0,974.0,14.0,61.4,0.9773
1.6,1093.0,5.5,789.0,241.0,771.0,127.0,1206.0,949.0,13.5,63.4,0.9755
1.3,1112.0,5.6,791.0,218.0,764.0,118.0,1216.0,934.0,13.2,64.2,0.9706
0.6,919.0,1.8,571.0,54.0,1017.0,44.0,1082.0,521.0,13.5,63.8,0.9801
0.6,929.0,1.6,556.0,60.0,1035.0,46.0,1094.0,575.0,12.5,67.3,0.9743
0.5,919.0,1.6,552.0,55.0,1063.0,46.0,1080.0,522.0,13.2,64.2,0.9664
0.6,944.0,2.0,586.0,93.0,977.0,61.0,1090.0,586.0,13.1,63.4,0.9535
0.7,943.0,1.9,580.0,81.0,980.0,60.0,1074.0,566.0,13.8,60.5,0.9526
0.9,1036.0,3.5,683.0,109.0,846.0,71.0,1144.0,693.0,13.7,60.4,0.939
1.5,1168.0,5.7,797.0,251.0,698.0,111.0,1235.0,1022.0,14.0,59.7,0.9495
1.9,1232.0,8.1,903.0,284.0,626.0,127.0,1313.0,1152.0,15.0,56.2,0.9539
1.9,1236.0,8.1,901.0,262.0,628.0,128.0,1311.0,1108.0,16.9,50.9,0.9714
2.2,1278.0,12.6,1070.0,256.0,557.0,142.0,1479.0,1110.0,16.6,52.4,0.981
3.8,1369.0,18.1,1242.0,442.475830868868,476.0,145.0,1669.0,1306.0,16.4,53.2,0.9826
2.0,1182.0,8.7,929.0,269.0,648.0,145.0,1324.0,1029.0,16.1,52.8,0.9579
2.2,1210.0,8.8,933.0,348.0,648.0,156.0,1327.0,1094.0,15.7,54.4,0.9616
3.3,1316.0,14.1,1121.0,396.0,548.0,154.0,1488.0,1282.0,15.4,55.3,0.9616
2.7,1221.0,9.3,952.0,432.0,641.0,165.0,1334.0,1147.0,15.2,54.7,0.9362
2.6,1260.0,11.6,1034.0,419.0,588.0,153.0,1402.0,1208.0,14.7,56.6,0.9392
2.5,1231.0,9.6,962.0,412.0,625.0,151.0,1348.0,1192.0,14.4,58.2,0.9495
1.5,1115.0,5.8,804.0,223.0,734.0,131.0,1220.0,1136.0,14.3,59.2,0.9608
1.9,1180.0,7.5,877.0,242.0,680.0,128.0,1297.0,1131.0,14.0,60.4,0.9622
2.0,1174.0,7.4,873.0,288.0,672.0,137.0,1300.0,1071.0,13.7,63.6,0.9912
1.7,1178.0,7.4,876.0,209.0,666.0,119.0,1319.0,1059.0,13.1,68.7,1.0329
1.2,1052.0,3.9,704.0,141.0,807.0,96.0,1210.0,909.0,13.2,69.9,1.0526
0.6,960.0,1.3,532.0,66.0,1059.0,60.0,1122.0,724.0,12.9,70.4,1.0444
0.4,1162.0,6.7,843.0,303.0,685.0,104.0,1336.0,1027.0,12.3,73.3,1.0448
2.6,1523.0,21.0,1324.0,620.0,451.0,169.2508677309436,1776.0,1502.0,12.8,71.8,1.0551
3.5,1511.0,21.4,1334.0,550.7891055047107,433.0,146.0,1804.0,1606.0,13.1,70.2,1.0567
2.1,1420.0,16.1,1183.0,592.0,488.0,136.0,1626.0,1520.0,12.8,71.8,1.0551
2.1,1413.0,16.4,1193.0,698.0,484.0,144.0,1598.0,1566.0,13.1,70.3,1.0566
1.7,1335.0,14.8,1141.0,482.0,512.0,133.0,1536.0,1501.0,13.7,67.0,1.0446
2.6,1451.0,20.1,1298.0,575.0,452.0,148.0,1744.0,1634.0,14.0,65.4,1.0427
2.6,1410.0,19.3,1276.0,548.0,459.0,166.67298893489047,1701.0,1587.0,14.4,63.8,1.0421
2.4,1429.0,19.3,1277.0,498.0,456.0,152.0,1721.0,1560.0,14.1,65.9,1.0531
2.4,1409.0,17.4,1223.0,479.0,475.0,145.0,1640.0,1538.0,14.1,65.9,1.0552
2.0,1372.0,17.0,1210.0,420.0,484.0,139.0,1629.0,1491.0,14.1,66.0,1.0539
2.0,1366.0,17.1,1213.0,378.0,489.0,134.0,1611.0,1469.0,14.0,66.4,1.0536
3.1,1365.0,16.4,1192.0,340.0,492.0,128.0,1593.0,1486.0,13.8,66.4,1.0451
3.3,1385.0,17.3,1218.0,399.0,478.0,135.0,1620.0,1494.0,13.4,68.1,1.0441
3.3,1361.0,14.6,1137.0,449.0,503.0,136.0,1526.0,1471.0,13.2,69.1,1.0452
2.6,1312.0,11.9,1047.0,374.0,545.0,126.0,1430.0,1399.0,13.0,70.0,1.042
1.7,1177.0,7.3,871.0,244.0,660.0,116.0,1292.0,1192.0,12.7,69.9,1.0223
1.8,1205.0,7.7,888.0,256.0,647.0,116.0,1292.0,1187.0,12.0,71.9,1.0071
1.5,1114.0,4.9,757.0,212.0,744.0,107.0,1204.0,1070.0,13.2,66.8,1.0087
1.1,1047.0,3.9,708.0,146.0,816.0,91.0,1167.0,949.0,12.4,69.5,0.9986
0.7,992.0,2.9,644.0,96.0,899.0,70.0,1128.0,854.0,11.8,70.6,0.9731
0.7,977.0,2.6,629.0,106.0,908.0,78.0,1129.0,835.0,12.3,68.0,0.9734
0.9,1047.0,3.3,671.0,115.0,863.0,75.0,1147.0,887.0,12.0,69.2,0.9697
1.3,1126.0,5.2,775.0,236.0,760.0,101.0,1205.0,1019.0,11.7,69.8,0.9612
3.2,1474.0,19.0,1268.0,583.0,502.0,136.0,1677.0,1503.0,12.1,67.6,0.95
4.954863360134089,1526.0,26.5,1466.0,662.0,415.0,147.0,1855.0,1687.0,12.5,65.1,0.9399
3.7,1386.0,15.3,1158.0,528.0,518.0,143.0,1485.0,1553.0,12.8,62.5,0.9213
3.2,1392.0,15.6,1166.0,549.0,519.0,153.0,1488.0,1624.0,13.4,59.9,0.9143
3.1,1363.0,16.4,1192.0,531.0,499.0,148.0,1501.0,1637.0,13.4,57.9,0.8895
3.0,1331.0,16.1,1184.0,493.0,507.0,149.0,1508.0,1533.0,13.6,56.4,0.8754
3.6,1401.0,18.8,1261.0,543.4503454056861,479.0,141.0,1580.0,1577.0,13.8,56.3,0.8841
3.2,1374.0,18.0,1239.0,487.0,483.0,147.0,1569.0,1532.0,13.7,57.9,0.9063
3.9,1436.0,20.1,1299.0,581.0,451.0,182.081563017175,1616.0,1621.0,13.6,58.9,0.9139
3.7365230234375053,1386.0,17.6,1228.0,531.0,479.0,152.0,1546.0,1578.0,13.4,59.7,0.9142
3.9,1419.0,19.3,1277.0,495.0,459.0,144.0,1603.0,1631.0,13.3,61.2,0.933
3.6,1428.0,19.7,1288.0,487.0,465.0,146.0,1580.0,1629.0,13.2,61.8,0.9313
4.7,1508.0,24.5,1416.0,596.0,418.0,162.0,1773.0,1733.0,12.9,61.5,0.9139
4.1,1438.0,18.4,1251.0,595.0,470.0,156.0,1593.0,1622.0,12.6,63.9,0.9307
3.4,1415.0,16.6,1197.0,559.0,486.0,146.0,1539.0,1597.0,12.0,67.4,0.9417
3.5,1433.0,16.2,1186.0,586.0,479.0,151.0,1497.0,1738.0,11.9,69.0,0.9568
1.2,1208.0,9.6,964.0,399.0,602.0,127.0,1305.0,1350.0,12.0,66.6,0.9293
2.4,1280.0,11.4,1029.0,399.0,564.0,123.0,1366.0,1363.0,11.4,69.6,0.9373
2.1,1174.0,9.1,942.0,381.0,626.0,122.0,1296.0,1262.0,11.2,70.3,0.9323
1.0,1018.0,4.7,746.0,183.0,800.0,83.0,1171.0,958.0,10.0,74.8,0.9161
1.4,1095.0,7.3,868.0,357.0,676.0,98.0,1241.0,1078.0,9.2,78.5,0.9143
1.8,1182.0,9.3,951.0,479.0,634.0,109.0,1327.0,1143.0,8.8,79.4,0.9033
4.268339523744007,1478.0,17.8,1234.0,852.0,470.0,138.0,1606.0,1551.0,8.7,79.4,0.8944
4.1,1515.0,20.1,1298.0,822.0,434.0,138.0,1706.0,1669.0,8.9,76.5,0.8767
4.4,1488.0,19.6,1286.0,910.0,452.0,170.0,1648.0,1766.0,9.9,73.3,0.8936
3.5,1383.0,16.5,1196.0,608.1204410800754,497.0,180.25719983762622,1514.0,1717.0,11.8,65.5,0.901
3.5,1383.0,17.3,1218.0,758.0,497.0,196.0,1506.0,1738.0,13.0,60.9,0.9061
3.8,1337.0,17.7,1231.0,647.0,505.0,185.0,1518.0,1611.0,14.7,52.3,0.8687
3.1,1243.0,15.2,1155.0,431.0,546.0,156.0,1473.0,1398.0,15.1,49.6,0.8428
3.4,1304.0,18.2,1244.0,491.0,507.0,173.0,1558.0,1497.0,15.7,48.8,0.8657
3.3,1284.0,17.2,1216.0,476.0,522.0,166.0,1545.0,1415.0,15.8,48.9,0.8707
3.4,1303.0,17.6,1226.0,538.0,521.0,173.0,1554.0,1457.0,14.6,54.0,0.8946
4.7,1461.0,25.4,1440.0,621.0,440.0,177.0,1806.0,1669.0,14.3,56.3,0.9119
5.275160103750843,1517.0,28.4,1512.0,688.0557699094873,421.0,182.0,1902.0,1740.0,14.1,57.8,0.9262
5.277972290398105,1526.0,27.5,1492.0,712.325231519816,428.0,188.45013082187276,1883.0,1770.0,13.1,62.9,0.943
5.9,1495.0,23.3,1386.0,782.0,457.0,177.0,1736.0,1734.0,12.0,67.5,0.9467
3.6,1333.0,15.2,1154.0,550.0,534.0,158.0,1441.0,1647.0,10.7,70.9,0.9113
2.619616204757871,1216.0,11.1,1020.0,377.0,605.0,133.0,1337.0,1379.0,10.0,73.2,0.8988
2.9,1232.0,11.5,1032.0,391.0,599.0,123.0,1347.0,1331.0,9.4,75.0,0.8874
2.5,1181.0,10.2,985.0,433.0,629.0,120.0,1312.0,1240.0,8.5,76.9,0.8557
1.7,1042.0,6.0,814.0,287.0,746.0,105.0,1167.0,1036.0,8.4,75.9,0.8407
1.1,915.0,3.7,695.0,192.0,883.0,86.0,1094.0,826.0,6.2,82.1,0.7825
0.9,891.0,3.2,666.0,161.0,931.0,77.0,1058.0,798.0,7.0,77.3,0.7759
1.0,937.0,3.7,694.0,194.0,915.0,81.0,1054.0,817.0,6.5,79.7,0.7751
1.977752099376811,1086.0,8.0,901.0,343.0,715.0,103.0,1216.0,1055.0,7.7,76.8,0.8112
3.1,1326.0,16.3,1190.0,624.0,531.0,127.0,1509.0,1391.0,8.2,74.9,0.8184
4.1,1469.0,24.0,1403.0,758.0,452.0,134.0,1780.0,1665.0,8.8,73.2,0.8298
3.9,1321.0,15.7,1170.0,577.7430335664518,532.0,158.0,1488.0,1539.0,9.7,70.1,0.8432
3.6,1396.0,16.5,1196.0,713.0,524.0,175.0,1492.0,1653.0,11.7,62.7,0.8586
3.2,1270.0,12.8,1077.0,615.0,583.0,178.0,1353.0,1586.0,13.1,58.5,0.877
2.2,1189.0,11.3,1025.0,319.0,626.0,135.0,1316.0,1332.0,14.2,54.1,0.8707
2.4,1227.0,12.9,1081.0,338.0,570.0,133.0,1396.0,1369.0,14.2,54.3,0.8757
2.7,1266.0,14.1,1118.0,380.0,564.0,134.0,1410.0,1373.0,14.0,56.3,0.894
2.7,1277.0,15.8,1175.0,366.0,531.0,137.0,1480.0,1397.0,13.5,57.8,0.8933
3.9,1438.0,19.9,1295.0,603.9290189729825,470.0,160.0,1620.0,1577.0,12.3,63.0,0.9015
5.2,1523.0,26.6,1470.0,759.2170554128301,414.0,193.04011324919279,1811.0,1783.0,11.4,68.0,0.9166
4.0,1384.0,19.8,1290.0,523.0,475.0,144.0,1571.0,1568.0,10.8,69.5,0.8995
2.9,1283.0,13.3,1093.0,373.0,581.0,129.0,1354.0,1356.0,11.0,67.1,0.8766
3.3,1304.0,13.0,1085.0,467.0,571.0,129.0,1385.0,1419.0,9.5,71.3,0.8458
2.0,1126.0,7.5,880.0,260.0,690.0,107.0,1202.0,1177.0,8.8,71.0,0.8089
1.8,1141.0,7.8,892.0,244.0,686.0,101.0,1213.0,1141.0,8.0,73.4,0.7899
2.7,1183.0,8.8,930.0,317.0,669.0,112.0,1210.0,1179.0,7.6,73.0,0.7629
1.8,1090.0,6.4,830.0,224.0,744.0,98.0,1125.0,1056.0,7.1,73.9,0.7515
1.3,1032.0,4.5,736.0,176.0,809.0,90.0,1064.0,973.0,7.1,73.5,0.7439
1.1,981.0,4.2,721.0,103.0,866.0,59.0,1059.0,836.0,5.1,81.3,0.7204
1.6,1104.0,6.9,851.0,367.0,687.0,98.0,1101.0,1085.0,4.3,82.9,0.6968
1.3,989.0,5.0,762.0,326.0,793.0,109.0,1076.0,959.0,5.3,80.4,0.7234
1.4,1079.0,7.3,869.0,374.0,732.0,110.0,1160.0,1039.0,5.7,79.3,0.7326
5.0,1472.0,24.5,1418.0,733.737897322247,459.0,159.0,1681.0,1554.0,6.8,74.8,0.7423
4.3,1313.0,16.9,1206.0,690.0,513.0,187.99346234765068,1469.0,1546.0,6.9,75.2,0.7505
4.1,1363.0,17.7,1229.0,754.0,515.0,147.0,1490.0,1638.0,8.0,71.9,0.7712
3.8,1347.0,17.1,1212.0,750.0,527.0,192.2882266306563,1443.0,1568.0,9.3,67.1,0.7849
3.1,1240.0,14.7,1140.0,590.0,567.0,164.0,1388.0,1433.0,10.2,63.6,0.7928
3.3,1280.0,17.4,1222.0,525.0,526.0,160.0,1519.0,1452.0,11.0,60.9,0.7966
3.1,1210.0,15.1,1151.0,505.1817807075763,569.0,143.0,1428.0,1345.0,11.3,60.1,0.8022
2.7,1216.0,14.5,1134.0,360.0,566.0,138.0,1403.0,1336.0,12.2,56.9,0.8068
3.4,1320.0,16.9,1207.0,448.0,535.0,143.0,1498.0,1442.0,11.9,59.1,0.8211
5.0,1477.0,24.3,1412.0,746.005410100178,450.0,196.0,1704.0,1748.0,10.3,66.3,0.8286
5.7,1500.0,26.1,1458.0,847.0,428.0,202.07307436065648,1750.0,1776.0,8.2,74.9,0.8187
5.256045789624859,1512.0,26.4,1463.0,838.2109243127244,435.0,189.0,1720.0,1802.0,7.9,77.1,0.8223
5.8,1496.0,25.7,1447.0,829.8160368974518,435.0,188.0,1710.0,1796.0,8.3,75.0,0.8253
5.0,1360.0,18.2,1246.0,716.0,513.0,190.0,1504.0,1600.0,8.2,75.2,0.8185
1.7,1024.0,6.2,819.0,235.0,782.0,126.0,1101.0,1083.0,8.3,69.7,0.7632
1.6,1094.0,6.7,845.0,198.0,780.0,113.0,1127.0,1064.0,6.7,74.4,0.7344
2.3,1111.0,7.5,877.0,293.0,735.0,129.0,1142.0,1104.0,6.4,74.9,0.7238
2.083891824323888,1097.0,7.5,878.0,356.0,737.0,128.0,1140.0,1053.0,4.9,80.1,0.7011
2.0,1051.0,6.2,820.0,285.0,778.0,122.0,1087.0,1009.0,4.8,79.4,0.6872
1.1,902.0,3.1,659.0,158.0,940.0,92.0,972.0,800.0,3.4,81.4,0.6425
1.0,957.0,2.8,641.0,95.0,1013.0,70.0,940.0,784.0,4.2,77.0,0.6439
1.3,973.0,4.3,728.0,148.0,902.0,83.0,1004.0,854.0,3.5,80.8,0.6406
1.9,1074.0,9.7,967.0,337.0,703.0,127.0,1201.0,1065.0,3.5,80.3,0.6366
2.6,1115.0,10.9,1012.0,453.0,650.0,142.0,1230.0,1161.0,4.0,78.5,0.645
2.7,1136.0,10.6,1001.0,497.0,653.0,155.0,1216.0,1192.0,4.5,76.6,0.6534
2.4,1128.0,10.0,977.0,448.0,673.0,153.0,1199.0,1202.0,5.6,72.3,0.6627
2.7,1196.0,11.6,1035.0,496.0,633.0,177.0,1259.0,1338.0,7.5,64.4,0.672
3.1,1267.0,15.6,1166.0,535.0,567.0,176.50628436339375,1382.0,1505.0,8.9,60.8,0.6921
4.4,1355.0,18.1,1244.0,675.4913984698817,536.0,212.0,1454.0,1715.0,10.6,55.3,0.7058
3.2,1194.0,12.3,1061.0,459.0,622.0,182.0,1257.0,1473.0,12.3,46.3,0.6597
2.9,1188.0,11.4,1029.0,409.0,635.0,168.0,1243.0,1433.0,12.2,47.0,0.6686
3.0,1279.0,15.2,1154.0,515.0,573.0,179.0,1391.0,1544.0,10.5,55.1,0.6993
3.7,1361.0,17.4,1223.0,640.0,525.0,185.75686953047548,1454.0,1648.0,8.7,66.3,0.7491
5.2,1474.0,20.8,1319.0,785.6476801405898,496.0,201.74908294208743,1524.0,1784.0,7.9,69.9,0.7487
3.3,1235.0,12.8,1078.0,582.0571619182591,616.0,166.0,1265.0,1519.0,7.6,65.3,0.6842
3.6,1289.0,14.7,1140.0,560.0,590.0,178.24387058597327,1317.0,1532.0,6.5,67.6,0.6608
2.3,1124.0,8.3,910.0,442.9273731135337,717.0,148.0,1112.0,1340.0,5.9,66.4,0.6226
3.0,1231.0,11.1,1017.0,492.0,655.0,151.0,1207.0,1414.0,5.2,70.0,0.6232
3.8,1289.0,13.6,1104.0,531.0,623.0,177.54703464802307,1257.0,1499.0,5.2,67.8,0.6028
2.7202529999171197,1166.0,9.8,970.0,487.0,705.0,165.0475072192018,1136.0,1306.0,4.9,67.1,0.5863
2.1,1062.0,7.6,884.0,293.0,748.0,128.0,1062.0,1172.0,5.1,65.5,0.5811
1.7,1003.0,5.9,807.0,219.0,819.0,115.0,1021.0,1005.0,3.7,68.9,0.5549
1.4,929.0,4.2,721.0,198.0,923.0,120.0,956.0,913.0,4.5,62.7,0.5343
1.2,951.0,4.5,737.0,166.0,910.0,106.0,977.0,922.0,4.7,62.3,0.5368
1.4,1011.0,5.4,783.0,255.0,835.0,118.0,1013.0,1026.0,3.9,67.1,0.5483
1.4,939.0,4.8,751.0,312.0,898.0,156.0,984.0,952.0,5.7,54.5,0.5034
1.7,946.0,6.3,827.0,236.0,876.0,130.0,1037.0,915.0,6.1,50.3,0.4769
1.0,841.0,2.6,625.0,172.0,1054.0,112.0,846.0,687.0,9.0,39.5,0.4554
1.0,850.0,2.6,629.0,138.0,1076.0,96.0,847.0,597.0,10.7,34.4,0.4406
0.8,831.0,2.2,602.0,121.0,1123.0,89.0,824.0,527.0,11.1,33.4,0.4401
1.0,866.0,3.0,652.0,143.0,1060.0,98.0,857.0,573.0,11.9,30.8,0.4285
0.8,819.0,1.9,576.0,114.0,1142.0,85.0,809.0,492.0,11.4,32.0,0.431
0.7,833.0,2.0,584.0,107.0,1144.0,80.0,821.0,463.0,11.3,32.5,0.4334
1.1,877.0,2.8,642.0,176.0,1037.0,112.0,859.0,565.0,11.0,33.0,0.4331
1.1,892.0,3.3,668.0,180.0,1017.0,121.0,872.0,632.0,10.3,35.0,0.4377
1.2,899.0,3.4,674.0,212.0,1002.0,132.0,893.0,691.0,8.4,40.9,0.4542
2.0,1008.0,7.1,861.0,331.0,839.0,160.0,977.0,943.0,8.3,38.5,0.4228
2.2,1013.0,7.4,873.0,369.0,820.0,167.0,984.0,985.0,8.1,37.9,0.41
1.5,912.0,4.3,730.0,274.0,959.0,157.0,893.0,821.0,7.7,39.0,0.4106
1.2,907.0,3.9,705.0,199.0,995.0,130.0,880.0,767.0,7.0,41.5,0.4193
1.5,953.0,5.2,771.0,248.0,905.0,145.0,936.0,895.0,6.6,42.6,0.4179
1.4,916.0,3.8,701.0,197.0,954.0,133.0,899.0,791.0,6.4,44.2,0.428
1.2,894.0,3.5,682.0,147.0,991.0,110.0,881.0,770.0,6.0,46.0,0.4349
1.0,895.0,2.9,648.0,135.0,1001.0,100.0,875.0,839.0,4.4,53.1,0.4484
0.7,837.0,1.1,512.0,95.0,1228.0,79.0,836.0,720.0,3.7,55.8,0.4489
0.5,795.0,1.0,504.0,94.0,1258.0,79.0,840.0,682.0,2.6,58.6,0.4385
0.7,874.0,1.6,552.0,121.0,1162.0,90.0,857.0,723.0,3.2,56.0,0.4364
1.0,920.0,3.2,667.0,131.0,1005.0,95.0,916.0,813.0,3.6,55.4,0.4419
3.0,1257.0,15.9,1176.0,552.0,612.0,169.0,1357.0,1365.0,1.8,63.3,0.4464
4.1,1222.0,18.0,1239.0,672.3693169174835,574.0,199.0,1346.0,1472.0,2.4,60.2,0.4426
3.1,1196.0,14.7,1139.0,530.0,617.0,186.0,1271.0,1497.0,4.6,52.1,0.4472
3.8,1214.0,15.1,1153.0,592.5470361695803,612.0,208.0,1244.0,1626.0,8.2,40.5,0.4414
2.7,1149.0,13.4,1096.0,474.0,639.0,178.0,1219.0,1476.0,10.5,34.7,0.4393
3.1,1166.0,14.5,1134.0,514.0,603.0,194.74337364931674,1227.0,1531.0,11.1,33.3,0.4384
3.1,1170.0,14.7,1138.0,504.0,611.0,177.0,1233.0,1503.0,11.1,32.6,0.4292
3.2,1176.0,17.0,1209.0,508.0,588.0,182.0,1264.0,1488.0,12.4,28.3,0.4076
3.3,1147.0,15.3,1158.0,529.0,615.0,182.0,1200.0,1435.0,12.9,24.5,0.363
4.0,1294.0,21.2,1330.0,676.0,535.0,193.0,1363.0,1725.0,11.4,28.7,0.3865
8.6,1683.0,43.0,1831.0,1006.3919556911619,374.0,240.6801841904339,1964.0,2331.0,9.2,39.3,0.4573
6.516927663853062,1615.0,37.2,1712.0,981.8426144587468,384.0,231.66000886946205,1811.0,2312.0,7.8,48.1,0.5115
3.6,1256.0,16.7,1201.0,582.0,563.0,192.95216237647014,1251.0,1699.0,7.2,50.6,0.517
3.0,1205.0,13.4,1098.0,460.0,610.0,172.0,1170.0,1587.0,6.0,53.3,0.5008
1.9,1087.0,8.7,926.0,340.0,715.0,153.0,1053.0,1390.0,5.3,55.0,0.4921
1.9,1092.0,7.4,875.0,298.0,751.0,143.0,1010.0,1347.0,4.2,58.1,0.4832
1.6,1039.0,6.7,845.0,300.0,775.0,142.0,993.0,1268.0,3.4,60.9,0.4809
1.4,1001.0,5.0,762.0,223.0,850.0,131.0,948.0,1155.0,3.0,60.2,0.4639
1.0,925.0,3.4,677.0,151.0,958.0,105.0,901.0,1024.0,3.2,58.8,0.4578
0.8,880.0,2.5,618.0,125.0,1023.0,87.0,893.0,928.0,3.1,59.7,0.4604
0.9,950.0,3.5,680.0,181.0,936.0,106.0,914.0,1028.0,4.2,57.1,0.4743
1.5,1039.0,6.9,855.0,341.0,783.0,140.0,1025.0,1210.0,3.4,58.5,0.4608
3.1,1284.0,16.8,1204.0,552.0,599.0,167.0,1337.0,1531.0,3.9,57.3,0.4661
5.1,1350.0,20.3,1305.0,737.0514296578052,509.0,175.0,1383.0,1745.0,4.3,56.8,0.4768
5.8,1476.0,25.0,1428.0,825.6223666715874,477.0,222.1291233623049,1536.0,1974.0,5.6,52.9,0.4841
3.8,1342.0,17.2,1215.0,796.0,542.0,212.7535904507245,1332.0,1806.0,5.5,54.9,0.4985
4.4,1488.0,21.4,1336.0,999.0,479.0,211.0,1483.0,1985.0,5.1,64.3,0.5697
5.3458325081317986,1557.0,25.1,1432.0,851.0675832823924,445.0,216.61570340609296,1605.0,2068.0,5.5,66.1,0.601
5.2,1610.0,28.0,1502.0,876.2093520068099,420.0,214.49717483124627,1697.0,2087.0,5.5,69.3,0.6331
5.510372530218267,1583.0,26.1,1457.0,897.3453477118114,431.0,214.00967181497515,1640.0,1994.0,5.0,75.5,0.6667
5.416545804007495,1620.0,24.7,1420.0,885.8965546708279,436.0,214.25313162019629,1598.0,1971.0,5.2,76.2,0.6796
5.676739668802265,1605.0,24.5,1416.0,1099.0,436.0,230.48368945662153,1614.0,1941.0,5.3,77.4,0.6954
4.9,1604.0,27.7,1496.0,939.0,410.0,215.0,1733.0,1969.0,5.0,79.6,0.7022
5.5,1582.0,26.0,1455.0,850.2803271105731,423.0,204.66336337965458,1725.0,1813.0,5.1,83.0,0.7352
4.772119239477496,1523.0,21.7,1342.0,745.0,466.0,184.0,1588.0,1677.0,6.4,82.9,0.8022
1.5,1172.0,6.0,813.0,339.0,774.0,152.0,1233.0,1118.0,10.3,74.0,0.9237
0.1,1021.0,3.3,670.0,135.0,932.0,104.0,1187.0,828.0,11.3,71.8,0.9577
0.2,1125.0,4.9,758.0,167.0,820.0,104.0,1241.0,867.0,9.8,81.9,0.9923
0.9,1197.0,6.6,840.0,232.0,712.0,124.0,1298.0,974.0,9.5,83.8,0.9972
1.0,1174.0,6.7,842.0,273.0,723.0,127.0,1286.0,975.0,9.9,81.0,0.9885
0.4,1106.0,4.4,733.0,165.0,822.0,109.0,1208.0,902.0,9.9,79.8,0.9725
0.1,909.0,2.5,622.0,130.0,1046.0,89.0,992.0,730.0,5.6,69.5,0.6362
0.7,1098.0,7.6,881.0,265.0,760.0,128.0,1203.0,974.0,7.0,64.9,0.6512
1.2,1036.0,7.3,868.0,314.0,732.0,152.0,1158.0,958.0,7.1,65.4,0.6644
0.2,912.0,3.7,692.0,194.0,923.0,128.0,1020.0,713.0,6.4,67.4,0.6537
0.3,965.0,4.6,742.0,193.0,889.0,110.0,1099.0,661.0,8.6,63.3,0.7073
0.6,1009.0,6.7,845.0,263.0,771.0,128.0,1132.0,856.0,10.0,55.0,0.6753
0.2,918.0,4.3,729.0,176.0,904.0,114.0,1014.0,639.0,9.4,53.6,0.6333
0.2,920.0,4.3,729.0,168.0,891.0,110.0,1013.0,647.0,9.2,55.0,0.6402
0.7,923.0,4.1,715.0,170.0,915.0,112.0,1015.0,646.0,8.7,55.1,0.6228
1.8,1021.0,7.6,883.0,234.0,766.0,130.0,1139.0,846.0,8.9,54.4,0.62
2.2,998.0,7.0,858.0,256.0,770.0,142.70675669163066,1109.0,857.0,8.6,53.6,0.5992
2.3,1061.0,9.6,962.0,257.0,721.0,141.0,1167.0,942.0,9.0,50.4,0.5809
2.6,1016.0,7.8,892.0,317.0,758.0,141.0,1109.0,945.0,9.2,49.8,0.5808
1.1,859.0,2.4,611.0,135.0,1053.0,95.0,918.0,562.0,8.8,52.1,0.5918
1.2,945.0,3.9,707.0,159.0,963.0,97.0,1005.0,657.0,8.8,50.9,0.5781
1.8,937.0,4.1,715.0,186.0,896.0,112.0,995.0,723.0,8.7,51.1,0.5755
1.1,876.0,2.5,618.0,102.0,1032.0,74.0,948.0,555.0,8.6,51.5,0.5772
0.9,831.0,1.3,530.0,75.0,1169.0,62.0,893.0,472.0,8.5,51.9,0.5766
0.6,810.0,0.7,470.0,41.0,1315.0,40.0,863.0,412.0,7.8,54.2,0.5755
0.6,822.0,0.9,493.0,50.0,1278.0,45.0,876.0,453.0,7.1,56.0,0.569
0.9,898.0,2.9,646.0,189.0,1013.0,93.0,954.0,702.0,7.0,57.6,0.5784
1.0,909.0,2.7,636.0,182.0,992.0,104.0,947.0,720.0,7.5,55.3,0.5734
3.4,1256.0,14.4,1130.0,636.0,616.0,162.0,1316.0,1311.0,7.0,56.3,0.566
3.9556452321879165,1298.0,17.2,1217.0,704.0,552.0,169.0,1409.0,1444.0,7.6,53.5,0.5605
4.4,1326.0,17.4,1223.0,854.0,547.0,217.62625083302464,1381.0,1613.0,8.3,50.5,0.5558
2.9,1139.0,11.5,1031.0,652.0,649.0,170.0,1181.0,1388.0,12.4,37.1,0.5329
2.6,1135.0,11.9,1047.0,529.0,641.0,151.0,1175.0,1379.0,13.9,32.3,0.5117
2.6,1117.0,12.6,1071.0,438.0,638.0,150.0,1178.0,1289.0,14.4,28.9,0.4723
3.0,1094.0,14.3,1128.0,438.0,626.0,154.0,1191.0,1280.0,14.8,25.4,0.4259
2.3,982.0,10.3,990.0,378.0,745.0,140.0,1018.0,1059.0,15.1,20.8,0.3536
3.0,1107.0,14.5,1134.0,482.0,639.0,167.0,1172.0,1299.0,15.4,23.5,0.4076
4.5,1290.0,21.9,1349.0,674.6787060234409,534.0,204.0,1386.0,1638.0,13.7,28.1,0.4381
5.27035429884287,1445.0,28.5,1516.0,805.2443732129632,455.0,210.0,1594.0,1946.0,11.5,37.5,0.5068
4.3,1357.0,21.2,1330.0,605.0,511.0,182.0,1414.0,1798.0,10.4,42.3,0.5337
3.4,1248.0,16.0,1179.0,472.0,577.0,165.0,1259.0,1609.0,9.9,44.0,0.5381
2.8,1220.0,13.0,1085.0,411.0,618.0,150.0,1205.0,1531.0,8.7,48.3,0.5458
2.1,1137.0,7.0,856.0,264.0,758.0,132.0,1032.0,1338.0,8.1,49.9,0.5417
1.7,1102.0,6.4,829.0,217.0,773.0,120.0,1015.0,1274.0,7.3,52.8,0.5419
1.8,1082.0,5.8,801.0,211.0,780.0,119.0,1035.0,1200.0,8.0,52.2,0.5623
1.6,1053.0,5.6,795.0,179.0,786.0,110.0,1039.0,1143.0,6.8,56.4,0.5609
1.4,1003.0,4.5,740.0,135.0,847.0,94.0,992.0,1048.0,6.7,57.4,0.5654
1.3,1118.0,6.6,841.0,284.0,702.0,117.0,1056.0,1368.0,5.5,66.5,0.6054
1.6,1206.0,9.2,948.0,357.0,628.0,121.0,1129.0,1540.0,5.9,65.8,0.6178
2.4,1256.0,12.2,1056.0,469.0,582.0,138.0,1230.0,1575.0,6.4,63.9,0.6192
4.5,1501.0,22.6,1367.0,727.3358604467275,465.0,174.0,1558.0,1856.0,7.2,62.2,0.6351
5.559458543371906,1578.0,29.0,1527.0,875.0,419.0,179.0,1761.0,2086.0,7.9,60.0,0.6406
4.3,1427.0,19.4,1280.0,800.0,500.0,175.0,1481.0,1948.0,8.3,58.5,0.6403
4.616811652364884,1440.0,20.5,1311.0,815.0,482.0,214.94958568952364,1476.0,2022.0,9.3,54.5,0.6415
4.5,1522.0,22.5,1365.0,841.0,464.0,217.41183773795643,1526.0,2104.0,10.2,53.1,0.6608
4.921177730814008,1517.0,24.0,1403.0,827.0,451.0,198.0,1579.0,2195.0,11.1,51.4,0.679
2.9,1300.0,13.9,1113.0,402.0,573.0,142.0,1291.0,1845.0,12.8,46.9,0.6919
3.0,1401.0,16.8,1204.0,415.0,526.0,139.0,1401.0,1947.0,13.1,48.0,0.7181
3.3,1551.0,20.2,1303.0,435.0,469.0,99.0,1520.0,2171.0,13.5,51.5,0.793
1.4,1411.0,16.4,1191.0,570.0,519.0,135.0,1426.0,1920.0,13.4,51.2,0.7808
2.3,1434.0,18.0,1239.0,530.0,506.0,223.0,1458.0,1835.0,12.1,55.3,0.7777
1.6,1489.0,20.3,1305.0,639.4307757385578,476.0,194.0,1547.0,1919.0,12.0,56.5,0.7924
7.043727353253608,1835.0,38.1,1731.0,937.1329707112534,355.0,244.0,2083.0,2254.0,10.4,64.4,0.8123
6.634261671610432,1804.0,35.7,1679.0,916.7432688095105,370.0,212.45640732950292,2005.0,2210.0,9.4,69.1,0.815
5.069576650893529,1579.0,21.8,1345.0,807.0797751740163,459.0,230.0,1608.0,1961.0,8.9,71.0,0.8115
1.7,1508.0,18.2,1246.0,797.0,496.0,207.0,1498.0,1791.0,8.1,73.8,0.7968
2.6,1535.0,20.1,1300.0,723.527575634316,483.0,186.4963772345251,1524.0,1725.0,7.3,76.8,0.7904
1.6,1395.0,14.4,1131.0,811.0,552.0,187.6579920843385,1362.0,1553.0,7.3,76.7,0.7862
1.5,1392.0,15.1,1153.0,757.0,542.0,198.0,1395.0,1506.0,7.1,77.3,0.7826
0.5,1297.0,11.5,1032.0,388.0,605.0,126.0,1297.0,1300.0,7.0,77.8,0.7848
0.9,1331.0,13.7,1106.0,556.7235330474855,568.0,144.0,1322.0,1383.0,5.7,80.5,0.7416
0.4,1288.0,11.6,1036.0,582.0,590.0,183.0,1242.0,1413.0,5.2,81.4,0.7276
0.5,1322.0,13.2,1091.0,574.0,565.0,193.0,1307.0,1471.0,5.6,80.4,0.7349
0.8,1390.0,15.6,1167.0,588.0,522.0,169.1432724783938,1392.0,1619.0,6.3,78.8,0.7544
1.4,1443.0,16.9,1207.0,645.0,502.0,177.3230592968778,1431.0,1673.0,6.9,76.9,0.7682
1.6,1496.0,18.5,1254.0,696.8568989508002,484.0,217.0,1472.0,1881.0,9.2,67.7,0.79
1.5,1439.0,16.6,1198.0,628.0,502.0,246.0,1426.0,1877.0,11.6,59.8,0.8152
1.0,1432.0,15.0,1150.0,547.0,527.0,204.0,1393.0,1818.0,14.0,52.0,0.8288
1.0,1398.0,15.0,1149.0,461.0,535.0,192.0,1417.0,1699.0,15.0,50.2,0.8495
1.3,1380.0,16.9,1206.0,455.0,515.0,186.0,1500.0,1677.0,14.9,49.9,0.8394
0.1,1022.0,7.0,857.0,244.0,770.0,133.0,1068.0,1088.0,15.8,33.8,0.6034
0.1,987.0,8.6,925.0,310.0,776.0,148.0,1016.0,1066.0,13.4,27.2,0.4157
0.4,1100.0,12.2,1057.0,376.3852218999083,687.0,167.0,1126.0,1241.0,12.2,28.7,0.4077
0.7,1064.0,12.6,1072.0,444.0,704.0,175.0,1103.0,1220.0,11.3,25.7,0.3422
2.7,1316.0,21.1,1327.0,794.0,549.0,224.0,1328.0,1613.0,9.7,31.9,0.3848
2.1,1262.0,16.9,1208.0,596.0908777834971,587.0,197.9963453567036,1219.0,1577.0,8.4,36.5,0.4035
1.3,1259.0,15.1,1152.0,553.5851625878506,610.0,196.0,1165.0,1569.0,8.2,36.8,0.4016
0.8,1166.0,10.1,981.0,451.0,697.0,195.0,993.0,1445.0,8.0,36.0,0.3872
0.1,1127.0,7.6,884.0,248.0,704.0,136.0,1173.0,983.0,4.0,80.4,0.663
0.3,791.0,0.6,459.0,43.0,1421.0,40.0,809.0,390.0,6.6,51.3,0.5026
0.5,836.0,1.2,520.0,86.0,1296.0,67.0,832.0,479.0,7.0,47.2,0.4745
0.6,907.0,2.9,644.0,152.0,1028.0,104.0,902.0,732.0,6.6,47.9,0.4686
1.8,1174.0,11.1,1018.0,341.0,688.0,169.0,1210.0,1149.0,7.2,49.8,0.5061
2.0,1094.0,9.7,967.0,355.0,682.0,160.96330815073662,1147.0,1136.0,6.9,52.8,0.5293
1.4,992.0,5.7,800.0,327.0,797.0,183.0,1007.0,934.0,8.7,46.7,0.5249
0.6,955.0,5.4,783.0,240.0,844.0,151.0,976.0,845.0,10.0,40.6,0.4971
0.5,959.0,5.1,771.0,217.0,852.0,138.0,975.0,808.0,11.8,35.4,0.4877
0.7,981.0,5.8,804.0,191.0,829.0,127.0,997.0,783.0,10.7,37.2,0.4788
1.1,1023.0,8.0,898.0,256.0,759.0,148.0,1034.0,899.0,10.7,33.1,0.4256
1.3,1009.0,7.1,860.0,287.0,787.0,172.0,993.0,922.0,10.6,34.2,0.4375
1.0,1007.0,7.6,884.0,278.0,780.0,163.0,1014.0,951.0,8.9,38.1,0.4341
1.5,1054.0,10.4,992.0,302.0,715.0,180.0,1092.0,1051.0,7.8,39.7,0.4206
1.5,1018.0,8.9,934.0,259.0,740.0,169.0,1014.0,967.0,7.3,42.2,0.4341
1.2,976.0,7.3,870.0,221.0,795.0,152.0,971.0,861.0,6.9,42.5,0.4257
0.3,872.0,3.6,689.0,142.0,970.0,107.0,866.0,631.0,6.6,43.2,0.4247
0.2,869.0,2.9,646.0,180.0,1068.0,115.0,876.0,476.0,4.3,45.9,0.3843
0.7,938.0,5.4,785.0,243.0,853.0,157.0,969.0,704.0,4.2,50.1,0.4168
0.5,951.0,5.1,769.0,236.0,856.0,147.0,1000.0,735.0,3.4,62.7,0.4943
0.4,892.0,3.8,702.0,297.0,935.0,188.0,924.0,735.0,5.0,51.4,0.4534
0.3,876.0,3.9,703.0,235.0,968.0,126.0,892.0,653.0,5.7,44.1,0.4063
0.3,872.0,3.6,686.0,186.0,972.0,114.0,880.0,603.0,5.2,44.5,0.3968
0.4,893.0,4.2,722.0,196.0,932.0,123.0,917.0,645.0,4.7,48.6,0.4194
0.2,879.0,3.6,687.0,167.0,980.0,107.0,914.0,564.0,4.5,51.0,0.4327
0.4,896.0,3.6,689.0,211.0,966.0,121.0,909.0,614.0,5.1,50.1,0.4432
0.4,909.0,3.9,706.0,194.0,928.0,118.0,923.0,658.0,5.0,50.4,0.443
0.7,958.0,4.9,758.0,206.0,858.0,134.0,985.0,719.0,4.3,56.4,0.4721
1.0,984.0,5.8,803.0,211.0,813.0,142.0,1012.0,772.0,4.3,56.7,0.476
1.1,991.0,6.1,814.0,197.0,790.0,133.0,1040.0,812.0,4.3,57.0,0.4771
0.3,881.0,2.8,638.0,139.0,990.0,106.0,910.0,583.0,3.5,60.3,0.4782
0.1,853.0,2.4,616.0,113.0,1071.0,87.0,870.0,491.0,4.1,52.5,0.4351
0.3,896.0,3.3,668.0,227.0,1043.0,136.0,887.0,519.0,3.3,50.2,0.3934
0.6,913.0,4.4,733.0,250.0,902.0,163.0,901.0,681.0,3.5,47.5,0.3778
0.3,871.0,2.8,638.0,219.0,1022.0,143.0,860.0,583.0,4.3,49.4,0.4136
0.1,872.0,3.2,662.0,211.0,1007.0,134.0,874.0,628.0,4.5,48.4,0.4131
0.1,858.0,2.7,634.0,189.0,1053.0,130.0,868.0,566.0,4.3,50.0,0.4199
0.2,876.0,3.5,683.0,180.0,993.0,122.0,894.0,572.0,4.3,49.7,0.4166
0.5,900.0,4.8,751.0,197.0,891.0,129.0,913.0,637.0,4.9,45.3,0.3955
0.3,864.0,3.4,678.0,81.02396657594956,987.0,132.0,866.0,579.0,5.6,42.4,0.3884
0.3,902.0,4.2,721.0,203.0,924.0,133.0,900.0,666.0,5.7,43.1,0.3984
0.3,916.0,4.2,720.0,188.0,912.0,126.0,922.0,707.0,4.8,49.7,0.4305
1.0,1004.0,8.5,918.0,294.0,752.0,177.0,1033.0,990.0,5.1,43.0,0.3821
1.4,1024.0,9.2,945.0,302.0,729.0,185.0,1073.0,1026.0,5.3,44.4,0.397
1.4,1011.0,7.6,884.0,261.0,763.0,169.0,1048.0,910.0,4.9,47.9,0.418
1.1,1006.0,6.2,822.0,232.0,794.0,151.0,1025.0,897.0,4.7,50.8,0.4398
0.4,913.0,2.9,645.0,154.0,966.0,114.0,922.0,651.0,4.6,54.8,0.4704
0.2,905.0,2.5,620.0,120.0,986.0,90.0,904.0,598.0,4.0,56.8,0.4688
0.2,872.0,2.6,628.0,117.0,1009.0,87.0,857.0,560.0,4.2,46.8,0.39
0.2,843.0,2.2,597.0,108.0,1059.0,83.0,808.0,527.0,4.5,42.0,0.3571
0.2,863.0,2.5,622.0,97.0,1025.0,74.0,826.0,574.0,4.1,42.1,0.3487
0.4,778.0,0.3,417.0,27.0,1531.0,26.0,745.0,312.0,4.1,45.9,0.3804
0.5,801.0,0.7,470.0,81.0,1313.0,61.0,762.0,382.0,4.3,42.5,0.3556
0.7,827.0,1.4,533.0,129.0,1198.0,91.0,775.0,488.0,4.6,38.1,0.3267
1.9,1038.0,6.6,837.0,336.0,822.0,184.0,972.0,915.0,4.6,39.4,0.3367
2.4,1040.0,8.4,917.0,335.0,739.0,204.0,1038.0,1021.0,4.8,41.9,0.3634
2.0,980.0,5.5,790.0,318.0,839.0,185.0,934.0,897.0,5.9,40.2,0.376
1.3,912.0,3.5,683.0,201.0,961.0,125.0,872.0,699.0,7.0,38.4,0.3861
1.0,887.0,3.0,649.0,166.0,1009.0,104.0,854.0,588.0,6.6,40.2,0.3944
1.2,922.0,4.1,716.0,192.0,930.0,115.0,893.0,643.0,6.6,41.2,0.4046
1.5,928.0,4.7,748.0,198.0,900.0,126.0,900.0,685.0,7.3,36.8,0.3779
1.3,921.0,4.5,736.0,198.0,921.0,125.0,881.0,673.0,7.3,35.0,0.3584
1.5,905.0,4.7,747.0,223.0,924.0,139.0,850.0,691.0,7.0,33.5,0.3367
1.5,906.0,5.1,769.0,224.0,913.0,142.0,865.0,726.0,6.5,32.4,0.3155
2.1,981.0,7.7,886.0,266.0,819.0,170.0,928.0,912.0,5.7,33.9,0.3131
2.6,1053.0,10.3,987.0,326.0,750.0,195.0,1025.0,1048.0,5.0,36.1,0.3178
3.0,1086.0,11.5,1032.0,343.0,717.0,202.0,1049.0,1136.0,4.7,38.3,0.3306
2.0,967.0,6.0,811.0,243.0,863.0,168.0,911.0,909.0,4.5,39.9,0.339
1.4,902.0,3.6,689.0,177.0,995.0,128.0,838.0,719.0,4.3,41.1,0.3451
1.3,916.0,4.3,725.0,155.0,953.0,115.0,855.0,746.0,4.0,43.1,0.3551
1.2,895.0,3.4,677.0,143.0,999.0,111.0,827.0,700.0,3.7,46.0,0.3701
1.1,866.0,2.4,613.0,124.0,1075.0,97.0,810.0,579.0,3.3,47.4,0.3716
0.9,861.0,2.0,585.0,94.0,1120.0,77.0,807.0,553.0,3.0,49.1,0.3774
0.6,849.0,1.2,522.0,56.0,1158.0,51.0,779.0,467.0,3.6,48.0,0.3835
0.5,818.0,0.9,486.0,58.0,1282.0,49.0,781.0,422.0,4.0,47.8,0.3919
0.6,864.0,1.6,554.0,105.0,1159.0,79.0,819.0,545.0,4.1,48.1,0.3975
0.7,856.0,1.7,559.0,122.0,1138.0,92.0,810.0,556.0,4.1,47.4,0.3926
1.6,1024.0,6.2,823.0,274.0,827.0,167.0,992.0,879.0,4.2,48.7,0.4073
2.2,1050.0,8.2,909.0,342.0,742.0,206.0,1055.0,993.0,4.1,49.8,0.4117
1.8,984.0,6.4,832.0,296.0,822.0,184.0,966.0,892.0,4.3,48.4,0.4043
1.5,990.0,5.9,808.0,279.0,838.0,176.0,975.0,901.0,4.6,49.7,0.4271
1.8,970.0,5.7,798.0,325.0,842.0,149.81769886219595,941.0,874.0,4.5,49.6,0.421
1.4,943.0,5.3,781.0,222.0,871.0,147.0,925.0,722.0,4.4,48.4,0.4087
2.1,994.0,7.3,871.0,279.0,793.0,174.0,997.0,836.0,4.7,47.2,0.4075
1.6,932.0,5.1,767.0,248.0,888.0,167.0,920.0,669.0,4.2,49.5,0.4118
1.3,891.0,3.9,706.0,193.0,949.0,138.0,860.0,600.0,3.4,50.7,0.3991
0.7,793.0,0.8,480.0,70.0,1306.0,60.0,745.0,376.0,1.9,49.7,0.3528
0.5,776.0,0.5,445.0,37.0,1460.0,34.0,737.0,330.0,1.4,53.8,0.3687
0.5,766.0,0.5,448.0,33.0,1494.0,31.0,734.0,321.0,1.0,54.7,0.3657
0.4,774.0,0.6,458.0,43.0,1473.0,37.0,735.0,334.0,1.4,52.3,0.3591
0.5,801.0,0.9,494.0,73.0,1324.0,58.0,754.0,395.0,1.6,51.0,0.3561
0.8,847.0,2.0,586.0,125.0,1163.0,92.0,814.0,473.0,1.4,53.1,0.3642
1.1,874.0,2.8,641.0,154.0,1022.0,110.0,857.0,553.0,1.7,54.1,0.3785
1.1,879.0,2.8,642.0,140.0,1027.0,101.0,836.0,545.0,2.5,51.0,0.3778
1.1,888.0,3.0,652.0,150.0,1025.0,96.0,833.0,547.0,2.9,48.7,0.3706
1.1,873.0,2.4,610.0,139.0,1051.0,102.0,819.0,527.0,3.6,45.8,0.3674
1.1,877.0,2.5,618.0,135.0,1027.0,96.0,830.0,505.0,3.1,48.1,0.3722
1.2,893.0,3.0,653.0,152.0,987.0,102.0,845.0,550.0,3.4,46.6,0.3668
1.0,866.0,2.2,602.0,121.0,1071.0,88.0,809.0,465.0,3.7,45.8,0.3697
1.2,873.0,2.6,629.0,122.0,1049.0,87.0,817.0,467.0,4.4,43.7,0.3688
1.3,911.0,3.4,676.0,167.0,998.0,115.0,855.0,555.0,4.0,44.9,0.3689
1.4,908.0,3.0,653.0,165.0,980.0,118.0,847.0,551.0,3.3,46.8,0.3671
1.3,907.0,3.1,657.0,190.0,981.0,134.0,844.0,569.0,3.1,48.1,0.3707
1.4,925.0,3.4,678.0,176.0,960.0,125.0,861.0,594.0,2.8,49.0,0.37
1.5,920.0,2.9,649.0,196.0,983.0,140.0,849.0,598.0,3.1,47.4,0.3661
1.0,865.0,1.7,561.0,103.0,1102.0,83.0,791.0,434.0,2.9,49.0,0.3725
1.0,867.0,1.6,553.0,91.0,1136.0,73.0,792.0,412.0,2.8,49.1,0.3726
1.1,900.0,2.3,604.0,119.0,1051.0,92.0,815.0,469.0,2.9,49.7,0.3782
1.3,901.0,2.2,599.0,147.0,1023.0,109.0,825.0,515.0,3.8,46.5,0.3762
1.0,863.0,1.7,560.0,101.0,1107.0,82.0,787.0,430.0,3.2,46.9,0.3658
0.6,806.0,0.6,459.0,55.0,1322.0,50.0,728.0,368.0,3.1,44.4,0.342
0.5,801.0,0.6,454.0,51.0,1374.0,44.0,727.0,348.0,3.0,43.4,0.3337
0.4,790.0,0.4,431.0,53.0,1439.0,49.0,722.0,354.0,2.8,43.8,0.3308
0.5,805.0,0.7,465.0,74.0,1358.0,62.0,736.0,382.0,2.7,43.2,0.3259
0.7,843.0,1.2,520.0,113.0,1202.0,85.0,762.0,450.0,3.3,42.3,0.3299
0.8,849.0,1.4,537.0,107.0,1148.0,108.89884591619978,757.0,460.0,4.6,39.0,0.333
0.8,872.0,2.0,583.0,101.0,1126.0,77.0,765.0,441.0,5.6,37.5,0.3426
1.0,890.0,2.0,585.0,129.0,1097.0,92.0,776.0,454.0,7.2,34.2,0.3488
0.9,874.0,1.6,552.0,126.0,1128.0,95.0,760.0,415.0,6.9,35.6,0.3561
0.9,863.0,1.6,553.0,132.0,1133.0,95.0,742.0,419.0,8.2,30.1,0.3281
0.9,840.0,1.8,566.0,101.0,1176.0,76.0,717.0,368.0,7.6,27.9,0.2927
1.0,845.0,1.8,569.0,128.0,1151.0,95.0,709.0,397.0,7.9,25.9,0.2774
1.0,888.0,2.6,625.0,170.0,1062.0,118.0,763.0,510.0,7.8,28.3,0.3017
1.1,845.0,2.0,582.0,174.0,1120.0,123.0,719.0,473.0,6.3,28.8,0.2772
1.2,880.0,2.8,641.0,215.0,1077.0,140.0,759.0,537.0,5.4,30.1,0.2726
1.6,917.0,3.9,708.0,248.0,972.0,163.0,787.0,670.0,5.0,31.1,0.273
1.7,927.0,4.1,715.0,247.0,965.0,144.74913475539506,797.0,711.0,4.6,33.8,0.2898
1.1,868.0,2.4,615.0,154.0,1095.0,120.0,752.0,551.0,4.3,36.6,0.3064
1.3,932.0,3.5,685.0,186.0,996.0,130.0,820.0,670.0,4.0,39.0,0.3203
1.7,971.0,4.6,741.0,231.0,901.0,145.0,864.0,771.0,2.9,42.8,0.3276
1.5,891.0,3.0,650.0,174.0,987.0,126.0,782.0,586.0,3.4,38.9,0.3076
0.8,806.0,1.0,495.0,68.0,1282.0,61.0,685.0,355.0,4.0,36.4,0.2982
0.4,791.0,0.4,435.0,39.0,1486.0,37.0,668.0,292.0,3.7,37.7,0.3024
0.4,787.0,0.3,415.0,39.0,1474.0,37.0,667.0,293.0,3.4,38.9,0.3075
0.4,814.0,0.6,449.0,54.0,1363.0,50.0,674.0,328.0,3.7,37.5,0.3012
0.7,844.0,1.4,538.0,158.0,1164.0,109.0,726.0,479.0,3.7,35.2,0.2833
1.8,1049.0,7.1,863.0,350.0,826.0,198.0,923.0,979.0,3.7,33.9,0.2732
3.6707930189497215,1293.0,15.1,1153.0,584.0,602.0,207.8196142485843,1141.0,1667.0,6.6,34.4,0.3359
2.8,1121.0,12.5,1066.0,536.3410074380972,683.0,256.0,1040.0,1378.0,10.0,22.4,0.2753
3.1,1112.0,12.8,1078.0,560.8010618090725,683.0,261.0,1028.0,1426.0,11.9,18.6,0.2581
2.5,1060.0,11.9,1048.0,414.0,707.0,181.0,983.0,1246.0,12.5,17.2,0.2477
2.7,1056.0,11.7,1040.0,398.0,711.0,194.0,976.0,1187.0,13.2,17.3,0.2606
2.9,1131.0,14.7,1139.0,451.0,643.0,198.28069465435294,1097.0,1363.0,13.5,18.7,0.2872
3.2,1162.0,15.7,1170.0,503.0,618.0,205.41665683111364,1131.0,1425.0,14.1,18.2,0.2908
4.1,1283.0,21.1,1328.0,640.0,552.0,228.0,1294.0,1722.0,13.0,20.3,0.303
6.1,1414.0,27.4,1490.0,843.0,488.0,270.0,1433.0,2051.0,10.4,24.7,0.3116
5.819173128556469,1486.0,30.8,1570.0,954.0,455.0,243.48787511097294,1557.0,2179.0,8.6,29.8,0.3344
5.662450205767052,1523.0,29.2,1533.0,892.8516364179732,456.0,236.19677394127362,1532.0,2214.0,7.3,36.8,0.3771
3.7,1283.0,15.0,1149.0,586.0,587.0,205.29807232296207,1148.0,1799.0,6.3,39.4,0.3795
2.1,1109.0,7.1,863.0,360.0,737.0,208.0,960.0,1527.0,5.4,43.5,0.3922
1.4,1055.0,5.4,782.0,231.0,798.0,161.0,940.0,1377.0,5.1,45.6,0.4056
1.3,1038.0,4.8,756.0,200.0,813.0,146.0,921.0,1317.0,4.2,49.4,0.412
1.1,996.0,3.8,698.0,153.0,871.0,123.0,894.0,1228.0,4.1,50.1,0.415
1.0,995.0,3.5,680.0,135.0,879.0,109.0,904.0,1201.0,4.1,51.5,0.4263
0.8,1042.0,3.6,688.0,196.0,814.0,115.0,935.0,1204.0,2.5,64.8,0.4807
0.9,1042.0,3.8,701.0,208.0,795.0,114.0,945.0,1216.0,1.8,68.9,0.4878
1.1,1024.0,4.2,724.0,241.0,814.0,122.0,944.0,1198.0,2.0,64.9,0.4661
1.6,1147.0,7.7,886.0,417.0,702.0,149.0,1056.0,1381.0,2.2,65.3,0.473
3.7,1496.0,20.0,1298.0,708.9840617479573,492.0,187.0,1441.0,1873.0,3.1,64.0,0.4938
4.8,1541.0,22.1,1353.0,966.0,449.0,233.42968121303193,1492.0,2112.0,3.7,61.7,0.4967
4.1,1491.0,17.2,1215.0,701.1626882603656,503.0,196.0,1343.0,2038.0,4.4,58.8,0.4979
4.5,1533.0,21.4,1334.0,788.0675861683525,466.0,220.99296452673755,1434.0,2118.0,5.8,54.1,0.502
4.5,1507.0,19.8,1292.0,1017.0,479.0,239.94172889149215,1379.0,2110.0,7.3,50.8,0.5226
3.7,1451.0,18.8,1264.0,674.4562207315716,497.0,208.9763260155586,1408.0,1965.0,9.5,47.2,0.5589
4.2,1432.0,18.8,1264.0,602.1695338768592,487.0,179.0,1476.0,1888.0,11.8,44.4,0.6118
3.3,1408.0,16.7,1202.0,492.0,506.0,151.0,1411.0,1774.0,12.7,45.5,0.6648
3.3771369755746825,1377.0,14.4,1129.0,469.8174571468178,540.0,162.0,1392.0,1626.0,13.5,44.8,0.6898
3.6,1454.0,16.3,1190.0,562.0,508.0,165.0,1434.0,1761.0,12.3,48.9,0.6967
3.5,1268.0,14.4,1128.0,539.0,573.0,173.0,1255.0,1533.0,10.8,40.3,0.5201
4.1,1259.0,17.0,1211.0,502.0,559.0,198.34838700009334,1243.0,1531.0,9.4,36.7,0.4324
4.0,1261.0,14.8,1143.0,452.0,595.0,186.0,1208.0,1477.0,8.3,39.5,0.4318
3.3,1133.0,9.8,971.0,357.0,683.0,172.0,1059.0,1332.0,7.8,41.3,0.4389
3.0,1054.0,6.1,818.0,289.0,777.0,160.81407463379801,966.0,1210.0,7.3,43.8,0.4505
2.6,1055.0,5.4,783.0,221.0,805.0,137.0,969.0,1167.0,6.7,47.6,0.4688
2.6,1059.0,4.7,747.0,204.0,820.0,133.0,964.0,1133.0,6.6,51.2,0.5007
2.6,1063.0,5.1,769.0,183.0,807.0,122.0,993.0,1109.0,6.4,52.6,0.5074
2.9,1135.0,6.9,854.0,222.0,722.0,130.0,1065.0,1218.0,5.3,57.8,0.5177
2.5,1058.0,4.8,753.0,210.0,764.0,121.0,986.0,1149.0,3.3,66.8,0.5215
2.0,1040.0,3.6,688.0,185.0,846.0,115.0,920.0,1090.0,3.7,62.9,0.5059
2.2,1069.0,4.5,737.0,257.0,792.0,125.0,946.0,1114.0,2.6,67.5,0.5034
2.4,1042.0,5.2,771.0,297.0,795.0,136.0,941.0,1089.0,3.5,60.9,0.4857
4.0,1322.0,15.1,1151.0,573.0,566.0,174.0,1286.0,1446.0,2.7,63.4,0.4787
6.7,1549.0,27.3,1485.0,874.3138842974375,422.0,226.84447574126364,1638.0,1930.0,2.8,64.2,0.4859
5.6,1416.0,19.6,1285.0,761.2685590655029,501.0,230.0,1390.0,1809.0,5.8,53.1,0.4942
4.3,1337.0,14.8,1143.0,615.756254731285,560.0,209.29670654516934,1236.0,1769.0,9.7,40.1,0.4832
4.0,1281.0,14.5,1132.0,563.7469227948429,577.0,204.0,1206.0,1696.0,12.7,30.0,0.4398
2.6,1037.0,10.1,981.0,388.0,721.0,139.0,1000.0,1086.0,13.7,20.7,0.3221
2.2,1028.0,10.1,983.0,337.0,728.0,133.0,979.0,1048.0,13.7,19.9,0.3114
1.9,984.0,8.3,913.0,326.0,762.0,127.0,930.0,990.0,14.1,18.1,0.2884
1.8,1010.0,9.0,940.0,329.0,759.0,124.0,960.0,1027.0,14.5,18.0,0.2956
3.1,1113.0,13.4,1096.0,465.0,645.0,158.0,1092.0,1359.0,13.2,20.4,0.3074
3.8549350571500094,1253.0,19.5,1284.0,612.0,536.0,171.0,1285.0,1618.0,10.5,25.1,0.3194
5.085047728345965,1400.0,27.8,1499.0,759.0,461.0,193.0,1527.0,1869.0,8.9,31.4,0.3597
5.9,1470.0,31.4,1584.0,823.2263479104407,436.0,195.0,1641.0,2033.0,8.2,36.2,0.3953
4.1,1281.0,15.6,1168.0,655.0,571.0,212.10728147149368,1195.0,1756.0,6.7,39.6,0.3906
1.8,1084.0,7.0,855.0,332.0,748.0,193.0,939.0,1446.0,5.8,42.0,0.3904
1.7,1097.0,7.8,892.0,287.0,719.0,167.0,979.0,1423.0,4.9,45.9,0.3999
1.7,1032.0,5.6,791.0,242.0,793.0,150.73005069190876,915.0,1278.0,4.5,47.9,0.4079
1.5,1046.0,6.0,812.0,242.0,782.0,148.82194321109418,940.0,1265.0,3.9,51.6,0.4226
1.1,975.0,3.9,707.0,192.0,860.0,128.0,902.0,1107.0,3.4,54.7,0.4323
0.3,932.0,2.9,645.0,142.0,916.0,105.0,882.0,1006.0,1.2,63.7,0.4327
0.4,937.0,2.8,640.0,194.0,923.0,130.0,870.0,1010.0,2.1,60.3,0.4368
0.6,996.0,4.2,724.0,216.0,861.0,134.0,938.0,1067.0,1.3,63.1,0.4322
3.0,1382.0,16.7,1202.0,728.0,534.0,204.55447521231844,1352.0,1630.0,1.3,64.8,0.441
5.6,1544.0,29.1,1530.0,842.0783153445954,416.0,221.08635304100557,1706.0,2030.0,2.1,62.2,0.4491
4.9,1429.0,20.7,1317.0,738.9066927763492,495.0,217.7811208300329,1425.0,1916.0,5.1,50.8,0.4499
3.5,1312.0,15.5,1164.0,790.0,570.0,219.591038211858,1230.0,1761.0,8.5,39.7,0.4425
2.2,1205.0,10.3,989.0,443.26404692875695,643.0,188.07358808262808,1084.0,1597.0,11.5,33.0,0.4476
2.7,1322.0,13.8,1110.0,565.0,568.0,202.9049743113279,1208.0,1776.0,12.2,34.3,0.4864
2.7,1301.0,12.7,1074.0,532.0,574.0,214.0,1255.0,1636.0,13.5,35.0,0.5396
2.1,1280.0,11.4,1030.0,459.0,597.0,174.0,1246.0,1480.0,14.9,34.9,0.5869
2.0,1256.0,10.2,986.0,407.0,612.0,180.9163204740028,1240.0,1413.0,15.7,34.5,0.6111
2.4,1358.0,14.3,1128.0,446.98462692440825,545.0,170.0,1344.0,1611.0,14.7,37.2,0.618
6.7,1713.0,32.4,1605.0,802.8307389374231,383.0,212.0,1870.0,2186.0,12.2,44.8,0.6342
5.754094915431094,1655.0,29.0,1527.0,824.5597201901546,393.0,221.17591582753568,1758.0,2203.0,10.3,52.4,0.6578
3.9,1444.0,17.6,1227.0,670.9423070646629,485.0,203.63151057330302,1414.0,1891.0,9.3,55.5,0.6503
2.7,1314.0,12.6,1069.0,471.0,571.0,216.0,1271.0,1662.0,8.3,57.6,0.6304
3.0,1368.0,15.5,1164.0,652.2829278620839,524.0,217.0,1350.0,1674.0,6.3,65.1,0.6237
2.1,1195.0,9.1,943.0,378.0,645.0,203.0,1149.0,1462.0,6.5,63.1,0.6132
1.2,1083.0,6.4,828.0,235.0,734.0,161.0,1067.0,1273.0,6.0,62.7,0.589
1.2,1055.0,5.1,771.0,217.0,781.0,147.0,1030.0,1174.0,5.1,65.4,0.5797
0.7,973.0,3.3,672.0,141.0,887.0,111.0,954.0,1031.0,4.7,64.6,0.5568
0.8,949.0,3.1,657.0,158.0,895.0,115.0,948.0,991.0,5.0,63.5,0.5575
0.4,920.0,2.2,601.0,87.0,974.0,80.0,920.0,925.0,3.9,65.5,0.5367
0.7,989.0,3.9,703.0,194.0,843.0,122.0,988.0,1017.0,1.8,74.5,0.5271
1.4,1100.0,6.9,854.0,401.0,714.0,186.0,1075.0,1187.0,1.8,73.7,0.5198
4.0,1411.0,19.7,1288.0,887.0,492.0,215.04924733658797,1472.0,1638.0,2.3,70.9,0.5182
3.9,1328.0,20.1,1300.0,654.0,499.0,197.58840759745914,1405.0,1672.0,4.4,61.1,0.5176
3.1,1308.0,16.3,1189.0,566.0,534.0,194.21228691739435,1325.0,1656.0,7.7,49.8,0.5267
3.2,1280.0,14.3,1127.0,649.0,558.0,207.41135036935646,1277.0,1641.0,12.1,36.9,0.5212
1.5,1056.0,7.0,857.0,309.0,735.0,169.0,1028.0,1117.0,15.0,28.5,0.4821
1.2,1019.0,6.3,825.0,229.0,781.0,138.0,994.0,901.0,14.5,28.3,0.4665
1.9,1084.0,8.6,923.0,312.0,712.0,149.0,1085.0,1046.0,12.9,31.8,0.4707
1.5,998.0,6.6,841.0,276.0,792.0,165.0,979.0,884.0,12.1,32.3,0.4548
1.4,987.0,6.1,816.0,236.0,816.0,156.0,959.0,821.0,11.3,33.5,0.4476
1.9,1079.0,8.8,932.0,312.0,719.0,168.09563144795877,1018.0,1056.0,11.4,32.6,0.4373
2.2,1096.0,9.4,954.0,345.0,687.0,197.0,1085.0,1139.0,9.1,37.8,0.4372
3.0,1146.0,11.8,1043.0,386.0,639.0,204.0,1169.0,1248.0,8.1,41.0,0.4458
2.6,1125.0,11.3,1025.0,356.0,653.0,207.0,1147.0,1200.0,7.7,41.9,0.4409
2.8,1130.0,9.7,968.0,436.11812134184214,680.0,208.0,1102.0,1220.0,7.1,43.9,0.4433
1.6,1017.0,5.8,805.0,287.0,807.0,174.0,958.0,1032.0,6.3,45.8,0.4408
1.3,1017.0,5.3,776.0,239.0,843.0,157.0,946.0,971.0,6.0,46.1,0.4351
1.6,1041.0,5.3,778.0,271.54397719165803,828.0,166.0,947.0,1011.0,5.5,49.0,0.4471
1.5,1034.0,5.1,769.0,261.0,816.0,167.0,952.0,1049.0,4.9,52.0,0.4548
1.3,1009.0,4.8,751.0,223.0,828.0,154.0,939.0,1053.0,4.1,54.7,0.4536
2.0,1084.0,7.0,859.0,272.0,703.0,164.0,1017.0,1163.0,1.5,66.2,0.4571
1.3,989.0,4.4,731.0,226.0,815.0,149.0,936.0,1018.0,1.0,67.7,0.4523
0.9,1047.0,5.6,792.0,250.0,757.0,150.0,957.0,1121.0,0.8,69.9,0.4591
1.4,1091.0,7.3,868.0,402.0,705.0,205.0,1021.0,1200.0,1.3,67.2,0.4598
3.1,1263.0,12.7,1074.0,708.0,614.0,283.0,1198.0,1403.0,2.0,63.6,0.4564
4.1,1165.0,11.3,1024.0,533.5688289472861,646.0,189.49748741871008,1134.0,1365.0,4.1,52.7,0.4345
1.3,966.0,4.9,760.0,302.0,877.0,200.0,890.0,940.0,7.5,39.2,0.4091
0.9,927.0,3.8,702.0,210.0,932.0,147.0,847.0,750.0,9.0,34.5,0.398
1.0,909.0,3.4,678.0,180.0,960.0,133.1189128085315,838.0,652.0,9.2,34.5,0.4025
1.0,941.0,4.2,723.0,165.0,922.0,121.0,880.0,643.0,9.3,33.8,0.3981
1.1,903.0,3.7,696.0,180.0,932.0,129.0,850.0,629.0,9.3,33.1,0.3874
0.8,891.0,3.3,668.0,147.0,991.0,110.0,819.0,549.0,9.7,30.8,0.3716
1.0,904.0,3.4,674.0,177.0,968.0,126.0,824.0,578.0,9.6,31.1,0.3718
0.9,900.0,3.1,659.0,157.0,990.0,121.0,807.0,582.0,8.6,32.8,0.3669
0.9,926.0,4.3,725.0,195.0,933.0,142.0,847.0,694.0,7.2,35.0,0.3567
1.6,999.0,6.2,821.0,263.0,846.0,174.0,915.0,926.0,6.4,36.8,0.3566
1.4,994.0,5.2,774.0,239.0,854.0,168.0,917.0,915.0,6.0,40.2,0.3773
1.4,1010.0,5.8,801.0,267.0,826.0,180.0,944.0,986.0,5.5,42.6,0.3874
1.1,938.0,3.5,685.0,214.0,934.0,157.0,870.0,840.0,4.9,43.7,0.3809
1.2,983.0,4.9,760.0,236.0,869.0,162.0,898.0,939.0,4.2,43.2,0.3605
1.8,963.0,4.7,749.0,251.0,900.0,173.0,834.0,869.0,4.0,39.2,0.3228
1.4,962.0,4.9,756.0,255.0,902.0,176.0,843.0,908.0,3.7,40.1,0.323
1.4,980.0,5.0,761.0,235.0,854.0,172.0,876.0,1051.0,3.1,47.1,0.3638
0.8,854.0,1.8,572.0,95.0,1070.0,88.0,788.0,793.0,1.2,51.9,0.3515
0.7,838.0,1.3,531.0,95.0,1146.0,101.37100583600451,774.0,753.0,1.0,52.2,0.3489
0.7,831.0,1.5,543.0,100.0,1132.0,88.0,787.0,737.0,0.6,53.3,0.3467
0.6,833.0,1.3,526.0,110.0,1169.0,94.0,771.0,722.0,0.8,52.8,0.3468
0.8,870.0,2.0,582.0,149.0,1091.0,115.0,791.0,737.0,0.3,53.7,0.3424
1.3,984.0,4.3,727.0,197.0,891.0,137.0,908.0,913.0,4.1,42.9,0.3551
2.0,1065.0,6.7,844.0,351.0,780.0,212.0,979.0,1117.0,8.0,33.3,0.3591
1.5078706473232326,968.0,4.6,743.0,249.0,886.0,173.0,840.0,774.0,10.7,25.2,0.3242
1.2,911.0,3.5,683.0,188.0,981.0,135.0,790.0,558.0,11.1,23.5,0.3105
1.0,868.0,2.1,590.0,127.0,1081.0,100.0,753.0,420.0,10.6,26.0,0.332
0.8,868.0,1.9,576.0,96.0,1128.0,78.0,755.0,363.0,10.3,27.7,0.3481
1.0,904.0,2.7,633.0,138.0,1040.0,100.0,789.0,410.0,10.2,28.3,0.3516
1.4,944.0,3.7,693.0,217.0,928.0,150.0,832.0,568.0,9.2,29.9,0.3479
1.1,925.0,2.9,649.0,186.0,1003.0,131.08607104522196,819.0,570.0,6.9,36.4,0.3635
1.6,985.0,4.5,736.0,227.0,891.0,165.0,875.0,774.0,6.0,38.0,0.3584
1.8,1002.0,5.3,780.0,252.0,855.0,179.0,892.0,857.0,5.8,36.4,0.3385
1.4,938.0,3.7,692.0,193.0,937.0,149.0,805.0,737.0,5.8,35.4,0.3286
1.1,896.0,2.6,627.0,158.0,1033.0,126.0,782.0,610.0,5.4,36.6,0.3304
1.0,907.0,2.4,614.0,150.0,1052.0,120.0,782.0,627.0,5.1,37.9,0.3358
1.1,902.0,2.4,613.0,130.0,1049.0,110.0,777.0,566.0,4.8,38.0,0.33
1.0,885.0,2.0,582.0,104.0,1072.0,92.0,760.0,517.0,4.5,38.1,0.3249
0.8,863.0,1.5,545.0,86.0,1119.0,78.0,749.0,484.0,4.3,38.1,0.3207
0.6,852.0,0.8,482.0,67.0,1187.0,65.0,726.0,496.0,3.8,41.0,0.3327
0.6,879.0,1.0,495.0,75.0,1147.0,73.0,753.0,623.0,3.3,44.6,0.3499
0.6,900.0,1.3,525.0,97.0,1090.0,85.0,780.0,696.0,3.6,44.5,0.3574
0.8,963.0,2.4,615.0,177.0,980.0,133.0,837.0,916.0,3.4,47.0,0.3713
2.3,1183.0,8.7,929.0,433.0,675.0,179.4808154114603,1037.0,1309.0,2.9,49.5,0.3775
2.8,1161.0,10.5,996.0,543.9665057419561,639.0,281.0,1067.0,1396.0,5.6,40.5,0.3704
2.1,1102.0,7.9,896.0,346.0,720.0,222.0,969.0,1226.0,7.5,33.8,0.352
1.7,1029.0,6.5,835.0,262.0,771.0,182.0,897.0,1002.0,10.8,25.2,0.3251
1.4,973.0,5.7,797.0,221.0,845.0,154.0,845.0,769.0,12.9,20.6,0.3045
1.6,981.0,6.2,820.0,265.0,807.0,168.0,876.0,784.0,12.2,21.4,0.3033
1.4,960.0,5.4,784.0,219.0,842.0,149.0,868.0,643.0,12.0,21.9,0.3069
1.3,973.0,4.9,761.0,235.0,862.0,156.0,865.0,682.0,12.2,24.0,0.3392
1.4,968.0,5.0,765.0,227.0,843.0,156.0,863.0,692.0,12.0,24.3,0.3393
1.7,1022.0,6.9,854.0,285.0,771.0,166.62814371508625,941.0,926.0,10.5,27.8,0.3525
1.9,1067.0,7.5,879.0,291.0,740.0,194.0,989.0,996.0,8.7,33.9,0.3832
2.3,1101.0,8.2,908.0,295.0,707.0,204.0,1025.0,1095.0,7.8,37.6,0.4004
2.0,1081.0,7.7,885.0,243.0,720.0,174.0,1017.0,1058.0,7.2,39.4,0.4032
1.6,988.0,4.5,738.0,209.0,843.0,146.63971955711594,906.0,893.0,7.1,39.6,0.4019
1.0,932.0,2.7,630.0,147.0,980.0,117.0,842.0,681.0,7.1,39.6,0.4001
0.9,923.0,2.3,602.0,117.0,1028.0,98.0,831.0,599.0,7.2,39.3,0.4004
0.9,915.0,2.1,589.0,105.0,1045.0,90.0,813.0,550.0,6.9,39.6,0.3966
0.9,879.0,1.4,534.0,84.0,1129.0,74.0,785.0,470.0,7.0,39.8,0.4006
0.5,852.0,0.8,479.0,51.0,1275.0,49.0,761.0,375.0,7.1,40.5,0.409
0.5,878.0,1.0,496.0,54.0,1182.0,54.0,782.0,451.0,6.0,42.9,0.404
0.6,910.0,1.3,524.0,74.0,1102.0,69.0,802.0,600.0,6.4,42.7,0.4126
0.6,918.0,1.6,551.0,114.0,1062.0,92.0,817.0,712.0,6.1,43.6,0.4129
1.0,991.0,3.0,653.0,228.0,944.0,146.0,885.0,931.0,5.9,45.1,0.4211
2.1,1223.0,10.0,979.0,455.0,658.0,224.0,1120.0,1332.0,6.0,46.4,0.4367
2.9,1277.0,15.1,1153.0,493.0,543.0,194.36246593077067,1268.0,1520.0,6.6,43.7,0.4273
2.2,1114.0,8.6,922.0,410.0,689.0,225.0,1022.0,1223.0,8.7,36.3,0.4074
1.6,1088.0,6.9,853.0,277.0,729.0,180.0,996.0,1122.0,10.5,33.4,0.4246
1.8,1064.0,7.6,881.0,340.0,727.0,194.0,979.0,1099.0,11.4,27.8,0.3748
1.5,1047.0,6.9,854.0,238.0,753.0,158.0,959.0,904.0,12.7,27.4,0.4011
2.2,1075.0,8.5,920.0,323.0,726.0,184.0,992.0,1022.0,13.3,23.3,0.354
1.534132564097829,973.0,5.3,777.0,286.0,858.0,165.0,844.0,719.0,13.9,20.7,0.3271
1.5,942.0,4.4,733.0,271.0,912.0,156.0,800.0,609.0,13.6,20.0,0.3093
4.0,1521.0,16.8,1203.0,647.5318516637072,476.0,207.0,1400.0,2141.0,8.5,50.9,0.5664
4.0,1428.0,13.0,1085.0,550.0,526.0,213.0,1268.0,2023.0,8.3,53.3,0.5843
3.6,1463.0,12.6,1069.0,422.0,530.0,192.0,1279.0,1967.0,7.1,58.1,0.5885
4.2,1494.0,14.2,1124.0,541.0,504.0,211.0,1313.0,1931.0,5.8,64.3,0.5964
4.3,1462.0,12.9,1080.0,599.0,522.0,199.49108523040664,1274.0,1889.0,5.3,66.8,0.5979
3.6,1326.0,9.7,967.0,546.9675750464677,578.0,188.3918252899195,1174.0,1699.0,5.0,66.6,0.5871
1.4,1175.0,6.6,839.0,214.0,670.0,136.0,1087.0,1371.0,4.1,69.0,0.5735
1.4,1203.0,7.3,870.0,274.0,641.0,156.0,1103.0,1427.0,4.6,67.6,0.5778
1.6,1250.0,8.8,933.0,338.0,620.0,176.0,1144.0,1489.0,5.2,65.5,0.5836
2.3,1321.0,11.9,1046.0,496.0,562.0,180.243574518968,1263.0,1610.0,6.0,62.8,0.5929
2.4,1323.0,12.0,1049.0,433.0,550.0,207.0,1290.0,1619.0,7.1,59.3,0.6005
2.7,1381.0,11.9,1045.0,496.0,541.0,221.0,1307.0,1706.0,7.8,58.0,0.6136
4.176869362517333,1480.0,16.2,1186.0,615.0,498.0,229.0,1382.0,1882.0,9.0,54.7,0.6271
3.1,1485.0,17.6,1229.0,551.0,477.0,208.0,1450.0,1911.0,10.0,53.1,0.6495
3.6,1522.0,17.6,1229.0,575.0,470.0,207.0,1488.0,1943.0,10.8,52.0,0.6738
3.8,1570.0,17.5,1224.0,575.0,468.0,216.0,1448.0,2020.0,11.0,51.4,0.6746
3.3,1507.0,15.7,1170.0,574.0,488.0,224.0,1392.0,1999.0,11.0,51.4,0.6725
3.4,1540.0,16.7,1202.0,582.0,475.0,225.0,1440.0,2008.0,10.9,52.0,0.6796
3.7,1556.0,17.1,1214.0,658.0,472.0,227.0,1435.0,2026.0,11.1,52.0,0.6869
4.6,1707.0,23.0,1378.0,731.3338109305527,416.0,215.394164311691,1637.0,2225.0,11.0,53.6,0.7033
5.0,1766.0,24.6,1419.0,817.928756641954,404.0,251.0,1659.0,2317.0,11.0,55.1,0.7221
5.7,1846.0,26.8,1474.0,882.0634635779345,389.0,265.0,1712.0,2426.0,11.4,55.4,0.7471
5.2,1795.0,23.2,1382.0,807.3930729564652,410.0,222.26474874716374,1609.0,2355.0,11.1,56.9,0.7506
5.0,1755.0,22.0,1352.0,818.1029233240355,417.0,241.0,1587.0,2375.0,10.2,60.0,0.7461
4.5,1738.0,20.4,1309.0,784.6075372167328,424.0,219.00052639358634,1543.0,2494.0,10.1,59.9,0.7379
4.1,1712.0,18.0,1239.0,671.0,443.0,229.0,1488.0,2411.0,9.9,63.2,0.7706
4.1,1751.0,18.5,1255.0,767.8369231943053,435.0,221.0,1541.0,2226.0,9.4,73.4,0.8662
3.1,1574.0,13.3,1093.0,478.0,497.0,180.0,1451.0,1808.0,9.4,77.7,0.9203
2.8,1515.0,12.5,1066.0,345.0,508.0,140.0,1430.0,1548.0,8.9,81.3,0.9277
2.9,1491.0,11.5,1031.0,373.0,515.0,153.0,1387.0,1541.0,8.5,82.9,0.9243
2.6,1453.0,10.9,1012.0,324.0,534.0,150.0,1348.0,1441.0,8.3,84.0,0.9234
2.6,1443.0,10.7,1003.0,341.0,542.0,145.0,1356.0,1396.0,8.1,85.0,0.9221
2.8,1473.0,11.9,1047.0,424.0,522.0,149.0,1420.0,1411.0,8.7,83.7,0.9423
3.3,1548.0,13.4,1097.0,522.0,491.0,155.0,1477.0,1497.0,9.5,82.4,0.976
3.2,1586.0,13.0,1084.0,492.0,495.0,167.87028585237996,1473.0,1619.0,11.0,78.2,1.022
3.353579293899565,1488.0,11.2,1023.0,492.0,533.0,188.0,1456.0,1590.0,14.1,67.9,1.0859
1.5,1220.0,5.5,787.0,204.0,675.0,154.0,1310.0,1163.0,16.3,56.6,1.0422
1.2,1198.0,4.9,758.0,142.0,698.0,107.0,1277.0,1001.0,18.7,48.0,1.0259
1.1,1168.0,6.5,836.0,118.0,666.0,92.0,1278.0,822.0,19.5,39.3,0.882
1.7,1149.0,8.4,917.0,111.75382049778354,616.0,106.0,1293.0,773.0,19.9,34.1,0.782
1.0,1052.0,4.4,734.0,115.0,799.0,90.0,1109.0,588.0,19.4,32.4,0.7239
1.0,1053.0,4.3,727.0,137.0,789.0,100.0,1081.0,610.0,17.1,35.8,0.6944
2.6,1238.0,11.6,1037.0,212.0,583.0,132.0,1388.0,1000.0,15.5,40.7,0.7103
2.5,1188.0,9.0,939.0,354.0,658.0,211.0,1234.0,1048.0,14.8,42.8,0.7182
2.1,1150.0,7.8,891.0,331.0,684.0,179.0,1198.0,1002.0,13.9,43.8,0.6937
1.0,984.0,3.7,694.0,141.0,881.0,116.0,1032.0,711.0,13.7,42.9,0.6687
1.3,1111.0,5.3,777.0,228.0,760.0,143.0,1137.0,1024.0,12.5,47.8,0.6877
1.5,1131.0,5.6,793.0,228.0,728.0,142.0,1173.0,1054.0,11.8,53.4,0.7366
1.4,1115.0,5.3,778.0,203.0,749.0,135.0,1158.0,994.0,10.9,55.9,0.7312
1.6,1133.0,6.0,811.0,215.0,708.0,136.0,1182.0,1031.0,10.1,58.9,0.7301
1.1,1024.0,4.0,709.0,142.0,798.0,109.0,1120.0,884.0,9.8,61.2,0.7413
0.5,923.0,1.8,567.0,66.0,994.0,62.0,1024.0,688.0,8.3,67.2,0.7382
0.4,902.0,1.5,548.0,54.0,1063.0,49.0,1024.0,617.0,7.7,68.9,0.728
0.7,995.0,2.9,646.0,121.0,895.0,81.0,1053.0,818.0,6.9,70.0,0.6997
0.7,858.0,2.2,597.0,141.0,1054.0,104.0,857.0,690.0,9.0,37.3,0.4297
2.3,1233.0,11.4,1030.0,388.0,619.0,175.85694986120717,1257.0,1291.0,9.4,44.9,0.5296
2.5,1140.0,9.5,958.0,366.0,627.0,193.0,1175.0,1200.0,10.3,45.4,0.5666
1.7,1096.0,11.6,1036.0,254.0,635.0,168.0,1043.0,1127.0,11.5,39.6,0.5372
2.5,1295.0,33.9,1639.0,164.0,477.0,123.0,1013.0,1582.0,11.7,36.9,0.506
2.1,926.0,7.6,882.0,142.0,744.0,111.0,913.0,700.0,11.8,36.2,0.4999
1.1,970.0,7.0,857.0,162.0,748.0,120.0,990.0,693.0,12.0,38.7,0.5402
1.3,960.0,6.9,853.0,177.0,782.0,123.0,967.0,709.0,13.7,30.3,0.4724
1.1,941.0,5.8,800.0,157.0,823.0,115.0,917.0,671.0,12.6,30.6,0.4443
1.1,921.0,5.2,771.0,162.0,850.0,120.0,885.0,632.0,13.0,27.4,0.4085
1.4,940.0,6.4,829.0,209.0,823.0,140.0,901.0,716.0,13.6,22.7,0.3529
2.3,1036.0,11.9,1046.0,304.0,694.0,185.0,1044.0,1059.0,11.8,23.0,0.3171
4.2,1102.0,17.4,1221.0,484.0,609.0,203.98485438013805,1136.0,1329.0,10.7,19.9,0.2547
3.5,1035.0,14.7,1141.0,399.0,670.0,200.0,1018.0,1196.0,10.4,18.0,0.2269
3.0,990.0,10.0,978.0,430.70946869811667,751.0,191.0,928.0,1131.0,9.7,20.6,0.2488
1.7,950.0,6.6,839.0,287.0,834.0,169.0,878.0,977.0,9.4,24.8,0.2923
1.6,988.0,6.6,839.0,202.0,803.0,139.0,936.0,963.0,8.8,31.2,0.3533
1.0,884.0,3.1,658.0,126.0,982.0,102.0,813.0,581.0,8.7,31.2,0.3521
0.8,840.0,2.2,597.0,87.0,1081.0,76.0,766.0,432.0,8.5,30.4,0.3391
0.6,814.0,1.3,526.0,59.0,1228.0,56.0,740.0,352.0,8.0,32.9,0.353
0.3,805.0,0.5,437.0,28.0,1491.0,28.0,738.0,296.0,6.9,39.8,0.3966
0.4,850.0,1.3,529.0,64.0,1183.0,56.0,780.0,385.0,6.1,40.8,0.3868
0.5,913.0,2.5,619.0,123.0,1018.0,94.0,834.0,586.0,6.0,41.5,0.3896
1.5,1047.0,6.7,844.0,363.0,784.0,196.0,979.0,987.0,6.1,39.9,0.3781
2.1,1055.0,8.0,899.0,416.0,731.0,220.0,1017.0,1035.0,6.5,39.5,0.3865
1.6,974.0,5.3,778.0,286.0,832.0,168.0,905.0,782.0,9.4,32.7,0.3855
1.0,863.0,3.3,669.0,198.0,993.0,133.0,776.0,511.0,11.3,24.9,0.3318
1.2,889.0,4.4,734.0,216.0,942.0,134.0,801.0,566.0,12.8,19.8,0.2933
1.3,906.0,5.5,790.0,211.0,893.0,138.0,837.0,642.0,12.3,19.3,0.274
1.4,874.0,4.8,751.0,199.0,918.0,135.0,792.0,591.0,12.0,19.3,0.2716
1.0,849.0,3.5,680.0,161.0,1015.0,111.0,741.0,461.0,11.9,19.2,0.2677
1.4,923.0,4.9,761.0,218.0,909.0,124.0,840.0,609.0,12.1,20.7,0.2906
1.5,962.0,6.6,841.0,252.0,827.0,158.0,901.0,821.0,11.5,22.1,0.2987
2.4,1067.0,12.3,1059.0,337.0,671.0,181.0,1085.0,1163.0,10.4,23.1,0.2905
2.8,1125.0,14.1,1121.0,357.0,630.0,185.0,1132.0,1405.0,9.5,25.2,0.2996
3.1,1149.0,14.2,1124.0,410.0,623.0,187.0,1141.0,1405.0,8.9,26.9,0.3069
3.1,1155.0,11.6,1034.0,445.0,648.0,196.0,1061.0,1429.0,8.2,30.1,0.327
2.0,1065.0,8.2,908.0,314.0,741.0,174.0,953.0,1284.0,7.4,31.8,0.3287
2.1,1145.0,9.2,946.0,366.0,699.0,182.0,1015.0,1409.0,6.6,37.5,0.3664
1.9,1134.0,8.3,912.0,336.0,707.0,182.0,999.0,1376.0,6.3,40.1,0.3842
2.5,1195.0,10.7,1004.0,387.0,652.0,193.0,1078.0,1421.0,5.2,44.2,0.3943
2.0,1141.0,8.0,898.0,320.0,689.0,174.0,1014.0,1356.0,4.4,47.5,0.4017
1.1,1052.0,4.5,740.0,237.0,768.0,142.0,913.0,1202.0,3.3,52.2,0.4074
0.8,1033.0,3.8,701.0,224.0,782.0,137.0,883.0,1206.0,3.2,52.4,0.4071
0.9,1080.0,5.1,768.0,237.0,732.0,140.0,924.0,1305.0,3.6,51.7,0.4123
1.6,1208.0,8.8,931.0,454.0,622.0,201.0,1052.0,1485.0,3.5,54.2,0.4297
3.6,1363.0,16.1,1183.0,619.4217278496303,520.0,207.25768712215788,1273.0,1643.0,5.2,48.3,0.4304
3.349890425030248,1239.0,13.4,1096.0,490.94057057017767,577.0,197.8315018604639,1211.0,1459.0,7.8,37.6,0.3994
2.1,1044.0,9.0,940.0,428.0,706.0,206.0,1014.0,1152.0,8.9,33.8,0.385
1.3,956.0,5.0,761.0,205.0,849.0,98.0,887.0,885.0,9.1,33.0,0.3827
1.1,955.0,4.3,725.0,205.0,890.0,138.0,880.0,770.0,9.1,34.5,0.3994
1.5,997.0,6.3,825.0,226.0,790.0,139.0,948.0,852.0,9.6,31.3,0.3763
1.5,987.0,6.0,810.0,199.0,801.0,137.0,939.0,830.0,8.5,36.3,0.4026
1.6,1007.0,5.7,798.0,253.0,793.0,155.0,942.0,867.0,9.3,34.6,0.405
1.5,1025.0,5.6,795.0,259.0,783.0,155.39342818529363,967.0,881.0,8.9,37.9,0.4318
1.6,1083.0,7.0,856.0,252.0,720.0,148.0,1010.0,975.0,8.2,41.8,0.4563
2.2,1143.0,9.5,960.0,313.0,641.0,153.0,1110.0,1136.0,7.4,44.5,0.4582
3.539160713317116,1288.0,15.9,1178.0,433.0,539.0,171.0,1300.0,1434.0,7.0,43.4,0.4366
5.6,1464.0,24.7,1421.0,736.8418427642462,457.0,227.0,1542.0,1746.0,6.6,43.4,0.4241
5.2,1341.0,16.8,1204.0,626.0,534.0,251.0,1294.0,1592.0,5.9,44.3,0.4137
2.8,1177.0,10.7,1004.0,408.0,640.0,216.0,1111.0,1341.0,5.0,46.6,0.4099
2.4,1089.0,8.3,913.0,357.0,712.0,200.0,1016.0,1208.0,5.8,40.3,0.374
2.7,1196.0,11.0,1014.0,375.0,643.0,192.0,1101.0,1334.0,5.4,43.8,0.3945
2.6,1107.0,7.4,874.0,326.0,721.0,170.41988071377224,984.0,1208.0,5.7,42.1,0.3883
2.3,1102.0,7.9,897.0,326.0,715.0,173.0,1024.0,1196.0,5.7,42.1,0.3885
0.6,912.0,1.7,559.0,72.0,1016.0,64.0,837.0,656.0,5.7,46.6,0.4298
0.5,883.0,1.0,496.0,49.0,1140.0,46.0,804.0,478.0,6.9,45.0,0.4499
0.5,893.0,1.1,507.0,59.0,1111.0,51.0,794.0,489.0,6.9,42.2,0.4224
1.0,1033.0,4.0,711.0,220.0,893.0,115.0,935.0,893.0,6.4,43.8,0.423
2.6,1222.0,9.7,966.0,602.0,636.0,238.0,1134.0,1322.0,6.6,44.6,0.4383
2.7,1190.0,10.6,1000.0,485.0,624.0,188.64753184700862,1152.0,1280.0,7.7,42.1,0.444
1.8,1035.0,5.4,783.0,295.0,794.0,167.0,969.0,943.0,10.1,36.7,0.4536
1.2,990.0,3.9,705.0,217.0,873.0,139.0,913.0,772.0,9.0,41.4,0.4775
1.3,1011.0,4.4,732.0,236.0,830.0,147.0,944.0,826.0,8.7,42.5,0.4787
1.4,1041.0,5.0,763.0,196.0,790.0,130.0,1003.0,808.0,8.3,47.8,0.5238
1.8,1086.0,6.8,850.0,233.0,723.0,143.0,1072.0,901.0,8.9,45.5,0.5208
1.3,1021.0,4.8,755.0,207.0,807.0,143.0,980.0,763.0,8.9,46.1,0.5256
1.4,1014.0,5.0,761.0,198.0,806.0,136.0,972.0,722.0,9.0,44.9,0.5173
1.4,1023.0,5.2,771.0,212.0,807.0,143.0,982.0,735.0,9.3,42.3,0.4974
2.4,1172.0,10.0,977.0,280.0,657.0,177.0,1160.0,1047.0,8.4,45.2,0.4977
2.8,1172.0,11.1,1017.0,315.0,623.0,198.0,1185.0,1163.0,7.6,47.8,0.5013
3.3,1219.0,12.9,1081.0,378.0,590.0,200.0,1246.0,1244.0,7.4,47.2,0.4871
2.5,1106.0,7.8,891.0,320.0,708.0,191.0,1058.0,1025.0,7.4,46.9,0.4854
2.1,1078.0,6.3,824.0,265.0,759.0,169.0,1016.0,982.0,6.9,48.2,0.4832
1.2,939.0,2.8,637.0,129.0,960.0,106.0,883.0,607.0,7.1,47.9,0.4867
1.0217647063358828,975.0,3.3,670.0,129.0,943.0,105.0,910.0,616.0,6.9,48.7,0.4874
1.3,958.0,3.1,660.0,172.0,935.0,130.0,905.0,654.0,6.8,48.2,0.4792
1.0,921.0,2.1,594.0,100.0,1025.0,82.0,867.0,479.0,6.3,49.6,0.4787
0.4,872.0,0.8,476.0,36.0,1249.0,35.0,794.0,350.0,6.9,48.1,0.4796
0.5,904.0,1.3,530.0,79.0,1079.0,60.0,846.0,438.0,6.4,50.2,0.485
0.7,951.0,1.8,568.0,128.0,1021.0,90.0,888.0,578.0,6.4,50.7,0.4886
2.1,1183.0,7.9,896.0,456.0,673.0,205.0,1115.0,1140.0,6.9,48.8,0.4903
2.5,1187.0,9.8,970.0,477.0,625.0,199.0,1174.0,1203.0,8.4,44.6,0.4922
2.0,1072.0,7.4,874.0,342.0,715.0,153.0,1033.0,1000.0,10.8,37.1,0.4794
1.4,1011.0,5.3,780.0,254.0,805.0,163.0,964.0,806.0,11.2,36.2,0.4818
1.3,997.0,4.8,752.0,231.0,837.0,152.0,952.0,724.0,11.8,34.4,0.4758
1.4,989.0,5.6,791.0,213.0,804.0,146.0,953.0,690.0,11.5,33.1,0.4479
1.6,1006.0,6.6,837.0,208.0,775.0,146.0,971.0,757.0,10.9,32.6,0.426
1.7,1016.0,6.7,845.0,270.0,771.0,134.0,987.0,818.0,11.3,31.7,0.4249
1.8,1069.0,8.4,918.0,276.0,724.0,164.0,1045.0,936.0,11.6,30.9,0.4223
2.4,1109.0,10.3,989.0,375.0,664.0,141.0,1096.0,1133.0,11.1,32.2,0.4243
2.8,1182.0,12.6,1071.0,395.0,617.0,204.0,1187.0,1298.0,9.7,36.0,0.4333
3.3,1253.0,16.0,1179.0,421.0,573.0,210.0,1268.0,1387.0,8.5,39.0,0.4336
4.8,1288.0,17.6,1228.0,632.0,549.0,209.5837465644596,1333.0,1502.0,8.3,40.3,0.4411
2.8,1153.0,10.1,981.0,424.0,666.0,202.0,1097.0,1273.0,8.0,41.3,0.4448
2.4,1161.0,9.8,969.0,369.0,677.0,190.0,1111.0,1271.0,7.0,44.2,0.4446
2.9,1271.0,11.5,1031.0,484.0,618.0,185.39502376977867,1138.0,1464.0,5.4,51.8,0.4698
2.7,1156.0,8.2,909.0,456.0,684.0,176.29549806744566,1023.0,1384.0,4.1,55.0,0.4558
2.1,1106.0,6.8,850.0,373.0,727.0,219.0,997.0,1281.0,3.1,57.8,0.4462
1.5,1008.0,4.3,726.0,228.0,834.0,156.0,913.0,1083.0,3.1,56.7,0.4388
0.9,931.0,2.6,627.0,117.0,948.0,98.0,860.0,911.0,2.3,58.9,0.4317
0.8,922.0,2.4,611.0,108.0,962.0,89.0,867.0,893.0,1.9,60.0,0.4276
0.8,911.0,2.3,606.0,126.0,950.0,104.0,866.0,894.0,1.9,60.3,0.4293
1.1,993.0,4.5,736.0,235.0,819.0,148.0,941.0,1018.0,0.9,64.6,0.4294
1.9,1100.0,8.5,919.0,339.0,678.0,194.0,1072.0,1191.0,0.6,65.0,0.4231
2.5,1141.0,9.0,940.0,399.0,651.0,231.0,1099.0,1285.0,2.1,59.9,0.4338
2.2,1085.0,5.7,800.0,346.0,750.0,200.0,983.0,1219.0,3.1,57.2,0.4402
2.1,1153.0,6.9,853.0,407.0,696.0,217.0,1027.0,1370.0,4.2,54.0,0.4483
2.3,1122.0,6.4,831.0,393.0,722.0,210.0,982.0,1317.0,7.4,43.8,0.4538
1.2,992.0,3.5,685.0,166.0,890.0,126.0,902.0,818.0,11.2,34.5,0.4586
1.2,1018.0,3.7,693.0,157.0,868.0,118.0,937.0,683.0,13.8,32.4,0.5084
1.1,981.0,2.9,649.0,141.0,924.0,114.0,901.0,573.0,12.4,34.9,0.5002
1.1,988.0,3.4,679.0,144.0,905.0,117.0,911.0,595.0,12.8,31.9,0.4684
1.4,1059.0,5.3,777.0,191.0,797.0,140.0,969.0,774.0,13.5,29.1,0.4486
1.7,1110.0,7.3,870.0,255.0,708.0,168.0,1057.0,1059.0,11.6,33.3,0.454
2.5,1204.0,10.0,979.0,379.0,639.0,202.0,1147.0,1326.0,10.9,34.9,0.4568
2.7,1275.0,12.3,1061.0,427.0,593.0,211.0,1203.0,1494.0,10.4,37.3,0.4708
3.1,1297.0,11.8,1044.0,509.0,600.0,231.0,1185.0,1559.0,9.7,39.7,0.4792
2.8,1277.0,10.4,991.0,459.0,609.0,214.0,1141.0,1575.0,9.1,41.9,0.4857
1.9,1207.0,7.7,888.0,293.0,664.0,181.0,1062.0,1447.0,9.3,41.9,0.4927
1.9,1222.0,7.5,880.0,269.0,684.0,173.0,1083.0,1367.0,9.4,44.7,0.5279
1.7,1141.0,6.1,816.0,244.0,745.0,169.0,1026.0,1230.0,8.5,45.8,0.5108
2.2,1228.0,8.3,913.0,293.0,643.0,174.0,1124.0,1396.0,7.8,50.0,0.53
1.5,1067.0,4.9,758.0,177.0,775.0,130.0,993.0,1009.0,8.2,46.9,0.5099
0.8,947.0,1.9,580.0,81.0,978.0,72.0,894.0,572.0,8.4,48.6,0.5375
0.5,918.0,1.0,501.0,42.0,1148.0,40.0,881.0,420.0,8.0,54.7,0.5883
0.5,920.0,1.1,506.0,61.0,1142.0,56.0,905.0,453.0,7.8,55.7,0.5914
0.7,941.0,1.5,541.0,101.0,1065.0,81.0,919.0,520.0,8.0,53.8,0.5796
0.7,949.0,1.6,552.0,98.0,1035.0,81.0,919.0,531.0,8.8,50.7,0.5752
0.9,990.0,2.3,604.0,114.0,944.0,88.0,947.0,579.0,10.1,47.6,0.587
1.0,996.0,2.5,620.0,118.0,928.0,94.0,946.0,570.0,10.6,45.8,0.5838
1.1,1023.0,2.5,623.0,120.0,916.0,97.0,976.0,571.0,9.1,56.2,0.6515
1.1,1037.0,2.8,636.0,151.0,891.0,112.0,1024.0,582.0,7.9,66.5,0.7124
1.0,1017.0,2.4,613.0,131.0,919.0,104.0,1007.0,551.0,8.0,65.0,0.6991
1.1,1042.0,3.3,671.0,145.0,861.0,107.0,1038.0,634.0,8.4,61.0,0.6721
1.3,1037.0,3.2,665.0,156.0,854.0,114.0,1013.0,633.0,8.6,57.3,0.6429
1.2,1009.0,2.8,640.0,151.0,915.0,115.0,996.0,613.0,8.4,56.3,0.6227
1.3,1033.0,3.4,675.0,173.0,853.0,127.0,1006.0,702.0,8.0,57.7,0.6222
1.1,1016.0,2.9,647.0,154.0,906.0,119.0,997.0,649.0,7.1,62.6,0.6341
1.5,1076.0,4.6,745.0,221.0,801.0,149.0,1040.0,841.0,7.4,59.3,0.6123
1.4,1029.0,3.8,699.0,193.0,851.0,140.0,1001.0,795.0,7.7,56.9,0.5994
1.1,984.0,3.1,661.0,130.0,898.0,105.0,965.0,638.0,7.7,54.4,0.5753
1.3,1003.0,3.7,694.0,156.0,876.0,116.0,976.0,663.0,7.7,53.0,0.5572
1.4,1009.0,3.3,671.0,148.0,877.0,112.0,1010.0,610.0,6.7,62.8,0.6188
1.1,946.0,2.1,588.0,93.0,1005.0,80.0,948.0,480.0,6.6,61.9,0.6056
0.8,910.0,1.2,518.0,66.0,1130.0,59.0,936.0,404.0,5.7,70.3,0.6498
0.5,907.0,1.0,502.0,50.0,1129.0,49.0,947.0,399.0,3.9,81.5,0.6653
0.6,949.0,2.1,589.0,77.0,987.0,63.0,1001.0,464.0,3.3,84.3,0.6617
1.2,1054.0,5.5,786.0,183.0,766.0,123.0,1129.0,699.0,4.2,80.9,0.6742
2.2,1214.0,10.9,1010.0,256.0,609.0,164.0,1282.0,1006.0,5.1,75.0,0.6646
2.9,1253.0,13.3,1095.0,355.0,566.0,157.50960528353625,1375.0,1206.0,4.6,77.6,0.6651
2.9,1197.0,9.6,964.0,479.448451150525,614.0,161.93407779400934,1260.0,1122.0,3.8,84.3,0.6811
2.0,1156.0,7.0,859.0,387.0,684.0,210.0,1196.0,1069.0,6.2,77.4,0.7383
1.7,1132.0,6.6,837.0,384.0,694.0,208.0,1199.0,1062.0,7.7,67.6,0.7133
2.2,1207.0,9.3,950.0,368.0,623.0,204.0,1303.0,1162.0,8.1,64.8,0.7039
1.8,1127.0,7.9,896.0,258.0,664.0,172.0,1227.0,1010.0,8.1,64.0,0.6942
1.6,1112.0,6.9,851.0,231.0,694.0,157.0,1184.0,931.0,6.9,71.3,0.7118
1.9,1186.0,8.6,925.0,290.0,641.0,181.0,1272.0,1025.0,7.0,73.7,0.7425
2.2,1192.0,10.0,976.0,335.0,618.0,194.0,1290.0,1110.0,7.3,70.0,0.7195
2.2,1177.0,8.8,931.0,293.0,656.0,193.0,1281.0,979.0,5.8,77.8,0.7223
4.9,1478.0,20.2,1301.0,631.4324082403149,469.0,187.5116649174889,1682.0,1409.0,5.4,80.9,0.7293
5.183924838710732,1486.0,19.7,1289.0,740.6952243542553,466.0,283.0,1633.0,1438.0,5.5,79.8,0.7261
2.7,1118.0,7.1,863.0,326.0,680.0,208.0,1194.0,1083.0,5.6,74.0,0.6808
1.4,1019.0,4.4,730.0,188.0,811.0,143.0,1082.0,916.0,5.6,71.9,0.6604
1.2,961.0,2.9,643.0,163.0,914.0,124.0,1046.0,825.0,6.4,70.7,0.6848
0.8,931.0,2.1,591.0,102.0,1015.0,89.0,1015.0,704.0,6.3,70.1,0.6733
0.8,938.0,2.1,592.0,95.0,992.0,85.0,1032.0,668.0,4.4,80.5,0.6825
0.7,888.0,1.1,511.0,71.0,1112.0,66.0,963.0,512.0,3.9,83.1,0.6787
0.4,851.0,0.5,440.0,46.0,1349.0,46.0,918.0,377.0,3.4,85.4,0.6736
0.5,905.0,1.0,503.0,62.0,1152.0,60.0,956.0,467.0,3.3,84.5,0.6608
0.9,987.0,2.6,628.0,170.0,929.0,117.0,1035.0,691.0,3.4,84.5,0.664
1.5,1124.0,6.7,842.0,313.0,690.0,178.0,1180.0,981.0,3.4,84.5,0.6677
3.8,1408.0,16.7,1200.0,701.5583103380671,490.0,295.0,1523.0,1369.0,4.1,82.7,0.682
5.4,1501.0,24.0,1403.0,757.0,418.0,243.0,1789.0,1589.0,4.6,80.3,0.6889
3.5,1266.0,15.0,1149.0,559.0,528.0,255.0,1435.0,1370.0,6.1,74.0,0.7025
1.7,1082.0,6.9,855.0,286.0,725.0,201.0,1140.0,1005.0,9.1,58.4,0.6787
2.0,1123.0,9.1,942.0,324.0,653.0,208.0,1225.0,1105.0,11.4,48.9,0.658
2.1,1174.0,10.0,979.0,316.0,611.0,212.0,1282.0,1142.0,8.3,64.4,0.7072
3.0,1209.0,12.9,1082.0,407.0,573.0,238.0,1355.0,1105.0,6.5,71.0,0.6903
2.1,1120.0,9.0,940.0,305.0,657.0,201.0,1245.0,917.0,6.6,71.1,0.6973
2.5,1174.0,10.9,1010.0,360.0,613.0,218.0,1305.0,1050.0,7.4,69.3,0.7165
2.2,1068.0,7.9,896.0,339.0,702.0,222.0,1177.0,848.0,6.4,70.6,0.6834
2.4,1146.0,10.2,985.0,481.09147913155834,650.0,206.0,1236.0,952.0,5.8,72.5,0.6718
3.6,1204.0,13.2,1089.0,397.0,601.0,161.64144686108585,1335.0,1059.0,5.6,71.6,0.6556
2.6,1062.0,8.1,903.0,270.0,717.0,190.0,1141.0,720.0,4.2,77.8,0.6491
2.7,1122.0,8.5,919.0,339.0,680.0,218.0,1201.0,981.0,4.3,79.5,0.6648
1.4,940.0,3.6,686.0,190.0,903.0,150.0,1005.0,648.0,4.5,75.5,0.6429
0.9,935.0,2.6,628.0,126.0,995.0,111.0,986.0,611.0,4.4,77.1,0.6523
1.5,1011.0,4.3,725.0,189.0,852.0,142.0,1050.0,773.0,4.2,78.2,0.6506
1.1,952.0,3.2,665.0,146.0,907.0,119.0,1007.0,703.0,4.0,79.3,0.6517
0.8,899.0,1.8,572.0,98.0,1063.0,87.0,951.0,560.0,3.9,78.7,0.643
0.6,882.0,1.2,516.0,75.0,1132.0,70.0,959.0,575.0,3.2,82.8,0.6426
0.6,844.0,0.7,466.0,77.0,1261.0,68.0,894.0,478.0,4.1,76.0,0.6304
0.6,860.0,1.0,497.0,72.0,1251.0,66.0,912.0,442.0,4.2,75.9,0.6311
0.7,917.0,2.2,597.0,152.0,1084.0,117.0,994.0,602.0,4.5,76.3,0.648
1.7,1126.0,7.7,886.0,337.0,719.0,197.0,1208.0,936.0,4.4,79.1,0.6687
1.9,1033.0,6.2,820.0,390.8626373505556,740.0,198.0,1114.0,870.0,4.3,79.8,0.6706
1.4,944.0,3.8,697.0,243.0,881.0,167.0,1022.0,688.0,3.1,83.0,0.6419
1.3,955.0,3.6,687.0,277.0,895.0,116.48994664135064,1004.0,706.0,2.8,83.9,0.6326
1.2,992.0,3.7,694.0,266.0,900.0,169.0,1020.0,756.0,3.9,79.5,0.6482
1.9,1090.0,8.3,910.0,317.0,701.0,210.0,1192.0,974.0,5.1,74.5,0.6621
2.5,1151.0,10.1,983.0,375.0,629.0,232.0,1244.0,1121.0,5.7,72.5,0.6686
2.3,1148.0,9.9,975.0,349.0,638.0,223.0,1243.0,1064.0,5.6,74.6,0.6826
2.3,1140.0,9.2,946.0,377.0,653.0,224.0,1231.0,1076.0,5.4,75.9,0.6875
2.5,1160.0,10.3,990.0,403.0,632.0,153.87623153440012,1254.0,1090.0,4.9,78.2,0.6826
2.8,1167.0,11.4,1027.0,422.0,610.0,156.83805714325223,1289.0,1119.0,4.8,79.0,0.6845
2.7,1194.0,11.7,1038.0,388.0,605.0,223.0,1317.0,1181.0,4.8,78.6,0.6826
3.1,1224.0,12.6,1071.0,431.0,590.0,244.0,1331.0,1240.0,4.6,78.2,0.6686
2.9,1209.0,11.4,1028.0,425.0,619.0,243.0,1264.0,1254.0,4.2,79.7,0.6647
2.6,1145.0,9.6,962.0,391.0,657.0,226.0,1212.0,1192.0,4.3,78.9,0.6621
1.5,1016.0,4.6,744.0,231.0,825.0,167.0,1053.0,1020.0,4.2,77.9,0.6479
1.6,1018.0,4.7,750.0,248.0,831.0,172.0,1051.0,916.0,3.2,83.0,0.645
1.1,937.0,2.6,625.0,142.0,977.0,120.0,983.0,798.0,5.1,74.5,0.6626
0.9,949.0,2.9,647.0,117.0,956.0,100.0,1023.0,762.0,4.0,80.8,0.6666
0.6,883.0,1.2,518.0,87.0,1135.0,81.0,962.0,606.0,3.3,84.5,0.6612
0.8,968.0,3.0,652.0,197.0,937.0,131.0,1051.0,788.0,3.6,84.4,0.6724
1.5,1071.0,5.5,787.0,290.0,755.0,170.0,1146.0,947.0,3.8,83.8,0.6771
3.1,1310.0,12.9,1082.0,526.2263007831348,555.0,171.72508830903183,1400.0,1254.0,4.1,82.5,0.6819
3.8,1332.0,14.5,1132.0,592.5029581543612,522.0,180.17663758551714,1439.0,1352.0,3.9,83.9,0.6847
2.7,1178.0,9.0,939.0,549.3504699392779,640.0,244.0,1228.0,1165.0,4.1,83.9,0.6967
1.8,1093.0,6.5,836.0,414.0,728.0,232.0,1142.0,1025.0,4.6,82.0,0.6997
1.4,1060.0,5.4,784.0,314.0,770.0,130.38782446447547,1117.0,941.0,5.5,79.5,0.7238
1.7,1121.0,7.4,873.0,317.0,697.0,195.0,1206.0,1000.0,6.7,76.2,0.7519
1.9,1118.0,7.7,888.0,290.0,685.0,189.0,1223.0,962.0,7.9,69.0,0.7394
2.2,1205.0,10.7,1002.0,385.0,612.0,212.0,1299.0,1214.0,8.5,66.3,0.7387
3.0,1274.0,13.3,1094.0,507.0,537.0,172.6236843219072,1364.0,1428.0,7.6,70.8,0.7399
3.0,1301.0,13.2,1092.0,534.0,525.0,176.17738268623398,1388.0,1484.0,7.2,72.4,0.7372
3.9,1405.0,17.5,1224.0,729.6431068491545,468.0,270.0,1503.0,1658.0,6.7,74.2,0.7326
4.0,1375.0,17.7,1230.0,718.6157982590418,473.0,260.0,1522.0,1632.0,6.1,75.8,0.7184
4.13584861303614,1367.0,17.5,1225.0,673.3382251257989,485.0,190.83960331512986,1492.0,1628.0,6.3,74.9,0.7187
3.5,1324.0,14.1,1121.0,547.0,531.0,175.6377513995144,1399.0,1481.0,6.0,78.0,0.7345
2.4,1170.0,8.4,917.0,385.0,652.0,227.0,1218.0,1205.0,5.6,81.2,0.7443
2.1,1169.0,7.9,895.0,318.0,681.0,192.0,1201.0,1106.0,5.5,81.5,0.7393
2.5,1181.0,8.1,905.0,356.0,657.0,202.0,1215.0,1106.0,5.3,84.1,0.753
2.1,1146.0,7.1,860.0,326.0,692.0,138.5167340023346,1181.0,1092.0,5.2,83.9,0.7487
1.5,1059.0,5.2,773.0,233.0,767.0,157.0,1127.0,984.0,5.1,83.5,0.7416
1.0,1007.0,3.4,677.0,116.0,863.0,97.0,1053.0,848.0,5.0,82.5,0.7265
0.8,932.0,2.1,595.0,120.0,991.0,100.0,1025.0,771.0,5.0,82.8,0.7273
1.0,998.0,4.1,717.0,228.0,872.0,146.0,1095.0,895.0,5.2,80.7,0.7219
1.4,1072.0,6.1,819.0,303.0,751.0,175.0,1161.0,1003.0,5.3,80.2,0.7179
4.2,1364.0,17.8,1234.0,529.0,504.0,190.0,1533.0,1606.0,8.3,67.4,0.7384
3.3,1190.0,11.8,1044.0,615.0,615.0,166.0,1324.0,1354.0,10.8,52.1,0.6746
1.7,1021.0,6.6,839.0,298.0,771.0,153.0,1084.0,914.0,13.0,40.3,0.6028
2.1,1051.0,8.4,914.0,317.0,707.0,167.0,1122.0,913.0,10.9,44.8,0.5849
2.2,1021.0,7.6,882.0,305.0,727.0,137.0,1097.0,847.0,11.5,42.1,0.5706
1.8,1016.0,6.7,842.0,253.0,762.0,140.0,1067.0,778.0,12.5,38.5,0.5568
2.0,1040.0,7.9,893.0,296.0,723.0,150.0,1104.0,835.0,12.6,38.5,0.5586
2.3,1089.0,8.4,916.0,293.0,710.0,152.0,1124.0,903.0,12.3,38.4,0.5488
2.8,1148.0,12.1,1054.0,353.0,631.0,177.0,1233.0,1157.0,10.2,43.1,0.5366
3.4,1162.0,12.6,1070.0,493.82070622378706,625.0,189.0,1229.0,1237.0,8.6,48.2,0.5385
4.0,1197.0,13.6,1102.0,454.0,609.0,195.0,1309.0,1253.0,7.8,50.8,0.5384
2.3,1059.0,8.1,905.0,356.0,735.0,179.0,1098.0,1130.0,7.3,52.8,0.5404
2.7,1207.0,11.2,1023.0,473.0,629.0,188.0,1233.0,1373.0,6.2,62.4,0.5958
2.7,1188.0,10.1,983.0,482.0,648.0,170.0,1193.0,1338.0,5.1,68.2,0.6033
2.8,1153.0,8.8,933.0,443.0,687.0,161.0,1133.0,1268.0,4.7,69.0,0.5936
2.1,1061.0,6.8,849.0,373.0,757.0,145.0,1063.0,1125.0,4.0,69.8,0.5756
1.9,1028.0,6.4,831.0,320.0,771.0,136.0,1063.0,1054.0,3.4,71.3,0.5626
1.7,1037.0,5.2,771.0,233.0,784.0,122.0,1004.0,1029.0,2.3,75.1,0.5514
1.3,942.0,3.6,688.0,161.0,897.0,115.0,947.0,882.0,3.8,66.2,0.5359
0.9,904.0,2.7,633.0,137.0,993.0,103.0,897.0,717.0,4.6,60.5,0.5173
0.6532132859740756,855.0,1.9,578.0,144.0,1121.0,108.0,855.0,599.0,5.7,54.3,0.5022
1.0,914.0,3.9,705.0,182.0,966.0,124.0,926.0,687.0,6.2,51.3,0.488
1.5,933.0,4.1,714.0,227.0,899.0,133.0,927.0,706.0,6.7,49.5,0.4892
1.5,942.0,3.7,696.0,203.0,920.0,124.0,912.0,682.0,8.8,45.0,0.5114
1.4,943.0,3.6,688.0,179.0,924.0,116.0,909.0,629.0,9.6,43.5,0.5202
2.4,959.0,4.1,717.0,171.0,892.0,113.0,939.0,664.0,9.8,43.3,0.5238
2.8,971.0,4.5,739.0,181.0,868.0,117.0,972.0,664.0,9.9,43.5,0.53
2.9,954.0,4.5,735.0,175.0,863.0,118.0,953.0,630.0,9.8,44.1,0.5332
2.6,929.0,2.9,645.0,148.0,962.0,108.0,906.0,524.0,9.7,45.1,0.5417
2.5,933.0,3.1,660.0,132.0,955.0,98.0,911.0,488.0,9.0,47.3,0.542
2.7,967.0,3.9,704.0,162.0,888.0,117.0,961.0,609.0,7.4,56.0,0.5797
2.8,987.0,4.2,723.0,185.0,863.0,126.0,974.0,684.0,6.4,61.7,0.5956
3.0,1003.0,5.2,772.0,234.0,821.0,142.0,1008.0,788.0,6.8,58.0,0.5758
3.7,1138.0,10.2,986.0,275.0,663.0,157.0,1188.0,1030.0,7.3,56.7,0.5806
3.5,1087.0,8.1,903.0,272.0,713.0,161.0,1106.0,1026.0,7.2,56.7,0.579
3.8,1129.0,8.5,920.0,331.0,689.0,169.0,1139.0,1182.0,6.7,59.1,0.5848
4.3,1191.0,10.7,1005.0,347.0,637.0,166.0,1224.0,1284.0,5.9,62.1,0.5808
4.8,1256.0,11.5,1032.0,546.705407246716,612.0,189.0,1230.0,1371.0,6.3,60.4,0.5811
4.2,1171.0,9.5,960.0,404.0,679.0,184.0,1121.0,1234.0,5.5,60.2,0.5458
3.3,1016.0,5.3,780.0,255.0,798.0,145.0,1004.0,1060.0,4.6,64.4,0.5525
1.0,901.0,2.7,631.0,108.0,988.0,87.0,915.0,751.0,3.7,65.9,0.5295
0.9,914.0,3.1,655.0,107.0,949.0,77.0,949.0,742.0,1.6,74.3,0.5168
1.1,940.0,3.2,665.0,188.0,900.0,112.0,955.0,879.0,1.4,76.3,0.5261
1.1,935.0,3.6,689.0,225.0,894.0,118.0,949.0,871.0,2.5,69.5,0.5172
1.2,970.0,3.7,691.0,208.0,891.0,124.0,956.0,890.0,3.7,64.8,0.5208
1.7,1064.0,6.4,830.0,270.0,739.0,144.0,1053.0,1059.0,7.8,49.9,0.5307
1.6,1023.0,5.2,776.0,202.0,817.0,128.0,972.0,808.0,11.2,37.1,0.4936
1.4,955.0,3.9,706.0,168.0,888.0,120.0,884.0,616.0,12.6,30.6,0.446
1.8,943.0,4.1,714.0,191.0,898.0,131.0,868.0,609.0,10.3,32.9,0.4131
1.1,895.0,2.5,622.0,149.0,1012.0,115.0,804.0,471.0,10.0,35.5,0.4346
0.9,890.0,2.2,601.0,101.0,1053.0,82.0,803.0,391.0,8.8,40.0,0.4538
1.1,904.0,2.3,608.0,134.0,1033.0,100.0,807.0,398.0,8.3,40.3,0.4431
1.1,888.0,2.4,611.0,150.0,1035.0,111.0,791.0,419.0,7.9,38.9,0.4141
1.2,905.0,2.9,648.0,188.0,1007.0,132.0,822.0,509.0,6.8,41.0,0.4072
1.6,974.0,4.9,757.0,254.0,886.0,155.0,884.0,723.0,6.0,42.0,0.3962
2.6,1048.0,6.8,847.0,324.0,801.0,181.0,955.0,888.0,5.5,43.5,0.3963
1.5,895.0,3.1,660.0,238.0,975.0,155.0,826.0,596.0,4.6,46.8,0.4001
1.0,875.0,2.1,594.0,128.0,1079.0,105.0,793.0,451.0,4.5,48.0,0.4085
1.3,943.0,3.9,703.0,169.0,950.0,119.0,870.0,581.0,4.3,48.6,0.4069
1.6,947.0,3.8,697.0,215.0,913.0,150.0,878.0,698.0,4.0,50.0,0.4115
1.0,865.0,1.8,566.0,111.0,1119.0,94.0,797.0,423.0,4.0,52.9,0.4338
0.6,823.0,1.0,503.0,60.0,1268.0,56.0,755.0,332.0,4.0,51.0,0.42
0.3,781.0,0.4,425.0,29.0,1609.0,28.0,667.0,261.0,3.8,48.0,0.3879
0.3,781.0,0.3,409.0,25.0,1664.0,25.0,669.0,252.0,3.6,50.3,0.4022
0.3,779.0,0.2,402.0,34.0,1665.0,31.0,684.0,257.0,2.8,52.6,0.3972
0.4,817.0,0.7,462.0,89.0,1378.0,66.0,732.0,308.0,2.5,52.7,0.3908
1.0,893.0,2.6,629.0,212.0,1015.0,111.0,837.0,456.0,2.7,50.5,0.3804
1.2,883.0,3.1,659.0,216.0,943.0,122.0,842.0,527.0,2.7,49.4,0.3714
1.0,839.0,2.3,608.0,191.0,1040.0,121.45367815807033,780.0,475.0,3.3,45.2,0.354
0.9,809.0,2.0,587.0,200.0,1084.0,123.0,744.0,434.0,3.1,43.3,0.3354
0.8,805.0,2.0,584.0,164.0,1137.0,119.0,726.0,385.0,3.7,38.8,0.3123
1.1,840.0,3.1,661.0,185.0,1016.0,125.0,757.0,435.0,4.0,36.8,0.3016
1.0,812.0,2.9,646.0,156.0,1045.0,110.0,731.0,421.0,3.7,35.0,0.2823
0.8,782.0,2.1,594.0,155.0,1134.0,111.0,673.0,371.0,3.4,32.4,0.2563
0.9,799.0,2.5,617.0,158.0,1099.0,114.0,699.0,382.0,3.3,33.1,0.2592
0.9,812.0,2.8,640.0,166.0,1093.0,114.0,716.0,408.0,2.6,35.1,0.2618
2.0,922.0,6.7,842.0,268.0,849.0,140.0,858.0,676.0,2.1,36.6,0.2634
2.4,938.0,8.1,903.0,309.0,790.0,141.0,885.0,798.0,1.6,37.9,0.2645
2.5,939.0,7.4,872.0,297.0,814.0,142.0,870.0,793.0,1.4,38.0,0.2615
1.6,827.0,3.6,687.0,225.0,1015.0,123.0,727.0,573.0,1.0,36.6,0.2456
0.9,776.0,1.9,580.0,122.0,1183.0,90.0,655.0,402.0,1.1,35.4,0.2382
0.7,755.0,1.4,538.0,100.0,1285.0,79.0,621.0,343.0,1.0,34.3,0.2292
0.6,766.0,1.2,515.0,86.0,1327.0,69.0,642.0,322.0,1.0,37.4,0.2487
0.6,762.0,0.9,487.0,71.0,1364.0,60.0,640.0,307.0,0.7,41.2,0.2693
0.4,736.0,0.6,453.0,39.0,1498.0,37.0,602.0,268.0,0.2,40.6,0.2566
0.2,716.0,0.2,390.0,29.0,1804.0,27.0,551.0,221.0,-0.1,37.5,0.2326
0.2,731.0,0.3,408.0,32.0,1727.0,30.0,561.0,225.0,-0.3,38.4,0.2347
0.2,735.0,0.3,407.0,37.0,1677.0,33.0,579.0,232.0,-0.6,40.1,0.2404
0.5,779.0,1.0,500.0,134.0,1361.0,84.0,652.0,313.0,-0.6,41.4,0.2478
1.5,915.0,5.2,774.0,358.0,911.0,147.0,839.0,629.0,-0.2,40.2,0.2478
1.9,905.0,6.1,818.0,354.0,853.0,143.0,840.0,790.0,0.6,36.8,0.2388
1.4,835.0,3.6,688.0,284.0,988.0,122.0,720.0,630.0,2.8,30.3,0.2294
0.9,798.0,2.3,609.0,213.0,1122.0,109.0,660.0,472.0,3.1,29.1,0.224
0.7,783.0,1.9,580.0,174.0,1181.0,95.0,647.0,378.0,3.3,29.2,0.2288
0.8,807.0,2.6,623.0,157.0,1097.0,94.0,684.0,384.0,3.1,31.0,0.2386
1.0,827.0,3.1,660.0,178.0,1030.0,102.0,709.0,426.0,3.2,30.8,0.2399
0.9,822.0,2.7,632.0,187.0,1074.0,107.0,701.0,442.0,3.3,31.5,0.2464
1.0,830.0,3.0,655.0,198.0,1045.0,113.0,710.0,467.0,4.1,28.6,0.2363
0.8863797378132123,833.0,3.0,653.0,186.0,1073.0,110.0,708.0,448.0,3.9,29.2,0.2378
1.4,882.0,5.0,766.0,203.0,922.0,116.0,815.0,582.0,1.9,35.0,0.2494
2.1,967.0,7.5,880.0,313.0,815.0,148.0,887.0,892.0,1.8,35.4,0.2497
2.8,1009.0,9.5,958.0,342.0,751.0,156.0,935.0,1006.0,1.4,36.5,0.2503
2.2,911.0,5.3,777.0,310.0,913.0,159.0,796.0,852.0,0.8,36.3,0.2388
1.0,808.0,2.4,613.0,165.0,1137.0,116.0,672.0,543.0,0.6,34.1,0.221
1.1,812.0,2.5,621.0,152.0,1143.0,110.0,669.0,529.0,0.3,31.9,0.2031
0.9,790.0,2.2,597.0,141.0,1184.0,102.0,637.0,465.0,0.2,30.2,0.191
0.8,765.0,1.5,544.0,122.0,1253.0,93.0,601.0,405.0,0,29.7,0.1847
0.6,761.0,1.3,525.0,79.0,1307.0,67.0,605.0,332.0,-0.1,31.9,0.1975
0.4,804.0,0.9,489.0,77.0,1262.0,73.0,698.0,630.0,-1.3,46.3,0.2635
0.5,831.0,1.4,537.0,124.0,1158.0,96.0,722.0,768.0,-1.2,47.2,0.27
0.7,881.0,3.5,680.0,159.0,1023.0,110.0,813.0,866.0,-1.3,47.5,0.2702
2.4,1099.0,11.0,1013.0,396.0,690.0,150.0,1056.0,1254.0,-1.9,51.4,0.2801
2.8,1100.0,12.4,1065.0,479.0,669.0,184.76207846579442,1072.0,1347.0,-0.5,45.9,0.2763
2.0,1042.0,8.3,910.0,438.0,774.0,181.0,922.0,1216.0,4.6,32.5,0.2783
2.2,1026.0,8.9,935.0,466.0,747.0,187.0,942.0,1151.0,7.5,24.3,0.2528
1.4,905.0,5.7,796.0,288.0,900.0,146.0,767.0,699.0,9.6,18.8,0.2246
1.2,891.0,5.5,790.0,205.0,927.0,131.0,764.0,584.0,9.3,18.4,0.2157
1.9,968.0,9.0,938.0,311.0,790.0,161.0,897.0,836.0,9.7,18.6,0.2244
1.3,909.0,6.3,826.0,246.0,898.0,143.0,802.0,626.0,10.1,16.7,0.2062
2.0,938.0,9.1,945.0,356.0,804.0,176.0,855.0,878.0,11.8,13.5,0.1862
2.0,971.0,8.4,917.0,397.0,802.0,178.0,885.0,952.0,11.6,15.3,0.2086
3.4,1148.0,17.5,1226.0,579.0,624.0,207.0,1126.0,1460.0,9.1,19.2,0.2225
5.1,1299.0,23.3,1384.0,819.0,523.0,240.0,1325.0,1855.0,7.2,25.6,0.2611
4.353366455390923,1315.0,19.0,1269.0,698.5446702323022,551.0,236.0,1282.0,1860.0,6.1,34.0,0.3237
2.8,1180.0,11.1,1020.0,473.0,656.0,199.0,1054.0,1629.0,5.1,36.4,0.323
1.6,1070.0,6.2,821.0,300.0,754.0,165.62976802950348,936.0,1454.0,4.8,39.6,0.344
1.4,1031.0,5.0,763.0,235.0,818.0,153.0,905.0,1348.0,5.0,39.6,0.3479
1.4,1047.0,5.3,778.0,207.0,799.0,140.0,907.0,1326.0,4.1,41.7,0.3456
1.4,1030.0,4.2,724.0,204.0,832.0,138.0,893.0,1285.0,4.4,43.3,0.3656
1.1,986.0,3.5,682.0,155.0,875.0,117.0,884.0,1205.0,3.8,45.9,0.3728
1.0,1076.0,4.1,715.0,179.0,783.0,119.0,947.0,1448.0,3.4,56.3,0.4455
1.0,1104.0,4.0,713.0,143.0,754.0,108.0,1001.0,1433.0,2.9,67.9,0.5183
1.2,1160.0,5.1,770.0,212.0,702.0,121.0,1063.0,1447.0,2.8,74.1,0.5618
1.4,1217.0,6.7,846.0,263.0,650.0,136.0,1120.0,1481.0,2.9,75.6,0.5742
3.0,1457.0,15.6,1167.0,648.0,496.0,195.82013744025494,1422.0,1785.0,3.8,72.4,0.5867
4.206579167335448,1337.0,17.1,1212.0,717.0,529.0,211.0,1406.0,1756.0,5.9,50.2,0.4706
2.1,1111.0,8.8,931.0,389.0,687.0,186.0,1069.0,1368.0,7.3,39.4,0.4035
2.0,1165.0,6.9,852.0,438.0,692.0,177.0,1155.0,1197.0,3.6,75.9,0.6055
1.6,1129.0,5.4,783.0,282.0,757.0,147.0,1127.0,1084.0,3.6,78.6,0.6283
1.4,1092.0,4.9,759.0,268.0,773.0,150.0,1088.0,1039.0,5.3,69.2,0.6213
1.6,1096.0,5.3,777.0,248.0,767.0,148.0,1107.0,961.0,6.1,66.0,0.6255
1.5,1108.0,5.4,783.0,272.0,758.0,151.0,1115.0,964.0,6.0,70.1,0.6577
1.7,1124.0,5.5,787.0,291.0,740.0,151.0,1147.0,941.0,6.3,72.1,0.6907
1.9,1216.0,7.5,879.0,363.0,670.0,165.0,1252.0,1111.0,6.3,75.7,0.7252
3.8,1437.0,16.7,1202.0,637.6684860176944,507.0,197.0,1510.0,1459.0,5.6,80.4,0.7382
5.4,1473.0,18.2,1245.0,907.0,476.0,212.395163570287,1539.0,1519.0,4.9,82.4,0.7201
4.2,1396.0,15.5,1164.0,639.0,508.0,196.0,1488.0,1412.0,4.3,84.0,0.7051
3.8,1285.0,10.9,1013.0,574.0,568.0,192.0,1331.0,1336.0,4.3,83.6,0.7025
2.3,1206.0,8.7,928.0,373.0,621.0,161.0,1235.0,1285.0,4.6,82.5,0.7066
2.1,1179.0,7.3,868.0,330.0,664.0,156.0,1205.0,1240.0,4.4,82.0,0.6938
2.3,1213.0,7.5,877.0,336.0,654.0,158.0,1206.0,1282.0,4.3,80.9,0.6791
2.3,1142.0,6.8,849.0,347.0,680.0,154.0,1173.0,1189.0,4.1,81.2,0.6721
1.7,1089.0,4.7,750.0,241.0,765.0,138.0,1108.0,1117.0,3.9,80.9,0.6613
0.6,888.0,1.3,526.0,96.0,1134.0,92.0,912.0,744.0,4.5,65.1,0.5547
0.9,979.0,2.2,602.0,147.0,925.0,103.0,993.0,928.0,4.0,75.2,0.6161
1.1,1023.0,3.6,690.0,210.0,833.0,117.0,1049.0,1006.0,3.7,76.4,0.6164
1.9,1153.0,7.5,878.0,409.0,682.0,139.0,1180.0,1173.0,3.1,77.3,0.5985
3.7,1393.0,16.8,1204.0,719.0,506.0,198.13328875513375,1497.0,1568.0,3.7,74.4,0.5992
5.647109753301797,1567.0,28.0,1502.0,745.960452418003,399.0,205.0,1848.0,1913.0,5.0,69.4,0.6118
4.08866577244017,1334.0,15.8,1174.0,744.0,524.0,206.01082828314745,1432.0,1643.0,6.5,60.9,0.5919
3.3,1280.0,15.5,1165.0,583.0,533.0,188.09227386010446,1435.0,1605.0,7.6,59.8,0.6245
3.3,1330.0,14.9,1145.0,597.0,537.0,188.0,1399.0,1668.0,8.6,57.6,0.6471
3.4,1349.0,16.4,1193.0,550.0,507.0,189.0,1493.0,1710.0,10.9,52.4,0.6826
3.6,1349.0,15.6,1167.0,499.0,515.0,192.0,1443.0,1632.0,12.3,48.3,0.6871
3.9,1344.0,16.1,1182.0,529.2177402044234,525.0,194.0,1411.0,1545.0,12.5,43.4,0.6298
4.8,1337.0,16.6,1198.0,582.7116504918255,521.0,217.0,1401.0,1557.0,11.9,42.3,0.5902
3.9,1316.0,15.9,1177.0,506.3731678138438,544.0,178.0,1392.0,1529.0,12.3,41.2,0.5867
3.6,1253.0,13.3,1094.0,481.0,575.0,183.0,1327.0,1430.0,10.8,48.1,0.6235
3.6,1258.0,14.9,1144.0,414.0,558.0,189.0,1336.0,1509.0,8.9,52.5,0.5996
4.6,1326.0,18.5,1253.0,565.0,514.0,225.0,1479.0,1615.0,8.4,54.7,0.6057
2.3,1109.0,7.9,896.0,303.0,710.0,175.0,1132.0,1242.0,7.5,58.7,0.6112
1.6,1029.0,5.0,762.0,221.0,820.0,153.0,1049.0,1065.0,6.9,60.0,0.5977
1.8,1112.0,6.5,833.0,260.0,759.0,156.0,1104.0,1180.0,6.6,61.3,0.5995
2.2,1100.0,6.0,810.0,327.0,768.0,172.0,1070.0,1158.0,6.3,59.8,0.5761
2.1,1136.0,6.8,849.0,344.0,715.0,164.0,1132.0,1216.0,5.4,65.8,0.5935
1.5141032704438258,1000.0,4.0,712.0,270.0,848.0,157.0,989.0,971.0,5.8,59.6,0.5523
1.1,975.0,3.5,681.0,136.0,889.0,110.0,948.0,813.0,4.2,62.5,0.5191
1.1,993.0,4.3,727.0,194.0,810.0,128.0,989.0,1001.0,3.1,68.6,0.5302
0.8,872.0,2.0,587.0,168.0,1082.0,132.0,866.0,655.0,4.6,54.6,0.4682
1.3,1017.0,6.1,818.0,254.0,842.0,156.0,1034.0,933.0,5.0,54.5,0.4788
2.3,1070.0,8.7,928.0,410.0,701.0,185.0,1112.0,1088.0,7.0,48.1,0.4847
1.1,915.0,3.1,658.0,166.0,957.0,121.0,866.0,562.0,10.0,37.7,0.4643
1.1,978.0,5.2,772.0,162.0,870.0,117.0,955.0,586.0,13.0,30.3,0.452
1.5,968.0,5.3,777.0,188.0,830.0,133.0,929.0,617.0,14.0,28.1,0.4476
1.6,1008.0,6.7,843.0,199.0,787.0,136.0,998.0,705.0,13.3,28.9,0.4399
2.2,1025.0,8.3,913.0,272.0,724.0,162.0,1035.0,814.0,13.4,29.0,0.4436
1.5,983.0,5.9,806.0,180.0,820.0,132.0,966.0,615.0,13.5,28.3,0.4374
1.8,1018.0,7.3,868.0,255.0,751.0,162.0,1015.0,804.0,13.0,29.7,0.442
2.0,1101.0,8.4,916.0,251.0,721.0,159.0,1125.0,861.0,11.6,38.7,0.5271
1.9,1116.0,7.7,888.0,258.0,695.0,156.0,1176.0,980.0,8.6,56.3,0.6312
2.5,1161.0,9.1,945.0,344.0,654.0,177.0,1205.0,1077.0,8.5,57.9,0.6435
2.6,1212.0,10.9,1010.0,380.0,622.0,185.0,1284.0,1214.0,7.8,63.4,0.6735
3.2,1225.0,10.2,985.0,464.0,635.0,199.0,1255.0,1169.0,7.2,69.5,0.7084
2.2,1154.0,7.8,891.0,304.0,697.0,166.0,1197.0,1079.0,6.5,74.7,0.7248
1.9,1140.0,7.0,856.0,258.0,707.0,152.0,1171.0,1147.0,6.5,73.9,0.7224
2.4,1201.0,9.2,949.0,358.0,665.0,170.0,1220.0,1260.0,6.8,72.1,0.7143
1.8,1011.0,4.6,742.0,278.0,842.0,160.0,998.0,929.0,7.0,60.0,0.6055
0.9,867.0,2.1,590.0,116.0,1088.0,100.0,826.0,465.0,7.2,47.8,0.487
0.7,859.0,1.3,527.0,60.0,1203.0,57.0,810.0,342.0,6.8,52.9,0.5245
0.6,859.0,0.8,479.0,51.0,1285.0,48.0,822.0,313.0,5.8,65.0,0.6029
0.5,842.0,0.6,454.0,33.0,1433.0,32.0,788.0,292.0,5.8,59.4,0.5502
0.6,856.0,1.1,505.0,80.0,1246.0,72.0,833.0,367.0,5.5,58.3,0.529
0.6,867.0,1.0,500.0,103.0,1219.0,86.0,818.0,387.0,5.9,54.8,0.5119
0.7,877.0,1.5,541.0,93.0,1148.0,79.0,829.0,399.0,7.3,48.7,0.5007
0.7,869.0,1.4,535.0,108.0,1162.0,87.0,783.0,376.0,9.4,39.9,0.4707
0.9,900.0,2.0,582.0,107.0,1081.0,85.0,792.0,377.0,11.2,33.8,0.449
1.0,899.0,2.3,603.0,122.0,1055.0,97.0,782.0,379.0,12.3,29.9,0.4255
1.0,895.0,2.6,624.0,122.0,1002.0,96.0,787.0,387.0,14.8,23.7,0.3945
1.4,992.0,6.7,844.0,156.0,830.0,113.0,990.0,552.0,13.1,26.6,0.399
3.0,1104.0,13.3,1095.0,246.0,609.0,163.0,1210.0,930.0,13.3,25.7,0.3914
1.5,933.0,4.0,711.0,205.0,912.0,146.0,850.0,554.0,12.0,27.7,0.3885
1.7,973.0,5.3,778.0,257.0,839.0,167.0,916.0,723.0,11.5,30.1,0.4067
2.3,1069.0,8.6,923.0,228.0,735.0,162.0,1036.0,875.0,10.1,33.2,0.4115
2.5,1055.0,6.2,821.0,321.0,797.0,194.0,942.0,949.0,8.6,38.1,0.4282
2.1,1032.0,5.3,778.0,270.0,834.0,185.0,926.0,869.0,8.0,41.2,0.4433
1.5,982.0,4.1,714.0,203.0,879.0,158.0,905.0,747.0,7.5,43.8,0.4551
1.4,968.0,3.5,680.0,201.0,918.0,156.0,891.0,740.0,6.8,46.9,0.465
1.4,979.0,4.1,718.0,207.0,883.0,157.0,903.0,807.0,6.1,46.3,0.4394
1.4,935.0,3.2,666.0,180.0,939.0,141.0,836.0,653.0,5.6,45.5,0.4187
1.2,942.0,3.2,666.0,140.0,960.0,116.0,848.0,553.0,5.4,48.8,0.4393
0.9,883.0,1.7,561.0,93.0,1080.0,84.0,785.0,412.0,5.1,51.2,0.4534
0.4,843.0,0.5,443.0,35.0,1490.0,34.0,730.0,262.0,5.2,57.2,0.5094
0.4,872.0,0.6,460.0,47.0,1359.0,45.0,755.0,288.0,4.5,63.1,0.5381
0.5,862.0,0.8,474.0,68.0,1312.0,59.0,753.0,310.0,5.2,54.5,0.486
0.7,917.0,1.7,562.0,131.0,1099.0,99.0,827.0,418.0,5.6,51.3,0.4712
1.5,1022.0,5.2,771.0,289.0,812.0,165.0,941.0,769.0,5.9,45.4,0.4244
1.9,1022.0,6.6,837.0,322.0,755.0,168.0,978.0,881.0,6.9,41.3,0.4145
1.6,961.0,5.5,789.0,330.0,839.0,169.0,910.0,816.0,8.6,34.2,0.3834
1.4,912.0,4.4,731.0,339.0,912.0,162.0,811.0,684.0,9.6,27.7,0.3308
1.3,896.0,4.4,731.0,316.0,911.0,155.0,799.0,627.0,10.6,25.3,0.3224
1.3,890.0,4.3,726.0,218.0,921.0,147.0386579050772,779.0,523.0,10.2,25.6,0.3181
1.2,891.0,4.5,740.0,177.0,919.0,124.0,788.0,502.0,10.0,25.2,0.3079
1.3,894.0,4.5,737.0,278.0,913.0,158.0,805.0,604.0,9.7,25.7,0.3088
1.4,907.0,4.8,753.0,313.0,886.0,167.0,819.0,682.0,9.7,26.8,0.3226
1.7,973.0,6.3,827.0,351.0,825.0,176.0,888.0,846.0,9.4,27.3,0.3216
2.5,1035.0,9.6,961.0,374.0,726.0,204.0,985.0,1027.0,7.9,28.0,0.2999
3.8,1146.0,15.0,1147.0,554.2354347282492,621.0,209.0,1148.0,1315.0,6.9,30.7,0.3066
3.4201355319350166,1176.0,15.4,1162.0,468.0,600.0,195.3074154605184,1137.0,1363.0,6.1,33.3,0.3152
2.8,1057.0,8.9,935.0,368.0,720.0,211.0,982.0,1236.0,5.0,37.4,0.329
1.5,974.0,5.0,763.0,239.0,861.0,174.0,865.0,1076.0,4.2,40.9,0.3417
1.8,1044.0,6.5,834.0,292.0,781.0,181.0,924.0,1200.0,3.9,43.5,0.3538
1.5,988.0,4.4,734.0,205.0,860.0,157.0,868.0,1081.0,3.0,47.7,0.3658
1.5,1016.0,5.3,781.0,255.0,799.0,154.0,918.0,1174.0,2.5,52.1,0.3855
1.2,929.0,3.1,659.0,220.0,920.0,147.0,851.0,1033.0,2.0,53.5,0.3831
0.7,888.0,1.9,574.0,153.0,1035.0,114.0,820.0,886.0,1.4,56.8,0.3903
0.7,927.0,2.8,638.0,224.0,949.0,134.0,846.0,949.0,0.9,58.4,0.388
1.3,991.0,5.5,786.0,295.0,817.0,144.0,931.0,1037.0,0.3,61.0,0.3881
3.4,1317.0,18.3,1247.0,645.0074701393498,558.0,198.04209824758925,1360.0,1571.0,0.9,59.1,0.3913
5.5,1402.0,26.3,1462.0,764.6837764773119,449.0,223.0,1599.0,1885.0,4.1,47.9,0.3959
4.1,1222.0,16.3,1188.0,666.0,554.0,215.53277654833153,1265.0,1683.0,7.7,34.6,0.3652
3.0,1109.0,12.3,1060.0,595.0,650.0,215.0,1091.0,1412.0,10.9,25.7,0.3341
1.9,959.0,7.4,875.0,421.0,797.0,183.3092037803399,864.0,1006.0,13.7,17.4,0.2715
1.8,964.0,8.1,902.0,292.0,780.0,162.0,882.0,855.0,14.0,16.8,0.2672
2.1,1006.0,10.8,1006.0,308.0,705.0,165.0,988.0,964.0,14.1,17.0,0.2729
2.3,1002.0,9.7,968.0,347.0,732.0,171.0,920.0,886.0,15.0,15.8,0.2678
2.3,997.0,9.9,975.0,377.0,739.0,186.49136579334967,926.0,947.0,16.5,14.9,0.2775
2.0,1019.0,9.6,964.0,325.0,729.0,181.2309348112109,957.0,984.0,15.8,16.7,0.2972
3.503551119048972,1192.0,16.5,1196.0,508.0,581.0,204.0,1222.0,1450.0,13.2,23.9,0.3597
5.1,1399.0,23.4,1387.0,768.0,487.0,225.57601864326193,1499.0,1837.0,11.0,33.8,0.4436
5.9,1419.0,24.2,1408.0,764.0,466.0,225.71121182745043,1531.0,1899.0,9.5,39.0,0.4644
3.2,1250.0,13.3,1094.0,500.0,600.0,215.0,1198.0,1629.0,8.5,42.4,0.4716
2.4,1156.0,8.4,916.0,463.0,687.0,206.0,1055.0,1490.0,7.5,44.0,0.4564
1.4,1064.0,5.4,783.0,258.0,785.0,167.0,954.0,1319.0,6.6,46.0,0.4505
1.4,1066.0,5.2,771.0,214.0,795.0,145.0,949.0,1247.0,5.5,49.6,0.4526
1.3,1031.0,4.6,741.0,191.0,821.0,133.0,927.0,1144.0,4.9,52.2,0.4567
1.0,973.0,3.2,663.0,154.0,889.0,117.0,887.0,1014.0,4.6,53.5,0.4584
0.8,930.0,2.5,616.0,113.0,969.0,90.0,893.0,875.0,3.8,56.8,0.4614
0.9,949.0,2.8,640.0,167.0,902.0,112.0,909.0,971.0,2.3,63.5,0.463
0.9,979.0,3.9,707.0,235.0,851.0,120.0,959.0,1048.0,2.0,64.9,0.4657
1.7,1094.0,7.2,865.0,372.0,708.0,141.0,1061.0,1223.0,2.0,65.3,0.4688
4.667736071587454,1450.0,20.9,1322.0,694.7317457737472,490.0,190.0,1497.0,1756.0,3.3,61.6,0.4829
6.0,1508.0,27.0,1479.0,772.8638552995881,419.0,215.0,1685.0,2014.0,5.7,52.5,0.4851
4.308128337819633,1374.0,18.5,1255.0,733.0,504.0,215.0,1375.0,1855.0,8.3,43.5,0.4774
3.3,1308.0,14.0,1117.0,542.7408092989725,549.0,201.73189072289586,1261.0,1795.0,10.5,38.9,0.4926
2.3,1249.0,10.5,996.0,457.0,593.0,194.0,1198.0,1575.0,14.5,33.4,0.5488
2.4,1282.0,11.2,1023.0,369.0,573.0,159.0,1305.0,1461.0,15.7,34.6,0.6147
2.2,1253.0,10.3,988.0,285.0,589.0,123.0,1292.0,1314.0,16.1,36.3,0.6593
1.9,1222.0,8.6,924.0,279.0,612.0,121.0,1216.0,1147.0,17.3,34.5,0.6728
1.7,1201.0,7.6,882.0,198.0,638.0,102.0,1189.0,948.0,17.6,34.1,0.6781
1.9,1238.0,10.2,985.0,229.0,592.0,114.0,1271.0,1252.0,18.0,33.1,0.6779
3.8,1434.0,17.8,1234.0,477.0,476.0,168.0,1520.0,1676.0,14.6,41.0,0.6792
5.3,1573.0,25.3,1436.0,677.7240932831304,407.0,207.0,1747.0,2056.0,12.8,46.2,0.6794
5.9,1552.0,24.4,1413.0,682.0,407.0,209.38513795342607,1724.0,2088.0,11.5,53.9,0.7312
5.5,1510.0,20.0,1297.0,681.8786595518284,458.0,205.2473677754017,1606.0,1945.0,10.6,58.8,0.7512
2.0,1165.0,7.3,870.0,298.0,671.0,148.0,1181.0,1482.0,9.7,60.0,0.7238
1.8,1177.0,6.6,837.0,265.0,670.0,137.0,1161.0,1448.0,8.3,64.2,0.7071
1.6,1135.0,5.7,800.0,196.0,705.0,123.0,1130.0,1304.0,7.8,65.5,0.6961
1.3,1070.0,4.5,739.0,155.0,767.0,109.0,1070.0,1186.0,7.5,65.9,0.6868
1.1,1034.0,4.1,715.0,131.0,801.0,98.0,1067.0,1051.0,6.1,72.1,0.6847
1.0,988.0,3.3,673.0,165.0,838.0,94.0,1034.0,969.0,4.0,80.9,0.667
0.8,975.0,3.3,668.0,169.0,874.0,95.0,1020.0,951.0,4.2,79.1,0.6611
0.9,984.0,3.5,681.0,224.0,852.0,101.0,1020.0,970.0,5.3,73.2,0.6577
1.3,1092.0,6.4,831.0,249.0,720.0,100.0,1143.0,1090.0,4.3,76.1,0.6395
4.1,1454.0,20.1,1299.0,622.0907640043508,457.0,150.0,1606.0,1673.0,4.8,74.6,0.647
3.9,1446.0,21.2,1328.0,665.0,439.0,168.0,1620.0,1833.0,7.5,64.5,0.6702
3.5,1316.0,13.7,1105.0,670.0,511.0,199.0,1372.0,1828.0,11.7,49.3,0.6772
2.7,1283.0,11.7,1039.0,500.0,549.0,188.89205298215154,1308.0,1724.0,14.7,41.2,0.6857
2.3,1223.0,10.6,999.0,428.0,578.0,161.0,1258.0,1547.0,17.4,33.2,0.6535
2.1,1041.0,9.1,945.0,306.0,692.0,145.0,1082.0,1000.0,19.1,18.1,0.3955
2.2,1008.0,9.2,946.0,334.0,705.0,148.0,1016.0,942.0,19.5,15.3,0.3431
1.8,962.0,5.9,807.0,268.0,821.0,131.0,901.0,745.0,20.2,14.4,0.337
1.9,1048.0,8.6,925.0,284.0,721.0,137.0,1022.0,941.0,19.8,16.0,0.3632
2.7,1145.0,12.7,1074.0,393.0,593.0,163.0,1186.0,1232.0,16.5,21.6,0.4012
4.7,1198.0,19.8,1291.0,603.0,531.0,221.35897669731668,1295.0,1527.0,14.5,18.3,0.2996
5.4,1319.0,23.8,1399.0,757.0,497.0,232.55568120718348,1458.0,1746.0,12.8,22.8,0.3364
4.2,1274.0,14.6,1136.0,610.533154359321,547.0,229.0,1233.0,1741.0,11.5,35.9,0.4862
2.1,1085.0,7.6,882.0,426.0,705.0,184.0,985.0,1433.0,9.5,34.6,0.411
1.4,1017.0,4.9,760.0,254.0,806.0,151.0,922.0,1235.0,8.3,38.2,0.4203
1.4,1039.0,5.2,774.0,227.0,786.0,133.0,949.0,1173.0,7.7,41.7,0.4387
1.4,1027.0,4.8,751.0,221.0,798.0,135.0,936.0,1171.0,6.8,44.9,0.4472
1.0,952.0,3.2,662.0,155.0,905.0,111.0,887.0,1024.0,5.7,49.4,0.4551
0.8,930.0,2.4,609.0,120.0,968.0,90.0,864.0,928.0,5.7,50.1,0.4629
0.7,897.0,2.1,594.0,128.0,999.0,89.0,870.0,871.0,4.9,55.2,0.4807
0.6,928.0,2.7,631.0,148.0,985.0,89.0,908.0,884.0,4.5,56.3,0.48
0.2,987.0,4.5,738.0,233.0,833.0,117.0,957.0,1010.0,3.8,59.7,0.4839
1.5,1272.0,13.8,1111.0,470.0,563.0,141.0,1279.0,1416.0,4.3,58.6,0.4915
3.5,1452.0,22.7,1370.0,679.0,445.0,208.3858449764615,1581.0,1817.0,7.1,50.0,0.5067
3.0,1415.0,19.3,1278.0,629.9546320294672,483.0,211.0,1399.0,1870.0,11.1,38.4,0.5066
1.0,1203.0,9.3,951.0,339.0,618.0,162.0,1162.0,1305.0,17.2,30.6,0.5949
1.5,1258.0,12.1,1052.0,354.0,551.0,172.0,1297.0,1205.0,17.8,33.3,0.6741
2.2,1328.0,14.2,1123.0,466.0,508.0,182.0,1404.0,1339.0,18.8,31.8,0.6853
1.7,1260.0,12.3,1059.0,417.0,544.0,180.0,1319.0,1161.0,19.3,29.9,0.6604
1.1,1201.0,10.2,985.0,289.0,585.0,156.0,1252.0,996.0,18.8,31.5,0.6752
1.3,1161.0,10.4,992.0,324.0,601.0,168.0,1211.0,906.0,18.2,28.1,0.5817
1.5,1254.0,13.9,1112.0,376.0,533.0,181.0,1349.0,1161.0,16.0,35.3,0.6356
4.824067280323691,1452.0,23.1,1381.0,619.0,428.0,226.0,1661.0,1695.0,13.8,43.6,0.6825
3.8,1438.0,22.8,1374.0,689.0,435.0,201.55587343933055,1640.0,1705.0,12.9,48.8,0.725
2.8,1273.0,13.4,1096.0,582.0,553.0,222.0,1350.0,1379.0,12.8,49.3,0.7277
0.8,1096.0,6.8,850.0,287.0,690.0,165.0,1146.0,943.0,12.2,50.9,0.7202
0.5,1151.0,6.0,813.0,238.0,702.0,151.0,1156.0,1073.0,10.6,55.9,0.7138
1.0,1189.0,5.7,797.0,312.0,688.0,174.0,1157.0,1213.0,10.3,55.9,0.7014
0.4,1078.0,3.9,704.0,231.0,765.0,145.0,1077.0,898.0,10.2,55.8,0.6927
0.4,1152.0,4.9,759.0,234.0,706.0,147.0,1113.0,1094.0,10.0,57.3,0.7015
0.3,1128.0,4.5,740.0,195.0,705.0,134.0,1113.0,1064.0,10.2,57.9,0.7191
0.1,1053.0,3.3,671.0,132.0,807.0,88.0,1137.0,570.0,10.6,66.1,0.8444
0.2,1140.0,5.8,800.0,178.0,679.0,109.0,1209.0,782.0,12.6,58.5,0.8517
0.6,1136.0,6.2,822.0,218.0,653.0,130.0,1184.0,744.0,15.0,48.6,0.8253
0.7,1180.0,6.7,846.0,246.0,646.0,137.0,1206.0,791.0,14.2,51.5,0.8313
0.6,1131.0,5.6,792.0,252.0,678.0,145.0,1177.0,749.0,15.1,48.6,0.8266
0.3,1083.0,5.8,804.0,208.0,702.0,128.0,1105.0,615.0,18.0,35.4,0.7233
0.5,1120.0,7.0,859.0,219.0,640.0,129.0,1167.0,681.0,17.9,35.3,0.7184
0.2,1038.0,3.8,699.0,160.0,765.0,105.0,1042.0,515.0,17.7,35.0,0.7014
0.4,1096.0,5.5,788.0,191.0,699.0,114.0,1115.0,583.0,17.6,35.5,0.7065
0.7,1126.0,7.6,881.0,270.0,648.0,146.0,1140.0,728.0,17.5,34.1,0.6775
0.9,1153.0,8.3,910.0,285.0,622.0,156.0,1208.0,827.0,15.6,40.0,0.7018
0.8,1177.0,7.5,878.0,289.0,641.0,152.0,1224.0,844.0,14.0,47.8,0.7582
2.4,1383.0,14.1,1119.0,461.20515558214277,522.0,201.0,1415.0,1310.0,13.2,51.4,0.776
3.3,1363.0,12.4,1064.0,508.1868340040363,536.0,221.0,1350.0,1353.0,12.0,56.1,0.7832
0.9,1087.0,5.8,803.0,314.0,699.0,144.72364927823048,1130.0,907.0,11.6,54.7,0.7454
0.1,1028.0,3.9,703.0,166.0,783.0,114.0,1070.0,646.0,12.0,53.3,0.7472
0.1,1017.0,2.8,641.0,157.0,892.0,107.0,1044.0,482.0,12.5,55.4,0.7999
0.1,1050.0,3.1,660.0,173.0,860.0,113.0,1071.0,526.0,12.3,56.0,0.7958
0.2,1023.0,3.3,672.0,184.0,819.0,118.0,1069.0,595.0,12.4,53.4,0.7669
0.1,1034.0,3.0,651.0,166.0,861.0,112.0,1060.0,601.0,12.9,49.9,0.7406
0.3,1160.0,5.0,765.0,260.0,711.0,148.0,1134.0,962.0,13.9,47.3,0.7479
1.0,1283.0,7.7,887.0,362.0,607.0,160.0,1238.0,1231.0,13.5,51.6,0.7931
1.6,1387.0,10.1,981.0,415.0,535.0,164.0,1368.0,1396.0,13.2,56.2,0.8499
1.4,1325.0,8.5,921.0,358.0,570.0,159.0,1345.0,1297.0,14.2,57.8,0.9292
0.3,1057.0,2.8,641.0,170.0,803.0,110.0,1103.0,616.0,17.2,46.2,0.8989
0.1,1078.0,3.3,668.0,130.0,855.0,82.0,1109.0,509.0,19.9,36.6,0.8406
0.3,1159.0,5.0,762.0,177.0,742.0,102.0,1158.0,590.0,19.7,37.1,0.8399
0.5,1195.0,5.6,795.0,233.0,710.0,119.0,1157.0,718.0,19.0,37.4,0.8122
0.8,1217.0,7.1,861.0,282.0,642.0,135.0,1234.0,898.0,16.4,43.5,0.8055
3.2,1542.0,16.7,1200.0,583.0,469.0,192.5651753178995,1520.0,1577.0,15.1,49.8,0.8458
2.8,1407.0,12.5,1066.0,566.0,525.0,211.0,1397.0,1560.0,14.8,51.0,0.8507
1.0,1189.0,6.6,837.0,323.0,665.0,172.0,1204.0,1208.0,14.6,51.6,0.8508
0.9,1208.0,8.3,911.0,318.0,613.0,166.0,1245.0,1244.0,13.7,52.1,0.8121
0.9,1207.0,7.1,861.0,336.0,649.0,168.0,1217.0,1181.0,13.2,55.6,0.8412
0.4,1056.0,3.8,699.0,196.0,787.0,134.0,1085.0,828.0,13.2,55.9,0.8465
0.4,1128.0,5.2,771.0,193.0,733.0,122.0,1178.0,923.0,11.7,62.1,0.8535
0.3,1119.0,5.3,778.0,192.0,705.0,123.0,1187.0,1096.0,9.9,68.9,0.8388
0.1,1077.0,3.8,701.0,147.0,761.0,104.0,1122.0,1106.0,9.8,68.0,0.8227
0.8,1016.0,2.9,647.0,117.0,824.0,85.0,1090.0,937.0,8.4,74.5,0.8241
1.0,1103.0,4.4,730.0,201.0,735.0,103.0,1139.0,1049.0,9.2,71.0,0.8299
1.6,1176.0,7.5,880.0,318.0,634.0,127.0,1257.0,1180.0,9.9,67.6,0.8239
3.5,1430.0,15.7,1169.0,658.0,481.0,163.0,1543.0,1514.0,10.8,64.4,0.8328
4.0,1572.0,22.9,1374.0,680.0,411.0,155.0,1763.0,1771.0,11.7,61.7,0.8483
3.5,1243.0,10.8,1006.0,402.4192977286186,572.0,170.0,1349.0,1395.0,13.7,51.9,0.8106
1.6,1101.0,6.1,817.0,290.0,707.0,141.0,1157.0,1024.0,16.3,43.5,0.7988
1.5,1103.0,7.0,857.0,230.0,681.0,123.0,1182.0,946.0,17.9,38.8,0.7883
1.5,1116.0,7.1,859.0,215.0,670.0,124.0,1197.0,864.0,19.3,35.5,0.7876
1.7,1141.0,8.1,904.0,226.0,646.0,126.0,1249.0,889.0,20.1,32.9,0.7672
1.6,1151.0,7.7,885.0,240.0,660.0,128.0,1222.0,903.0,20.0,33.0,0.7625
2.4,1263.0,10.8,1008.0,391.0,597.0,158.0,1308.0,1121.0,20.2,32.2,0.7526
3.4,1324.0,14.4,1128.0,492.0,540.0,177.0,1441.0,1319.0,18.9,34.4,0.7436
5.4,1533.0,25.4,1439.0,623.4623030589382,416.0,225.0,1799.0,1829.0,17.9,37.6,0.7624
5.689820613788815,1626.0,29.1,1531.0,685.5163686897558,371.0,234.0,1937.0,2000.0,16.7,43.4,0.8168
5.47523777320863,1639.0,28.3,1510.0,679.0584963955466,378.0,203.79995136148437,1904.0,2001.0,15.9,47.9,0.8573
3.4883425970683004,1346.0,14.2,1124.0,510.0,502.0,192.0,1490.0,1598.0,15.3,52.6,0.906
2.1,1218.0,8.4,914.0,308.0,597.0,158.0,1291.0,1383.0,13.7,58.5,0.9146
1.6,1166.0,7.5,880.0,248.0,631.0,137.7113898899906,1280.0,1238.0,12.7,62.8,0.9198
1.5,1095.0,5.2,772.0,233.0,721.0,140.0,1175.0,1023.0,12.2,65.0,0.9193
0.7,958.0,2.2,601.0,96.0,947.0,79.0,1054.0,659.0,13.0,61.2,0.9105
0.7,960.0,2.0,582.0,90.0,933.0,69.0,1062.0,657.0,11.1,66.1,0.8738
0.6,972.0,1.8,571.0,95.0,931.0,72.0,1063.0,764.0,10.1,69.8,0.8619
0.5,911.0,1.1,508.0,68.0,1048.0,58.0,1005.0,667.0,11.6,61.0,0.8299
0.4,923.0,1.2,516.0,75.0,1049.0,59.0,1002.0,667.0,10.1,64.5,0.7968
0.6,981.0,2.4,610.0,145.0,867.0,88.0,1068.0,856.0,9.3,67.9,0.7969
0.9,1038.0,3.8,701.0,185.0,760.0,110.0,1102.0,940.0,10.1,64.3,0.7934
2.6,1370.0,14.0,1118.0,506.0,495.0,151.0,1459.0,1406.0,10.4,62.7,0.7909
3.3,1471.0,18.9,1265.0,485.0,434.0,183.9863582154375,1655.0,1617.0,13.0,53.9,0.8036
4.0,1447.0,15.6,1167.0,494.38741520638536,466.0,194.0,1514.0,1694.0,16.4,44.6,0.8242
3.1,1329.0,13.2,1090.0,562.0,508.0,181.0,1401.0,1473.0,19.1,36.7,0.8044
2.2,1197.0,10.3,989.0,357.0,577.0,161.0,1297.0,1087.0,21.0,30.6,0.7508
2.1,1198.0,9.7,968.0,306.0,590.0,143.0,1264.0,945.0,22.1,27.6,0.7254
2.2,1171.0,10.0,977.0,292.0,608.0,142.0,1234.0,905.0,22.2,25.5,0.6752
1.9,1191.0,10.9,1011.0,305.0,620.0,146.0,1262.0,903.0,23.6,23.2,0.6665
2.5,1213.0,12.3,1060.0,386.0,578.0,166.0,1292.0,1041.0,23.6,22.9,0.6571
2.9,1258.0,14.2,1124.0,408.0,552.0,172.0,1363.0,1194.0,22.8,24.6,0.6736
3.9,1413.0,21.6,1339.0,521.0,464.0,196.0,1611.0,1533.0,20.3,29.7,0.6973
6.3,1610.0,30.9,1573.0,737.3619823979867,381.0,243.0,1890.0,1932.0,18.0,36.0,0.7345
6.295111761909833,1710.0,33.5,1632.0,754.0933934925725,346.0,248.0,2028.0,2140.0,16.4,41.9,0.7759
5.7,1515.0,19.9,1295.0,754.0,435.0,216.59893140592246,1615.0,1871.0,14.9,47.6,0.8003
2.3,1199.0,8.4,916.0,350.0,613.0,174.0,1227.0,1435.0,13.8,49.6,0.7793
1.5,1128.0,6.1,818.0,244.0,674.0,149.0,1156.0,1303.0,13.2,51.6,0.7765
1.4,1108.0,5.7,798.0,221.0,694.0,134.0,1144.0,1199.0,11.8,56.9,0.7836
1.1,1038.0,4.0,709.0,183.0,768.0,123.0,1087.0,1069.0,11.4,58.0,0.7818
0.9,1004.0,2.9,646.0,166.0,823.0,111.0,1054.0,989.0,11.3,58.0,0.7742
0.7,969.0,2.0,584.0,133.0,904.0,93.0,1021.0,899.0,10.7,59.6,0.7673
0.6,938.0,1.7,559.0,147.0,942.0,97.0,1026.0,850.0,9.0,65.4,0.7532
0.6,927.0,1.6,549.0,119.0,967.0,86.0,1008.0,828.0,8.0,68.9,0.7402
0.8,977.0,3.3,673.0,179.0,830.0,99.0,1060.0,902.0,7.5,70.9,0.7358
1.0,1011.0,3.6,685.0,178.0,823.0,99.0,1054.0,902.0,7.6,69.2,0.7238
2.1,1228.0,10.2,984.0,390.0,588.0,129.0,1293.0,1222.0,8.7,64.3,0.7257
4.2,1521.0,25.2,1434.0,579.0,404.0,161.0,1809.0,1784.0,11.7,54.3,0.7459
4.3,1425.0,16.0,1178.0,735.0,468.0,202.0,1477.0,1761.0,15.9,42.2,0.7553
3.2,1339.0,13.3,1094.0,568.0,509.0,200.0,1376.0,1634.0,19.3,34.7,0.7681
2.8,1310.0,11.9,1046.0,487.0,552.0,194.0,1351.0,1527.0,23.1,27.3,0.7615
2.4,1250.0,10.9,1012.0,343.0,585.0,173.0,1249.0,1192.0,26.1,20.8,0.6959
2.5,1181.0,11.0,1015.0,351.0,617.0,169.0,1192.0,1023.0,26.8,17.9,0.6249
2.9,1272.0,17.3,1220.0,417.0,533.0,188.0,1353.0,1251.0,28.4,16.0,0.6095
3.0,1231.0,12.4,1064.0,509.0,618.0,211.0,1188.0,1082.0,28.8,15.1,0.5877
3.6,1286.0,17.4,1223.0,573.0,529.0,210.0,1350.0,1348.0,27.9,15.6,0.5782
3.5,1315.0,17.5,1225.0,518.0,509.0,193.0,1408.0,1365.0,24.1,20.6,0.6075
4.8,1494.0,26.2,1460.0,641.0,420.0,227.0,1682.0,1827.0,21.0,28.0,0.6904
4.4,1494.0,23.1,1381.0,544.0,422.0,223.0,1677.0,1879.0,18.4,38.8,0.8152
4.841397654347777,1545.0,23.5,1390.0,582.0,423.0,229.0,1676.0,1915.0,16.9,42.9,0.8222
2.9,1354.0,13.3,1094.0,407.0,517.0,194.0,1357.0,1705.0,15.5,45.0,0.7895
2.1,1301.0,10.5,998.0,327.0,553.0,171.0,1283.0,1610.0,14.3,49.6,0.8049
1.6,1144.0,6.3,826.0,221.0,661.0,147.0,1158.0,1300.0,14.7,48.0,0.7977
1.2,1080.0,4.4,732.0,142.0,748.0,111.0,1087.0,1093.0,13.3,51.4,0.7821
0.9,1013.0,3.3,671.0,123.0,817.0,104.0,1056.0,986.0,12.6,53.7,0.7793
0.7,966.0,2.0,587.0,106.0,921.0,90.0,1017.0,846.0,11.5,56.8,0.7706
0.5,919.0,1.4,532.0,85.0,997.0,69.0,983.0,714.0,9.8,61.8,0.7523
0.6,953.0,2.3,604.0,114.0,903.0,84.0,1020.0,838.0,9.0,64.3,0.7417
1.3,1117.0,5.9,808.0,299.0,669.0,123.0,1178.0,1109.0,7.9,68.4,0.7324
3.8,1485.0,18.9,1265.0,530.2070949080858,441.0,166.0,1647.0,1676.0,9.5,62.6,0.7444
5.6,1583.0,26.1,1457.0,745.0,376.0,189.0,1808.0,1976.0,13.2,51.0,0.7704
4.4,1448.0,16.2,1187.0,550.6581717661162,471.0,217.0,1490.0,1814.0,16.9,40.3,0.7717
3.0,1294.0,10.8,1006.0,571.0,567.0,196.0,1296.0,1538.0,20.8,31.3,0.7617
2.2,1269.0,11.1,1016.0,388.0,579.0,189.0,1273.0,1383.0,24.3,24.7,0.7407
2.0,1247.0,10.2,985.0,323.0,581.0,174.0,1255.0,1184.0,26.7,22.6,0.7785
2.2,1239.0,11.9,1045.0,312.0,559.0,161.0,1312.0,1094.0,27.1,21.7,0.7636
2.1,1199.0,11.8,1041.0,320.0,574.0,158.0,1271.0,986.0,28.3,17.9,0.6769
2.2,1216.0,10.9,1013.0,322.0,576.0,161.0,1277.0,967.0,27.8,20.0,0.7378
1.9,1131.0,8.6,925.0,276.0,638.0,147.0,1158.0,831.0,26.2,19.4,0.6491
2.7,1300.0,15.0,1149.0,341.0,530.0,165.0,1353.0,1182.0,22.7,24.4,0.6661
3.9,1358.0,21.3,1331.0,531.0,459.0,214.0,1518.0,1523.0,20.2,29.3,0.686
5.6,1492.0,24.8,1425.0,654.2736830412395,417.0,213.72274272263527,1690.0,1780.0,17.3,35.2,0.6907
4.2803877496541425,1413.0,18.4,1251.0,597.7787029848903,478.0,240.0,1504.0,1682.0,16.1,38.7,0.7023
2.2,1210.0,9.1,943.0,333.0,611.0,188.0,1224.0,1390.0,14.6,44.5,0.7337
1.9,1196.0,8.1,902.0,299.0,620.0,173.0,1185.0,1390.0,13.7,48.6,0.7555
1.4,1101.0,5.9,809.0,224.0,690.0,150.0,1123.0,1201.0,12.4,52.2,0.7513
1.3,1076.0,5.1,770.0,195.0,721.0,134.0,1093.0,1107.0,11.9,53.4,0.7414
1.1,1040.0,4.5,736.0,209.0,740.0,132.0,1099.0,1050.0,10.4,58.4,0.7367
0.9,989.0,3.2,667.0,168.0,824.0,117.0,1048.0,943.0,8.9,63.5,0.7268
0.9,966.0,2.8,639.0,153.0,843.0,103.0,1033.0,903.0,8.2,65.9,0.7168
0.7,912.0,2.0,587.0,140.0,922.0,99.0,1002.0,826.0,7.7,67.1,0.7074
0.8,960.0,3.3,668.0,184.0,841.0,106.0,1038.0,878.0,7.2,68.6,0.6978
1.2,1028.0,5.4,784.0,266.0,709.0,113.0,1110.0,996.0,7.5,66.7,0.6943
2.9,1375.0,14.5,1134.0,518.0,504.0,141.0,1467.0,1470.0,8.7,61.6,0.696
5.4,1522.0,26.5,1466.0,681.0,380.0,180.0,1822.0,1883.0,12.0,51.0,0.7131
4.3,1400.0,17.6,1227.0,558.0,465.0,192.0,1542.0,1661.0,15.4,42.5,0.7379
3.1,1323.0,14.9,1144.0,457.0,502.0,187.0,1405.0,1568.0,18.8,33.5,0.7186
2.4,1250.0,10.3,990.0,353.0,579.0,169.0,1262.0,1291.0,22.2,28.1,0.7426
2.3,1283.0,12.0,1048.0,313.0,550.0,161.0,1336.0,1226.0,24.7,25.5,0.7785
2.3,1171.0,10.4,993.0,290.0,597.0,160.0,1208.0,841.0,25.0,23.4,0.7301
2.3,1264.0,12.9,1081.0,318.0,555.0,178.93513946357066,1323.0,951.0,25.9,21.9,0.7209
3.4,1301.0,15.1,1152.0,479.0,525.0,219.0,1343.0,1151.0,25.6,21.7,0.7039
3.7,1321.0,15.8,1175.0,494.0,525.0,212.0,1366.0,1279.0,25.1,21.8,0.6854
4.1,1343.0,20.1,1298.0,551.0,477.0,225.0,1495.0,1416.0,22.1,25.6,0.6728
5.086820390871781,1493.0,25.6,1444.0,669.6377064022151,417.0,240.0,1702.0,1738.0,19.1,32.5,0.7112
5.3,1545.0,24.0,1403.0,642.9262117203956,407.0,223.0,1743.0,1821.0,16.7,42.5,0.8002
4.9,1477.0,18.3,1247.0,592.5935603270299,456.0,197.8286716647445,1562.0,1733.0,15.5,48.3,0.8439
2.0,1202.0,7.2,864.0,282.0,620.0,159.0,1255.0,1115.0,13.3,60.5,0.9168
1.9,1236.0,6.8,849.0,251.0,631.0,150.0,1274.0,1131.0,12.1,67.6,0.9539
2.2,1206.0,6.8,849.0,307.0,640.0,163.0,1245.0,1127.0,11.8,68.3,0.9432
1.9,1192.0,6.4,832.0,282.0,646.0,155.0,1253.0,1167.0,11.6,68.3,0.9314
1.1,1044.0,2.7,630.0,160.0,845.0,119.0,1099.0,809.0,11.8,67.9,0.9362
1.0,1053.0,2.9,648.0,125.0,808.0,94.0,1109.0,709.0,12.3,65.8,0.9374
0.9,1023.0,2.2,600.0,106.0,872.0,80.0,1089.0,575.0,12.2,66.9,0.9496
0.9,1005.0,2.5,620.0,111.0,846.0,83.0,1098.0,572.0,12.1,67.3,0.948
0.7,959.0,1.9,578.0,115.0,907.0,79.0,1079.0,546.0,11.8,67.1,0.9274
1.0,1049.0,3.6,686.0,156.0,793.0,96.0,1159.0,795.0,11.9,65.6,0.9129
2.0,1255.0,10.1,983.0,320.0,555.0,141.0,1439.0,1268.0,12.2,65.6,0.93
2.7,1285.0,10.9,1009.0,380.0,517.0,159.55247897729143,1452.0,1366.0,12.8,64.4,0.9448
2.5,1254.0,9.9,973.0,371.0,543.0,156.0,1403.0,1328.0,13.4,62.0,0.9498
2.4,1253.0,9.7,966.0,343.0,560.0,162.0,1378.0,1251.0,14.5,57.0,0.9333
2.2,1242.0,8.9,935.0,297.0,584.0,164.0,1327.0,1127.0,15.8,51.3,0.9144
2.1,1212.0,8.5,918.0,281.0,593.0,160.0,1308.0,1066.0,17.5,46.0,0.9104
1.8,1165.0,6.6,839.0,220.0,652.0,140.0,1214.0,867.0,19.5,40.2,0.901
1.4,1136.0,5.4,781.0,174.0,712.0,119.0,1169.0,691.0,21.2,35.9,0.8943
2.1,1233.0,8.7,926.0,260.0,617.0,153.0,1293.0,917.0,21.7,35.1,0.8993
1.7,1177.0,5.8,800.0,222.0,696.0,139.0,1191.0,748.0,20.5,38.4,0.9161
1.9,1223.0,7.6,883.0,266.0,614.0,156.0,1289.0,968.0,18.2,45.9,0.9488
2.7,1360.0,12.4,1063.0,387.0,507.0,183.0,1483.0,1420.0,16.2,53.0,0.9722
3.2,1435.0,14.7,1140.0,425.0,477.0,185.0,1550.0,1530.0,15.0,57.6,0.9777
3.3,1305.0,10.5,995.0,484.0,552.0,200.0,1402.0,1341.0,14.1,60.8,0.9716
2.3,1199.0,7.3,869.0,325.0,618.0,163.0,1306.0,1160.0,13.2,65.6,0.9882
1.9,1217.0,8.5,921.0,257.0,589.0,154.0,1336.0,1261.0,13.5,63.8,0.9797
1.9,1200.0,6.8,847.0,273.0,636.0,138.26457652206798,1297.0,1132.0,13.6,63.4,0.9794
1.9,1150.0,5.9,807.0,276.0,669.0,149.0,1243.0,1042.0,13.6,63.5,0.9857
1.5,1086.0,4.3,726.0,202.0,736.0,131.0,1192.0,848.0,13.4,64.8,0.988
1.1,1027.0,3.5,684.0,132.0,788.0,94.0,1149.0,666.0,13.2,64.8,0.9801
0.8,985.0,2.4,610.0,87.0,851.0,69.0,1101.0,604.0,12.6,65.9,0.9583
0.6,934.0,1.6,552.0,70.0,966.0,57.0,1063.0,520.0,13.1,64.0,0.9591
0.7,977.0,2.7,631.0,113.0,859.0,78.0,1120.0,659.0,12.4,66.2,0.95
0.7,970.0,2.5,618.0,112.0,888.0,84.0,1095.0,611.0,13.3,62.4,0.946
1.0,1041.0,3.9,706.0,140.0,778.0,97.0,1178.0,756.0,14.0,59.7,0.9491
1.5,1144.0,6.2,821.0,214.0,651.0,123.0,1262.0,988.0,15.4,54.0,0.9385
2.4,1209.0,8.8,933.0,334.0,581.0,166.0,1329.0,1058.0,17.0,47.5,0.9146
1.6,1083.0,4.3,727.0,203.0,763.0,130.0,1135.0,636.0,18.6,42.6,0.904
1.2,1063.0,3.4,678.0,163.0,796.0,109.0,1107.0,522.0,21.5,35.0,0.8886
0.9,988.0,2.2,600.0,110.0,912.0,82.0,1033.0,415.0,21.3,35.6,0.8924
0.9,1060.0,3.6,686.0,107.0,830.0,73.0,1110.0,445.0,23.1,32.1,0.8973
1.1,1087.0,4.1,717.0,135.0,786.0,91.0,1112.0,515.0,22.1,34.5,0.9035
1.4,1153.0,5.7,798.0,187.0,715.0,109.0,1184.0,678.0,21.5,35.7,0.905
1.7,1167.0,6.6,838.0,240.0,660.0,128.0,1227.0,825.0,19.3,41.6,0.923
2.9,1370.0,12.7,1072.0,398.0,535.0,155.0,1428.0,1233.0,17.3,47.8,0.9363
4.0,1403.0,14.8,1142.0,585.0,492.0,176.0,1518.0,1419.0,16.0,54.9,0.9934
4.0,1364.0,12.3,1061.0,590.0,534.0,179.0,1436.0,1397.0,15.6,58.0,1.0197
1.9,1111.0,6.3,825.0,295.0,679.0,124.0,1238.0,975.0,14.8,61.3,1.025
1.5,1091.0,5.3,777.0,209.0,711.0,105.0,1217.0,891.0,13.8,63.4,0.9916
1.5,1107.0,5.3,777.0,183.0,697.0,99.0,1221.0,945.0,13.1,66.1,0.9913
1.6,1095.0,4.7,746.0,177.0,716.0,104.0,1217.0,916.0,13.3,66.4,1.0128
1.1,1027.0,3.3,673.0,126.0,794.0,95.0,1160.0,770.0,13.3,67.0,1.0207
0.8,996.0,2.7,631.0,100.0,845.0,81.0,1153.0,697.0,13.1,68.6,1.0288
0.7,955.0,2.0,582.0,83.0,902.0,68.0,1118.0,611.0,12.2,72.4,1.0224
0.6,947.0,1.6,553.0,84.0,944.0,69.0,1110.0,693.0,11.6,73.8,1.0054
0.7,1003.0,3.0,650.0,113.0,831.0,73.0,1158.0,750.0,12.9,67.5,0.999
1.3,1120.0,6.1,815.0,270.0,660.0,113.0,1291.0,1053.0,12.8,68.0,1.0023
3.2,1476.0,17.3,1219.0,487.0,459.0,141.0,1673.0,1561.0,13.5,63.9,0.9875
6.1,1653.0,31.0,1573.0,723.0,345.0,174.0,2147.0,1920.0,14.7,59.8,0.9928
4.3,1403.0,15.4,1161.0,614.0,487.0,178.0,1576.0,1583.0,15.9,56.6,1.0147
2.6,1241.0,10.9,1011.0,395.0,545.0,163.0,1428.0,1274.0,18.3,49.4,1.0264
2.0,1176.0,8.4,914.0,310.0,621.0,143.0,1347.0,1083.0,19.8,44.2,1.0091
1.8,1160.0,7.1,862.0,259.0,636.0,127.0,1320.0,924.0,21.6,39.6,1.009
2.1,1224.0,10.0,977.0,251.0,571.0,131.0,1424.0,1002.0,23.3,35.8,1.0086
2.1,1175.0,8.2,906.0,261.0,616.0,135.0,1332.0,905.0,23.8,33.4,0.9699
2.0,1235.0,9.2,947.0,241.0,594.0,131.0,1362.0,923.0,22.8,35.3,0.9693
2.6,1288.0,12.4,1064.0,317.0,539.0,153.0,1446.0,1123.0,22.8,34.9,0.9576
4.5,1512.0,23.3,1386.0,505.0,425.0,198.0,1831.0,1602.0,20.9,39.3,0.9615
5.468307555092747,1609.0,29.7,1544.0,644.9820012839267,367.0,193.75552201174435,1999.0,1878.0,18.6,46.4,0.9867
4.975733748743411,1537.0,25.7,1446.0,657.3865661077591,392.0,189.65273025079497,1855.0,1840.0,17.2,52.7,1.0285
3.8,1315.0,14.3,1126.0,433.0,498.0,183.0,1537.0,1474.0,15.3,61.0,1.054
2.1,1155.0,8.2,909.0,252.0,604.0,144.0,1331.0,1244.0,14.2,65.4,1.0497
1.2,1033.0,4.9,759.0,154.0,735.0,117.0,1185.0,937.0,13.8,65.2,1.0275
1.3,1078.0,5.9,808.0,152.0,696.0,106.0,1221.0,891.0,13.3,65.6,0.9969
1.5,1069.0,5.7,799.0,181.0,682.0,121.0,1211.0,1044.0,12.6,67.9,0.9886
0.9,952.0,2.9,648.0,109.0,847.0,87.0,1107.0,792.0,12.8,64.5,0.9493
0.7,910.0,1.8,570.0,73.0,964.0,62.0,1060.0,670.0,12.8,63.6,0.936
0.5,878.0,1.2,517.0,83.0,1069.0,70.0,1046.0,689.0,12.0,65.2,0.9103
0.6,899.0,1.6,556.0,90.0,1001.0,66.0,1064.0,717.0,10.6,70.8,0.9033
0.7,939.0,2.5,620.0,151.0,905.0,88.0,1095.0,813.0,10.9,69.2,0.9033
0.9,1001.0,3.8,701.0,191.0,816.0,93.0,1130.0,891.0,10.3,70.9,0.8907
2.2,1303.0,13.5,1102.0,403.0,536.0,116.0,1488.0,1323.0,11.8,66.3,0.9174
4.7,1557.0,27.8,1499.0,555.0,381.0,151.0,1945.0,1817.0,14.1,58.9,0.9447
4.5,1402.0,18.8,1263.0,551.0,446.0,169.0,1640.0,1723.0,16.5,51.6,0.9601
3.1,1380.0,15.7,1170.0,473.0,477.0,166.0,1566.0,1656.0,20.2,42.1,0.984
2.8,1350.0,15.6,1168.0,388.0,475.0,160.0,1564.0,1539.0,21.7,39.0,0.9979
2.4,1283.0,12.3,1061.0,296.0,525.0,145.0,1434.0,1294.0,23.5,35.0,0.9977
2.5,1293.0,12.4,1064.0,283.0,522.0,131.0,1446.0,1229.0,23.5,34.2,0.9748
2.0,1197.0,9.1,943.0,256.0,599.0,130.0,1294.0,951.0,25.5,28.3,0.9124
1.7,1142.0,8.6,924.0,234.0,629.0,122.0,1236.0,819.0,25.5,24.7,0.7928
1.7,1147.0,8.4,914.0,215.0,633.0,113.0,1233.0,801.0,22.9,29.2,0.8055
3.3,1448.0,20.9,1322.0,454.0,447.0,156.0,1655.0,1492.0,21.3,32.9,0.8209
4.5,1487.0,21.9,1350.0,595.7132633465152,418.0,191.66913002801104,1698.0,1692.0,20.1,42.4,0.988
4.177961315531219,1476.0,20.4,1308.0,529.0,428.0,175.0,1674.0,1654.0,18.6,46.6,0.9858
4.3,1282.0,11.0,1013.0,354.0,545.0,141.0,1384.0,1287.0,17.4,50.6,0.9989
3.0,1147.0,6.8,848.0,195.0,636.0,101.0,1289.0,938.0,16.4,57.2,1.0574
2.8,1130.0,6.3,828.0,161.0,645.0,102.0,1283.0,973.0,16.3,59.4,1.0895
2.7,1154.0,6.2,822.0,187.0,656.0,119.0,1285.0,1087.0,16.0,60.2,1.0844
2.4,1049.0,3.5,683.0,156.0,782.0,110.0,1190.0,796.0,15.6,61.6,1.0859
2.2,1056.0,3.3,672.0,116.0,769.0,87.0,1184.0,830.0,15.4,62.0,1.0793
2.0,1011.0,2.5,622.0,83.0,827.0,66.0,1158.0,703.0,15.2,63.5,1.0881
0.5,976.0,1.8,568.0,78.0,891.0,63.0,1143.0,705.0,15.0,64.8,1.1007
0.7,1050.0,3.6,690.0,127.0,761.0,71.0,1223.0,867.0,14.2,68.3,1.0988
1.2,1143.0,6.1,818.0,279.0,646.0,103.0,1316.0,1122.0,14.0,68.6,1.0918
3.9,1606.0,22.3,1360.0,649.0,396.0,144.0,1895.0,1771.0,15.4,63.4,1.1045
4.9,1592.0,27.0,1478.0,593.0,360.0,158.0,1975.0,1874.0,17.8,53.3,1.0736
4.6,1510.0,19.5,1282.0,584.0,419.0,189.1555255698486,1726.0,1812.0,19.4,47.5,1.061
3.4,1421.0,15.8,1172.0,563.0,474.0,184.0,1513.0,1726.0,21.4,38.7,0.9724
2.0,1169.0,10.3,987.0,337.0,596.0,143.0,1285.0,1184.0,22.9,29.3,0.8077
1.9,1187.0,11.0,1014.0,272.0,578.0,133.0,1315.0,1131.0,24.2,26.5,0.7869
2.4,1171.0,11.9,1045.0,322.0,570.0,141.0,1291.0,1149.0,24.5,23.1,0.6968
2.4,1175.0,11.7,1040.0,362.0,582.0,153.0,1268.0,1185.0,23.1,22.8,0.6346
2.2,1216.0,12.0,1050.0,361.0,564.0,149.0,1311.0,1244.0,23.3,23.8,0.6738
2.5,1239.0,12.3,1062.0,431.0,558.0,159.0,1299.0,1380.0,23.2,23.3,0.6562
3.9,1463.0,23.2,1383.0,545.0,440.0,181.0,1636.0,1727.0,22.7,25.5,0.6944
6.2,1616.0,32.6,1610.0,732.597340105747,374.0,227.0,1909.0,2021.0,21.0,29.2,0.7192
7.2,1663.0,32.0,1597.0,793.7927204884178,366.0,230.0,1906.0,2159.0,19.5,35.6,0.7978
3.9,1445.0,18.8,1263.0,551.0,464.0,194.0,1500.0,1844.0,18.8,37.3,0.8031
2.4,1293.0,12.1,1052.0,393.0,536.0,172.0,1332.0,1593.0,17.7,39.7,0.799
2.3,1354.0,13.0,1084.0,369.0,502.0,158.0,1380.0,1651.0,16.7,45.2,0.8506
1.9,1251.0,9.9,973.0,314.0,559.0,144.0,1277.0,1482.0,15.9,47.0,0.8434
1.7,1222.0,8.1,902.0,294.0,590.0,133.0,1256.0,1384.0,15.1,50.2,0.8543
0.9,1044.0,3.8,702.0,165.0,746.0,109.0,1099.0,1101.0,15.3,49.2,0.8493
0.7,1006.0,3.1,659.0,143.0,791.0,94.0,1082.0,999.0,13.1,56.1,0.8416
0.5,953.0,2.0,583.0,93.0,889.0,73.0,1043.0,895.0,13.3,54.4,0.8287
0.4,959.0,2.2,598.0,111.0,878.0,76.0,1045.0,904.0,12.4,58.3,0.8364
0.4,949.0,2.3,607.0,105.0,884.0,74.0,1043.0,851.0,12.9,56.0,0.8292
0.7,1073.0,4.9,760.0,173.0,727.0,73.0,1128.0,1052.0,11.9,59.6,0.8294
3.1,1499.0,19.8,1291.0,541.0,444.0,107.0,1653.0,1609.0,13.4,55.1,0.8444
3.4,1404.0,15.0,1149.0,581.0,469.0,115.0,1523.0,1614.0,16.1,46.4,0.8436
3.5,1465.0,18.1,1241.0,591.0,434.0,132.0,1572.0,1774.0,17.9,42.2,0.8557
3.2,1474.0,15.3,1158.0,653.0,469.0,155.0,1476.0,1802.0,18.2,43.2,0.8926
3.2,1611.0,17.8,1233.0,690.0,413.0,140.0,1687.0,1741.0,16.0,67.9,1.2217
3.3,1590.0,17.3,1219.0,602.0,410.0,147.0,1677.0,1830.0,17.6,59.7,1.188
3.0,1422.0,14.1,1120.0,489.0,476.0,161.0,1525.0,1696.0,20.9,43.4,1.0618
2.0,1273.0,10.3,988.0,288.0,563.0,123.0,1387.0,1257.0,24.1,33.3,0.9881
2.3,1296.0,11.0,1014.0,323.0,543.0,142.0,1401.0,1305.0,22.9,35.2,0.9694
2.2,1247.0,10.3,989.0,301.0,557.0,143.0,1383.0,1183.0,22.2,36.2,0.956
2.7,1359.0,14.6,1135.0,335.0,505.0,153.0,1500.0,1347.0,21.3,37.8,0.9462
5.9,1726.0,30.8,1570.0,666.0979598315873,359.0,200.0,2021.0,1947.0,20.1,43.2,1.0051
6.334906001467965,1818.0,35.5,1675.0,749.7412749156518,330.0,200.42203731186436,2143.0,2129.0,18.8,49.1,1.0538
5.0,1667.0,24.2,1410.0,667.7777700725902,383.0,201.0,1818.0,1948.0,18.2,52.2,1.0795
4.0,1549.0,17.8,1233.0,590.0,424.0,175.0,1648.0,1804.0,17.4,57.3,1.1288
2.7,1385.0,11.9,1045.0,449.0,496.0,159.0,1462.0,1572.0,17.0,56.6,1.0902
2.0,1320.0,9.3,950.0,316.0,542.0,135.0,1428.0,1426.0,16.2,66.3,1.208
1.5,1205.0,6.3,828.0,239.0,622.0,128.0,1344.0,1170.0,15.3,73.3,1.2655
1.0,1099.0,4.0,709.0,165.0,727.0,109.0,1263.0,1000.0,15.2,73.3,1.2556
1.0,1106.0,4.1,715.0,152.0,714.0,101.0,1279.0,949.0,13.9,80.4,1.2694
0.9,1099.0,4.1,718.0,144.0,714.0,96.0,1300.0,905.0,13.6,82.8,1.2817
0.8,1042.0,3.3,671.0,126.0,754.0,87.0,1255.0,845.0,13.7,82.0,1.277
0.6,980.0,2.5,621.0,132.0,858.0,81.0,1190.0,692.0,13.7,78.0,1.2174
1.0,1138.0,5.4,782.0,228.0,705.0,100.0,1321.0,926.0,14.1,75.5,1.2065
3.2,1517.0,17.4,1222.0,580.0,437.0,146.0,1750.0,1470.0,14.8,73.6,1.2331
4.3,1537.0,22.9,1374.0,564.0,384.0,158.0,1941.0,1660.0,16.0,67.8,1.2276
2.7,1296.0,11.1,1017.0,369.0,526.0,136.0,1494.0,1360.0,18.4,59.2,1.2398
1.6,1255.0,9.5,958.0,260.0,579.0,117.0,1420.0,1215.0,20.4,50.5,1.1954
1.4,1367.0,13.6,1105.0,371.0,503.0,140.0,1578.0,1391.0,21.3,46.6,1.1628
2.3,1473.0,17.0,1210.0,513.0,462.0,169.0,1686.0,1521.0,20.4,49.8,1.1765
2.1,1422.0,15.8,1175.0,471.0,474.0,163.0,1647.0,1483.0,21.1,47.8,1.1813
1.4,1378.0,14.3,1125.0,378.0,502.0,144.0,1601.0,1380.0,21.5,47.8,1.206
3.4,1446.0,17.5,1224.0,445.0,471.0,153.0,1706.0,1450.0,21.7,47.4,1.2184
3.8,1473.0,17.8,1235.0,476.3796297498207,468.0,164.0,1702.0,1519.0,21.0,49.8,1.2208
4.9,1619.0,24.3,1411.0,576.13756245483,417.0,174.0,1908.0,1684.0,20.4,51.9,1.2261
5.7,1673.0,27.2,1484.0,654.1350049304918,397.0,196.0,2008.0,1812.0,19.4,56.3,1.25
4.882783614898171,1605.0,23.7,1397.0,604.0,420.0,189.0,1891.0,1710.0,18.8,58.3,1.2514
3.9,1460.0,16.7,1201.0,486.0,466.0,155.0,1685.0,1591.0,18.2,61.0,1.2634
3.1,1407.0,14.0,1117.0,402.0,486.0,137.0,1596.0,1521.0,17.7,63.3,1.2729
2.0,1286.0,10.1,982.0,268.0,550.0,117.0,1458.0,1353.0,17.7,63.5,1.27
2.5,1372.0,12.1,1054.0,350.0,504.0,128.0,1534.0,1463.0,17.1,66.9,1.2926
2.2,1312.0,10.5,995.0,312.0,527.0,124.0,1488.0,1447.0,16.8,69.0,1.3135
1.5,1205.0,7.2,867.0,243.0,601.0,108.0,1361.0,1294.0,16.6,70.0,1.3078
1.2,1167.0,6.4,829.0,202.0,622.0,89.0,1360.0,1172.0,16.1,71.3,1.2955
0.8,1126.0,5.3,779.0,139.0,663.0,84.0,1309.0,1103.0,16.3,69.8,1.2853
0.1,1121.0,4.9,757.0,156.0,672.0,83.0,1293.0,1113.0,16.1,70.0,1.2739
1.1,1135.0,5.7,797.0,175.0,651.0,80.0,1325.0,1109.0,16.1,69.5,1.2623
1.7,1248.0,9.0,939.0,281.0,565.0,93.0,1458.0,1229.0,16.5,68.1,1.2653
2.1,1325.0,10.9,1010.0,322.0,513.0,106.0,1522.0,1404.0,17.4,65.0,1.2775
2.3,1347.0,10.6,1000.0,369.0,510.0,115.0,1490.0,1450.0,18.4,60.2,1.2623
2.1,1317.0,9.3,952.0,366.0,541.0,124.0,1443.0,1393.0,19.1,57.5,1.2569
1.9,1243.0,8.3,912.0,301.0,579.0,113.0,1406.0,1227.0,21.2,48.4,1.2028
1.7,1169.0,6.6,841.0,232.0,623.0,104.0,1361.0,1040.0,22.3,43.9,1.1695
1.3,1085.0,5.1,769.0,156.0,711.0,85.0,1264.0,820.0,23.7,39.4,1.1366
1.3,1177.0,7.9,896.0,169.0,616.0,94.0,1374.0,1011.0,23.1,41.2,1.1523
1.6,1207.0,7.7,888.0,203.0,611.0,99.0,1382.0,1042.0,25.7,35.7,1.1626
2.2,1269.0,10.7,1005.0,260.0,553.0,112.0,1463.0,1136.0,24.3,38.4,1.1503
2.3,1205.0,10.5,996.0,289.0,559.0,122.0,1456.0,1101.0,21.9,45.1,1.1687
2.2,1218.0,10.9,1009.0,273.0,553.0,119.0,1486.0,1108.0,19.7,51.8,1.1779
2.0,1183.0,8.4,914.0,263.0,604.0,119.0,1387.0,1078.0,18.7,54.5,1.1644
2.3,1242.0,10.0,978.0,295.0,564.0,127.0,1449.0,1210.0,17.8,58.1,1.1742
2.4365136821129414,1263.0,10.3,990.0,303.0,553.0,126.0,1465.0,1270.0,17.3,60.8,1.1885
1.6,1139.0,7.2,865.0,209.0,625.0,111.0,1362.0,1119.0,16.5,63.8,1.1873
1.6,1166.0,6.4,829.0,200.0,632.0,102.0,1338.0,1133.0,16.3,65.2,1.1982
1.3,1079.0,4.3,727.0,174.0,724.0,93.0,1275.0,1010.0,16.5,63.8,1.1896
1.0,1008.0,3.3,669.0,115.0,791.0,78.0,1241.0,894.0,16.6,63.0,1.1784
1.0,1034.0,3.9,707.0,122.0,740.0,74.0,1267.0,930.0,16.2,64.3,1.1729
1.0,1001.0,3.4,675.0,105.0,778.0,68.0,1260.0,861.0,15.9,65.1,1.1654
0.8,977.0,2.3,605.0,102.0,852.0,68.0,1212.0,841.0,15.8,65.4,1.1629
0.7,986.0,2.3,602.0,96.0,878.0,61.0,1211.0,851.0,15.8,65.9,1.1792
1.1,1082.0,4.2,720.0,144.0,697.0,76.0,1297.0,960.0,15.6,67.7,1.1911
1.1,1068.0,3.6,688.0,152.0,725.0,78.0,1289.0,926.0,15.2,71.5,1.2228
1.1,1136.0,4.4,733.0,156.0,692.0,79.0,1344.0,901.0,14.5,80.8,1.3224
1.4,1184.0,4.6,743.0,208.0,672.0,90.0,1369.0,915.0,15.2,81.4,1.393
1.3,1179.0,4.5,738.0,174.0,680.0,89.0,1335.0,956.0,15.9,77.3,1.3838
1.5,1182.0,5.0,761.0,206.0,677.0,97.0,1338.0,1019.0,17.5,67.1,1.3342
1.3,1082.0,3.8,700.0,160.0,759.0,91.0,1286.0,842.0,18.1,62.8,1.2916
0.8,996.0,2.5,620.0,91.0,820.0,62.0,1238.0,612.0,18.6,62.1,1.3224
0.9,1024.0,2.7,630.0,106.0,862.0,66.0,1240.0,544.0,16.2,71.9,1.3171
1.4,1093.0,3.5,682.0,199.0,797.0,104.0,1256.0,638.0,15.4,75.2,1.3024
1.8,1170.0,4.9,756.0,299.0,713.0,126.0,1341.0,793.0,14.4,80.8,1.3182
1.6,1153.0,4.4,734.0,272.0,712.0,122.0,1324.0,811.0,13.8,83.5,1.3154
1.8,1220.0,5.7,796.0,285.0,652.0,121.0,1367.0,896.0,13.9,83.6,1.3208
2.1,1218.0,6.3,825.0,307.0,627.0,126.0,1393.0,978.0,14.2,82.3,1.3219
1.9,1172.0,6.0,810.0,237.0,637.0,115.0,1376.0,964.0,14.1,81.4,1.3046
1.7,1182.0,6.0,812.0,244.0,650.0,116.0,1368.0,993.0,14.4,79.0,1.2917
1.9,1160.0,5.6,794.0,284.0,658.0,120.0,1356.0,966.0,14.6,77.7,1.2834
1.6,1106.0,4.3,728.0,221.0,722.0,111.0,1309.0,885.0,14.4,78.6,1.2839
1.2,1031.0,3.0,652.0,173.0,803.0,101.0,1256.0,775.0,14.4,78.0,1.2741
1.0,1015.0,2.8,640.0,144.0,821.0,92.0,1247.0,738.0,14.1,79.1,1.2665
1.0,1003.0,2.7,635.0,117.0,829.0,78.0,1235.0,711.0,13.7,80.6,1.2528
0.8,951.0,2.0,583.0,89.0,905.0,63.0,1212.0,624.0,13.9,79.6,1.2616
0.6,938.0,1.9,575.0,97.0,955.0,63.0,1195.0,585.0,13.8,79.0,1.2425
0.6,933.0,1.9,574.0,95.0,937.0,63.0,1201.0,646.0,13.9,78.0,1.2346
1.0,1010.0,3.1,656.0,166.0,815.0,84.0,1260.0,809.0,14.1,77.8,1.2445
1.0,1025.0,3.4,675.0,160.0,798.0,89.0,1257.0,828.0,15.0,73.2,1.2413
1.3,1086.0,4.9,756.0,176.0,700.0,101.0,1308.0,894.0,16.4,67.3,1.2451
1.5,1111.0,5.2,773.0,216.0,690.0,115.0,1331.0,915.0,17.8,61.7,1.2436
1.6,1129.0,5.5,788.0,220.0,692.0,111.0,1305.0,920.0,20.8,50.4,1.2213
1.104571277301083,1097.0,4.2,721.0,183.0,746.0,96.0,1266.0,807.0,21.6,46.8,1.1959
1.4,1029.0,3.3,670.0,154.0,800.0,87.0,1223.0,678.0,23.1,41.3,1.1506
1.2,1071.0,4.8,752.0,132.0,736.0,81.0,1289.0,668.0,23.6,39.4,1.132
1.3,1053.0,4.2,721.0,140.0,764.0,85.0,1216.0,617.0,25.1,34.0,1.068
1.4,1055.0,3.7,693.0,186.0,789.0,98.0,1203.0,598.0,24.7,35.6,1.0882
1.6,1176.0,6.2,822.0,213.0,704.0,109.0,1294.0,778.0,24.2,38.1,1.1357
2.8,1293.0,9.7,965.0,376.0,589.0,150.0,1399.0,1062.0,22.7,42.4,1.154
3.7,1307.0,12.4,1063.0,508.0,554.0,175.0,1432.0,1224.0,19.6,47.8,1.0781
2.9,1163.0,9.4,954.0,388.0,600.0,157.0,1369.0,1118.0,17.6,54.4,1.0839
1.8,1103.0,7.1,861.0,250.0,660.0,130.0,1310.0,964.0,16.2,60.6,1.1089
1.6,1120.0,6.1,817.0,232.0,669.0,120.0,1310.0,1050.0,15.2,65.8,1.1288
1.7,1107.0,6.0,810.0,229.0,677.0,114.0,1311.0,1016.0,14.5,68.9,1.1298
1.5,1078.0,5.0,766.0,184.0,692.0,100.0,1269.0,998.0,14.3,68.5,1.1122
1.0,963.0,2.9,646.0,117.0,834.0,83.0,1181.0,846.0,14.7,66.4,1.1006
0.8,923.0,2.2,596.0,103.0,908.0,72.0,1148.0,762.0,13.4,70.4,1.0793
0.5,853.0,1.0,502.0,66.0,1117.0,51.0,1087.0,592.0,14.2,65.1,1.0495
0.5,921.0,1.9,575.0,95.0,956.0,58.0,1143.0,672.0,13.7,67.8,1.0575
1.0,1031.0,4.7,748.0,188.0,738.0,86.0,1245.0,890.0,12.9,71.8,1.0657
3.0,1371.0,16.0,1180.0,527.0,472.0,164.70037551786564,1632.0,1354.0,13.2,69.9,1.0543
5.1,1519.0,26.3,1461.0,623.0,370.0,140.0,2005.0,1648.0,14.4,65.8,1.0727
3.9647609771333263,1409.0,18.8,1262.0,606.0,434.0,146.0,1709.0,1566.0,15.3,63.3,1.092
3.3,1303.0,14.4,1128.0,460.0,489.0,152.0,1573.0,1541.0,17.7,55.6,1.112
2.4,1184.0,10.0,978.0,346.0,567.0,147.0,1425.0,1226.0,19.6,49.4,1.1176
2.4,1202.0,12.1,1052.0,296.0,519.0,134.0,1525.0,1126.0,18.1,58.3,1.2013
2.5,1197.0,11.7,1040.0,321.0,530.0,136.0,1519.0,1147.0,18.0,57.9,1.1826
2.3,1234.0,12.0,1049.0,312.0,523.0,142.0,1516.0,1190.0,18.6,55.0,1.1696
2.7,1247.0,12.3,1059.0,355.0,508.0,153.0,1550.0,1212.0,18.3,57.9,1.2047
2.7,1234.0,12.3,1060.0,349.0,509.0,153.0,1504.0,1251.0,18.3,54.8,1.1403
3.3,1339.0,16.7,1200.0,385.0,457.0,155.0,1671.0,1404.0,18.3,53.9,1.1252
3.9,1331.0,15.3,1160.0,456.0,474.0,181.0,1598.0,1419.0,18.5,54.6,1.1515
2.6,1251.0,13.4,1097.0,429.9575860372765,502.0,151.0,1541.0,1328.0,17.1,61.5,1.191
3.2,1267.0,13.5,1102.0,402.0,498.0,159.0,1545.0,1378.0,16.4,62.5,1.1531
2.280847871935057,1145.0,9.0,938.0,340.0,591.0,151.0,1376.0,1159.0,15.2,64.2,1.0983
1.4,1010.0,4.8,752.0,206.0,740.0,127.0,1218.0,932.0,14.6,67.3,1.1102
1.1,1025.0,5.0,761.0,158.0,745.0,107.0,1237.0,942.0,13.5,70.8,1.0928
1.2,1024.0,4.9,759.0,178.0,721.0,101.0,1224.0,944.0,13.0,71.9,1.0697
0.9,938.0,3.4,679.0,118.0,829.0,80.0,1144.0,798.0,13.0,70.2,1.0457
0.7,905.0,2.4,615.0,95.0,885.0,68.0,1104.0,776.0,11.6,74.9,1.0224
0.5,826.0,1.1,512.0,84.0,1108.0,61.0,1043.0,636.0,12.5,67.4,0.9722
0.4,879.0,1.4,539.0,82.0,1045.0,56.0,1073.0,678.0,11.5,71.5,0.9684
0.5,901.0,2.1,589.0,122.0,933.0,70.0,1109.0,754.0,10.2,77.9,0.9692
0.8,948.0,3.8,702.0,146.0,801.0,78.0,1164.0,818.0,11.0,73.1,0.9554
2.3,1250.0,12.6,1069.0,397.0,532.0,106.0,1457.0,1202.0,10.7,73.6,0.9439
2.9,1263.0,14.7,1138.0,371.0,503.0,117.0,1533.0,1296.0,12.1,67.3,0.9499
3.3292725744213634,1319.0,15.5,1164.0,454.0,489.0,144.0,1543.0,1418.0,15.1,58.6,0.9982
2.7,1202.0,12.1,1055.0,433.0,534.0,158.0,1458.0,1293.0,18.6,49.5,1.052
1.8,1109.0,7.9,896.0,287.0,629.0,137.0,1308.0,1027.0,20.9,42.5,1.037
1.9,1136.0,9.6,962.0,265.0,594.0,130.0,1350.0,1052.0,23.6,34.8,0.9986
1.8,1082.0,8.3,910.0,225.0,629.0,125.0,1301.0,875.0,25.6,28.5,0.9199
1.8,1070.0,9.2,947.0,210.0,609.0,124.0,1292.0,815.0,26.1,26.3,0.875
1.8,1070.0,8.4,917.0,215.0,633.0,125.0,1252.0,760.0,26.6,24.9,0.8525
1.7,1123.0,9.2,945.0,227.0,623.0,135.0,1303.0,856.0,25.1,28.5,0.8932
3.2,1271.0,16.1,1183.0,403.0,493.0,179.0,1498.0,1258.0,24.1,32.1,0.9504
3.4,1304.0,17.1,1212.0,444.0,476.0,173.7713379779228,1585.0,1383.0,21.5,39.1,0.9914
4.2,1360.0,19.9,1295.0,475.0,451.0,193.0,1639.0,1518.0,19.3,46.2,1.023
3.5,1278.0,14.9,1147.0,549.3128424893368,505.0,185.0,1536.0,1890.0,18.2,52.6,1.0911
2.0,1130.0,8.8,933.0,254.0,608.0,147.0,1373.0,1389.0,16.8,58.2,1.1022
1.4,1066.0,5.8,802.0,172.0,689.0,117.0,1282.0,1090.0,16.0,61.9,1.115
1.5,1090.0,6.6,841.0,174.0,661.0,112.0,1317.0,1092.0,15.3,65.4,1.126
1.2,1013.0,4.8,754.0,146.0,729.0,101.0,1245.0,954.0,14.5,67.8,1.1171
1.1,998.0,4.1,718.0,134.0,757.0,93.0,1230.0,951.0,14.2,68.6,1.1068
0.7,923.0,2.5,616.0,83.0,874.0,64.0,1169.0,790.0,13.9,68.7,1.0892
0.6,904.0,1.7,565.0,81.0,942.0,61.0,1144.0,752.0,13.1,72.5,1.0911
0.5,884.0,1.6,556.0,73.0,965.0,54.0,1135.0,708.0,12.9,72.7,1.076
0.6,936.0,2.6,628.0,104.0,876.0,64.0,1173.0,782.0,12.3,74.2,1.0583
0.9,1068.0,6.1,816.0,191.0,681.0,80.0,1264.0,1011.0,12.6,71.5,1.038
4.0,1531.0,23.6,1394.0,574.8763857345149,407.0,133.0,1860.0,1683.0,12.7,69.6,1.0206
4.1,1184.0,10.9,1012.0,547.0,567.0,170.0,1397.0,1341.0,16.8,51.6,0.9818
1.9,1064.0,6.8,848.0,275.0,692.0,139.0,1212.0,1014.0,20.3,40.1,0.9439
1.3,996.0,4.9,759.0,200.0,773.0,124.0,1119.0,751.0,21.0,37.3,0.9139
1.0152667404209248,984.0,4.2,724.0,185.0,810.0,118.0,1088.0,630.0,21.0,36.9,0.9089
1.2,980.0,4.3,728.0,164.0,808.0,108.0,1098.0,565.0,22.8,33.0,0.904
1.2,970.0,4.0,710.0,150.0,833.0,100.0,1094.0,535.0,24.0,30.3,0.8925
0.9,940.0,3.1,656.0,134.0,913.0,91.0,1052.0,471.0,22.6,33.2,0.9007
1.0,963.0,3.7,691.0,128.0,857.0,89.0,1075.0,512.0,22.5,32.9,0.8846
1.1,961.0,3.8,702.0,150.0,849.0,102.0,1070.0,527.0,21.5,33.8,0.8575
1.5,1067.0,6.5,836.0,171.0,713.0,114.0,1206.0,690.0,21.4,36.4,0.9172
2.1,1084.0,7.2,866.0,204.0,682.0,124.0,1219.0,778.0,20.0,38.9,0.8974
2.1,1102.0,8.3,912.0,215.0,647.0,136.0,1287.0,872.0,17.8,45.2,0.9123
1.5,976.0,4.4,731.0,156.0,787.0,118.0,1095.0,622.0,16.3,47.3,0.8686
1.0,895.0,2.3,607.0,114.0,944.0,93.0,1012.0,512.0,16.3,44.8,0.8244
0.8,886.0,1.8,568.0,81.0,1015.0,72.0,992.0,438.0,15.6,47.1,0.8273
0.8,886.0,2.1,589.0,83.0,975.0,69.0,1001.0,443.0,15.1,47.6,0.8139
0.7,848.0,1.5,541.0,69.0,1067.0,61.0,937.0,392.0,15.1,44.5,0.7569
0.6,818.0,1.0,497.0,53.0,1198.0,50.0,885.0,347.0,14.6,43.0,0.7108
0.5,848.0,1.1,509.0,36.0,1126.0,35.0,882.0,341.0,14.5,43.7,0.7163
0.5,826.0,0.9,488.0,30.0,1187.0,29.0,895.0,322.0,13.6,46.7,0.7245
0.5,868.0,1.4,535.0,88.0,1136.0,66.0,944.0,395.0,13.5,50.6,0.7783
0.6,901.0,2.0,586.0,135.0,993.0,89.0,979.0,510.0,13.7,47.4,0.7412
1.5,1044.0,6.7,845.0,280.0,710.0,150.0,1158.0,909.0,13.7,45.9,0.7154
1.9,1030.0,6.3,828.0,313.0,705.0,150.0,1130.0,869.0,16.1,41.0,0.7435
1.3,965.0,4.3,730.0,205.0,799.0,127.0,1038.0,652.0,16.1,41.5,0.7559
1.0,948.0,3.5,684.0,180.0,851.0,120.0,1011.0,599.0,16.5,40.8,0.757
1.0,939.0,3.6,687.0,197.0,870.0,123.0,981.0,550.0,18.9,33.8,0.7312
1.1,925.0,4.0,713.0,172.0,853.0,115.0,957.0,518.0,19.2,29.5,0.648
1.3,924.0,4.5,739.0,184.0,834.0,122.0,966.0,541.0,19.9,26.3,0.6054
1.0,891.0,3.3,669.0,160.0,923.0,111.0,911.0,456.0,19.2,27.0,0.5934
1.1,897.0,3.6,687.0,176.0,908.0,119.0,916.0,467.0,19.4,25.3,0.5625
1.4,939.0,4.3,726.0,219.0,890.0,137.0,955.0,508.0,18.9,26.2,0.5667
1.5,943.0,5.1,770.0,222.0,856.0,147.0,959.0,583.0,19.3,24.7,0.5483
1.6,928.0,5.5,790.0,231.0,812.0,154.0,951.0,609.0,17.1,25.3,0.4881
2.2,961.0,7.4,874.0,248.0,747.0,160.0,1003.0,757.0,15.6,26.2,0.4604
1.4,867.0,3.7,694.0,183.0,906.0,134.0,858.0,539.0,13.8,30.6,0.479
0.9,823.0,1.9,579.0,144.0,1070.0,110.0,778.0,420.0,13.1,31.7,0.4756
0.8,835.0,2.1,593.0,132.0,1072.0,99.0,793.0,408.0,13.2,31.8,0.4798
1.1,893.0,3.4,675.0,180.0,955.0,127.0,853.0,560.0,13.6,30.8,0.4779
1.5,965.0,5.8,803.0,280.0,802.0,174.0,951.0,889.0,13.1,32.0,0.4817
1.1,838.0,1.9,580.0,167.0,1055.0,127.0,791.0,516.0,12.7,33.6,0.4902
0.6,835.0,1.5,546.0,102.0,1111.0,81.0,768.0,391.0,12.2,35.6,0.5038
0.5,820.0,1.4,536.0,92.0,1137.0,70.0,777.0,374.0,11.9,35.6,0.4945
0.4,815.0,0.9,488.0,63.0,1223.0,49.0,742.0,326.0,11.2,38.3,0.5099
0.4,842.0,1.4,535.0,59.0,1140.0,44.0,805.0,352.0,11.0,40.5,0.5316
0.6,884.0,2.0,587.0,163.0,999.0,107.0,863.0,566.0,10.7,42.8,0.5489
0.9,922.0,3.1,658.0,227.0,898.0,141.0,922.0,706.0,11.1,43.3,0.572
0.9,903.0,2.5,618.0,183.0,933.0,121.0,899.0,575.0,14.2,36.9,0.5939
0.8,899.0,2.7,631.0,145.0,955.0,103.0,884.0,505.0,15.6,33.3,0.5861
1.0,890.0,2.7,634.0,150.0,952.0,102.0,856.0,471.0,16.3,30.0,0.5514
0.8,877.0,2.7,632.0,138.0,993.0,95.0,834.0,421.0,17.0,26.1,0.5036
0.8,867.0,2.4,613.0,134.0,1019.0,93.0,817.0,389.0,19.3,22.3,0.495
1.0,892.0,2.4,614.0,137.0,986.0,95.0,843.0,408.0,20.5,21.9,0.5215
0.8,889.0,2.3,603.0,112.0,1022.0,80.0,853.0,382.0,22.0,20.2,0.5274
0.8,900.0,2.5,622.0,112.0,1008.0,81.0,861.0,387.0,21.7,20.9,0.5367
0.9,910.0,2.9,644.0,149.0,971.0,106.0,873.0,428.0,21.6,20.8,0.5292
1.1,947.0,3.5,682.0,159.0,906.0,113.0,928.0,488.0,21.0,22.3,0.5468
1.1,947.0,4.0,708.0,161.0,858.0,117.0,958.0,556.0,18.6,26.6,0.5631
1.2,936.0,3.5,685.0,171.0,866.0,124.0,942.0,568.0,15.5,33.9,0.5957
1.1,925.0,2.9,645.0,167.0,904.0,122.0,930.0,546.0,14.3,38.0,0.6162
0.8,885.0,1.8,567.0,116.0,1021.0,87.0,872.0,428.0,13.5,39.4,0.6089
0.7,891.0,1.8,567.0,105.0,1031.0,79.0,881.0,418.0,13.1,41.3,0.6184
0.7,904.0,2.1,593.0,125.0,1012.0,93.0,894.0,472.0,13.5,37.8,0.5815
0.8,929.0,2.5,617.0,140.0,953.0,102.0,898.0,544.0,13.5,37.4,0.5745
0.8,951.0,2.8,642.0,109.0,895.0,86.0,929.0,666.0,12.7,40.8,0.5977
0.7,938.0,2.7,631.0,99.0,882.0,77.0,931.0,679.0,12.0,44.2,0.6177
0.8,921.0,2.8,642.0,120.0,861.0,88.0,948.0,768.0,10.5,48.7,0.6164
0.5,850.0,2.0,583.0,83.0,955.0,64.0,914.0,589.0,10.1,49.7,0.6122
0.3,811.0,1.0,494.0,60.0,1118.0,46.0,872.0,470.0,9.6,51.0,0.6082
0.4,848.0,1.3,530.0,75.0,1072.0,55.0,901.0,523.0,9.1,52.4,0.6074
0.6,882.0,1.7,563.0,127.0,978.0,84.0,936.0,660.0,8.9,52.7,0.6034
0.7,936.0,2.4,611.0,134.0,911.0,89.0,949.0,741.0,13.5,40.0,0.6168
1.2,1022.0,4.1,715.0,192.0,806.0,118.0,1004.0,831.0,17.8,30.7,0.6205
1.4,970.0,3.4,677.0,166.0,888.0,113.0,931.0,613.0,21.1,23.7,0.5875
1.3,1000.0,5.3,779.0,171.0,805.0,115.0,1001.0,640.0,24.0,19.3,0.5673
1.4,996.0,5.3,781.0,177.0,806.0,124.0,985.0,631.0,26.5,16.4,0.5594
1.0,928.0,3.8,701.0,119.0,926.0,86.0,902.0,456.0,28.7,13.7,0.5302
0.519322461218357,933.0,4.2,722.0,121.0,899.0,87.0,890.0,450.0,28.5,13.1,0.5002
1.1,956.0,5.4,783.0,142.0,857.0,100.0,896.0,516.0,30.0,11.1,0.4624
1.3,968.0,6.3,826.0,197.0,867.0,132.0,898.0,548.0,29.4,10.4,0.4192
1.4,953.0,6.1,817.0,242.0,872.0,156.0,891.0,603.0,28.9,9.9,0.3866
1.2,1015.0,4.6,743.0,190.0,851.0,138.0,981.0,597.0,22.8,21.7,0.5945
2.7,1248.0,11.1,1018.0,367.0,599.0,181.0,1289.0,1167.0,19.9,33.0,0.7608
2.5,1180.0,7.9,894.0,355.0,636.0,164.58731116224038,1200.0,1372.0,17.5,40.7,0.8073
1.5,1102.0,6.0,812.0,235.0,693.0,158.0,1178.0,1042.0,16.4,46.6,0.8642
1.6,1116.0,5.8,803.0,233.0,696.0,153.0,1173.0,1055.0,15.5,49.0,0.8579
1.2,1100.0,5.1,769.0,170.0,722.0,128.0,1147.0,1049.0,14.3,52.5,0.8497
0.9,1012.0,3.5,683.0,117.0,801.0,93.0,1073.0,816.0,14.2,51.4,0.8275
0.6,944.0,1.9,579.0,70.0,925.0,58.0,1002.0,598.0,13.8,51.2,0.8058
0.5,912.0,1.5,544.0,69.0,959.0,55.0,1002.0,573.0,12.1,56.3,0.7927
0.4,887.0,1.1,508.0,62.0,1047.0,51.0,974.0,549.0,11.3,58.9,0.7888
0.5,888.0,1.3,528.0,77.0,1077.0,53.0,987.0,578.0,10.4,59.9,0.755
1.1,1031.0,4.4,730.0,182.0,760.0,93.0,1129.0,905.0,9.5,63.1,0.7531
4.0,1384.0,17.4,1221.0,594.0,470.0,155.0,1600.0,1457.0,9.7,61.9,0.7446
5.0,1446.0,22.4,1362.0,586.0,415.0,174.0,1777.0,1705.0,13.5,48.9,0.7553
3.9,1297.0,13.6,1102.0,523.0,507.0,187.0,1375.0,1583.0,18.2,36.3,0.7487
3.1,1314.0,13.5,1101.0,472.0,539.0,190.0,1374.0,1729.0,21.9,29.3,0.7568
2.4,1163.0,11.4,1027.0,353.0,604.0,179.0,1264.0,1269.0,24.3,23.7,0.7119
2.4,1142.0,12.4,1063.0,293.0,603.0,175.0,1241.0,1092.0,26.9,18.3,0.6406
2.1,1003.0,9.5,961.0,235.0,702.0,156.0,1041.0,770.0,28.3,13.5,0.5139
2.2,1071.0,11.9,1047.0,265.0,654.0,168.0,1129.0,816.0,28.5,13.1,0.5028
