{
  "n": 50.0,
  "latency_ms_mean": 1078.9897865999997,
  "latency_ms_std": 269.60752965691944,
  "latency_ms_min": 457.99650000000014,
  "latency_ms_max": 1731.1348339999988,
  "latency_ms_p50": 1056.2706249999997,
  "latency_ms_p95": 1528.5045435999996,
  "latency_ms_cv": 0.2498703259337409,
  "throughput_req_per_s": 0.9267614965110575,
  "accuracy_mean": 0.8,
  "accuracy_count": "40/50",
  "avg_rouge1_f": 0.2861251282985762,
  "avg_rouge1_p": 0.2803734455213368,
  "avg_rouge1_r": 0.30402081094260863,
  "avg_rouge2_f": 0.08202777946076177,
  "avg_rouge2_p": 0.08164807211506518,
  "avg_rouge2_r": 0.08676107298501179,
  "avg_rougeL_f": 0.21985540647424415,
  "avg_rougeL_p": 0.21531327580240525,
  "avg_rougeL_r": 0.2339489193584664,
  "total_input_tokens": 13151,
  "total_output_tokens": 1457,
  "total_tokens": 14608,
  "electricity_kwh": 0.0007493237980416667,
  "electricity_cost_usd": 0.00022479713941249999,
  "hardware_amortization_usd": 0.002497745993472222,
  "total_compute_cost_usd": 0.002722543132884722,
  "memory_mb_initial": 130.25,
  "memory_mb_peak": 130.484375,
  "memory_mb_avg": 122.29600694444444,
  "cpu_percent_avg": 1.8435185185185188
}