{
  "n": 50.0,
  "latency_ms_mean": 370.9957374600002,
  "latency_ms_std": 140.02372528132148,
  "latency_ms_min": 178.0360830000003,
  "latency_ms_max": 619.8138749999993,
  "latency_ms_p50": 277.8730835000003,
  "latency_ms_p95": 585.375608550001,
  "latency_ms_cv": 0.3774267764907096,
  "throughput_req_per_s": 2.695202899995197,
  "accuracy_mean": 0.4,
  "accuracy_count": "20/50",
  "total_input_tokens": 4839,
  "total_output_tokens": 440,
  "total_tokens": 5279,
  "electricity_kwh": 0.00025765943055555554,
  "electricity_cost_usd": 7.729782916666666e-05,
  "hardware_amortization_usd": 0.0008588647685185184,
  "total_compute_cost_usd": 0.0009361625976851851,
  "memory_mb_initial": 130.28125,
  "memory_mb_peak": 130.40625,
  "memory_mb_avg": 115.91258445945945,
  "cpu_percent_avg": 3.7
}