{
  "n": 50.0,
  "latency_ms_mean": 3630.460087440001,
  "latency_ms_std": 1133.359120352675,
  "latency_ms_min": 2026.655332999999,
  "latency_ms_max": 6853.635499999996,
  "latency_ms_p50": 3423.263146000004,
  "latency_ms_p95": 5770.851210049995,
  "latency_ms_cv": 0.3121805757550297,
  "throughput_req_per_s": 0.2753748703649921,
  "accuracy_mean": 0.88,
  "accuracy_count": "44/50",
  "total_input_tokens": 4168,
  "total_output_tokens": 13168,
  "total_tokens": 17336,
  "api_cost_usd": 0.022736,
  "electricity_kwh": 0.0025218148755694445,
  "electricity_cost_usd": 0.0007565444626708333,
  "hardware_amortization_usd": 0.00840604958523148,
  "total_compute_cost_usd": 0.009162594047902314,
  "memory_mb_initial": 158.296875,
  "memory_mb_peak": 176.984375,
  "memory_mb_avg": 176.78553497229916,
  "cpu_percent_avg": 5.488919667590025
}